Copyright 1986-2022 Xilinx, Inc. All Rights Reserved.
---------------------------------------------------------------------------------------------------------------------------------------------------------------------------------------------------------------------------------
| Tool Version : Vivado v.2022.1 (win64) Build 3526262 Mon Apr 18 15:48:16 MDT 2022
| Date         : Sat Sep 26 05:44:30 2026
| Host         : ndrswcy running 64-bit major release  (build 9200)
| Command      : report_timing_summary -max_paths 10 -report_unconstrained -file bd_0_wrapper_timing_summary_routed.rpt -pb bd_0_wrapper_timing_summary_routed.pb -rpx bd_0_wrapper_timing_summary_routed.rpx -warn_on_violation
| Design       : bd_0_wrapper
| Device       : 7z020-clg400
| Speed File   : -1  PRODUCTION 1.12 2019-11-22
---------------------------------------------------------------------------------------------------------------------------------------------------------------------------------------------------------------------------------

Timing Summary Report

------------------------------------------------------------------------------------------------
| Timer Settings
| --------------
------------------------------------------------------------------------------------------------

  Enable Multi Corner Analysis               :  Yes
  Enable Pessimism Removal                   :  Yes
  Pessimism Removal Resolution               :  Nearest Common Node
  Enable Input Delay Default Clock           :  No
  Enable Preset / Clear Arcs                 :  No
  Disable Flight Delays                      :  No
  Ignore I/O Paths                           :  No
  Timing Early Launch at Borrowing Latches   :  No
  Borrow Time for Max Delay Exceptions       :  Yes
  Merge Timing Exceptions                    :  Yes

  Corner  Analyze    Analyze    
  Name    Max Paths  Min Paths  
  ------  ---------  ---------  
  Slow    Yes        Yes        
  Fast    Yes        Yes        


------------------------------------------------------------------------------------------------
| Report Methodology
| ------------------
------------------------------------------------------------------------------------------------

Rule       Severity  Description                    Violations  
---------  --------  -----------------------------  ----------  
TIMING-18  Warning   Missing input or output delay  105         

Note: This report is based on the most recent report_methodology run and may not be up-to-date. Run report_methodology on the current design for the latest report.



check_timing report

Table of Contents
-----------------
1. checking no_clock (0)
2. checking constant_clock (0)
3. checking pulse_width_clock (0)
4. checking unconstrained_internal_endpoints (0)
5. checking no_input_delay (69)
6. checking no_output_delay (36)
7. checking multiple_clock (0)
8. checking generated_clocks (0)
9. checking loops (0)
10. checking partial_input_delay (0)
11. checking partial_output_delay (0)
12. checking latch_loops (0)

1. checking no_clock (0)
------------------------
 There are 0 register/latch pins with no clock.


2. checking constant_clock (0)
------------------------------
 There are 0 register/latch pins with constant_clock.


3. checking pulse_width_clock (0)
---------------------------------
 There are 0 register/latch pins which need pulse_width check


4. checking unconstrained_internal_endpoints (0)
------------------------------------------------
 There are 0 pins that are not constrained for maximum delay.

 There are 0 pins that are not constrained for maximum delay due to constant clock.


5. checking no_input_delay (69)
-------------------------------
 There are 69 input ports with no input delay specified. (HIGH)

 There are 0 input ports with no input delay but user has a false path constraint.


6. checking no_output_delay (36)
--------------------------------
 There are 36 ports with no output delay specified. (HIGH)

 There are 0 ports with no output delay but user has a false path constraint

 There are 0 ports with no output delay but with a timing clock defined on it or propagating through it


7. checking multiple_clock (0)
------------------------------
 There are 0 register/latch pins with multiple clocks.


8. checking generated_clocks (0)
--------------------------------
 There are 0 generated clocks that are not connected to a clock source.


9. checking loops (0)
---------------------
 There are 0 combinational loops in the design.


10. checking partial_input_delay (0)
------------------------------------
 There are 0 input ports with partial input delay specified.


11. checking partial_output_delay (0)
-------------------------------------
 There are 0 ports with partial output delay specified.


12. checking latch_loops (0)
----------------------------
 There are 0 combinational latch loops in the design through latch input



------------------------------------------------------------------------------------------------
| Design Timing Summary
| ---------------------
------------------------------------------------------------------------------------------------

    WNS(ns)      TNS(ns)  TNS Failing Endpoints  TNS Total Endpoints      WHS(ns)      THS(ns)  THS Failing Endpoints  THS Total Endpoints     WPWS(ns)     TPWS(ns)  TPWS Failing Endpoints  TPWS Total Endpoints  
    -------      -------  ---------------------  -------------------      -------      -------  ---------------------  -------------------     --------     --------  ----------------------  --------------------  
      4.043        0.000                      0                 1302        0.097        0.000                      0                 1302        4.500        0.000                       0                   530  


All user specified timing constraints are met.


------------------------------------------------------------------------------------------------
| Clock Summary
| -------------
------------------------------------------------------------------------------------------------

Clock   Waveform(ns)       Period(ns)      Frequency(MHz)
-----   ------------       ----------      --------------
ap_clk  {0.000 5.000}      10.000          100.000         


------------------------------------------------------------------------------------------------
| Intra Clock Table
| -----------------
------------------------------------------------------------------------------------------------

Clock             WNS(ns)      TNS(ns)  TNS Failing Endpoints  TNS Total Endpoints      WHS(ns)      THS(ns)  THS Failing Endpoints  THS Total Endpoints     WPWS(ns)     TPWS(ns)  TPWS Failing Endpoints  TPWS Total Endpoints  
-----             -------      -------  ---------------------  -------------------      -------      -------  ---------------------  -------------------     --------     --------  ----------------------  --------------------  
ap_clk              4.043        0.000                      0                 1302        0.097        0.000                      0                 1302        4.500        0.000                       0                   530  


------------------------------------------------------------------------------------------------
| Inter Clock Table
| -----------------
------------------------------------------------------------------------------------------------

From Clock    To Clock          WNS(ns)      TNS(ns)  TNS Failing Endpoints  TNS Total Endpoints      WHS(ns)      THS(ns)  THS Failing Endpoints  THS Total Endpoints  
----------    --------          -------      -------  ---------------------  -------------------      -------      -------  ---------------------  -------------------  


------------------------------------------------------------------------------------------------
| Other Path Groups Table
| -----------------------
------------------------------------------------------------------------------------------------

Path Group    From Clock    To Clock          WNS(ns)      TNS(ns)  TNS Failing Endpoints  TNS Total Endpoints      WHS(ns)      THS(ns)  THS Failing Endpoints  THS Total Endpoints  
----------    ----------    --------          -------      -------  ---------------------  -------------------      -------      -------  ---------------------  -------------------  


------------------------------------------------------------------------------------------------
| User Ignored Path Table
| -----------------------
------------------------------------------------------------------------------------------------

Path Group    From Clock    To Clock    
----------    ----------    --------    


------------------------------------------------------------------------------------------------
| Unconstrained Path Table
| ------------------------
------------------------------------------------------------------------------------------------

Path Group    From Clock    To Clock    
----------    ----------    --------    
(none)        ap_clk                      
(none)                      ap_clk        


------------------------------------------------------------------------------------------------
| Timing Details
| --------------
------------------------------------------------------------------------------------------------


---------------------------------------------------------------------------------------------------
From Clock:  ap_clk
  To Clock:  ap_clk

Setup :            0  Failing Endpoints,  Worst Slack        4.043ns,  Total Violation        0.000ns
Hold  :            0  Failing Endpoints,  Worst Slack        0.097ns,  Total Violation        0.000ns
PW    :            0  Failing Endpoints,  Worst Slack        4.500ns,  Total Violation        0.000ns
---------------------------------------------------------------------------------------------------


Max Delay Paths
--------------------------------------------------------------------------------------
Slack (MET) :             4.043ns  (required time - arrival time)
  Source:                 bd_0_i/hls_inst/inst/regslice_both_real_r_V_data_V_U/B_V_data_1_sel_rd_reg/C
                            (rising edge-triggered cell FDRE clocked by ap_clk  {rise@0.000ns fall@5.000ns period=10.000ns})
  Destination:            bd_0_i/hls_inst/inst/mul_32s_32s_54_2_1_U2/dout_reg/A[20]
                            (rising edge-triggered cell DSP48E1 clocked by ap_clk  {rise@0.000ns fall@5.000ns period=10.000ns})
  Path Group:             ap_clk
  Path Type:              Setup (Max at Slow Process Corner)
  Requirement:            10.000ns  (ap_clk rise@10.000ns - ap_clk rise@0.000ns)
  Data Path Delay:        5.329ns  (logic 2.189ns (41.075%)  route 3.140ns (58.925%))
  Logic Levels:           9  (CARRY4=8 LUT4=1)
  Clock Path Skew:        -0.049ns (DCD - SCD + CPR)
    Destination Clock Delay (DCD):    0.924ns = ( 10.924 - 10.000 ) 
    Source Clock Delay      (SCD):    0.973ns
    Clock Pessimism Removal (CPR):    0.000ns
  Clock Uncertainty:      0.035ns  ((TSJ^2 + TIJ^2)^1/2 + DJ) / 2 + PE
    Total System Jitter     (TSJ):    0.071ns
    Total Input Jitter      (TIJ):    0.000ns
    Discrete Jitter          (DJ):    0.000ns
    Phase Error              (PE):    0.000ns

    Location             Delay type                Incr(ns)  Path(ns)    Netlist Resource(s)
  -------------------------------------------------------------------    -------------------
                         (clock ap_clk rise edge)     0.000     0.000 r  
                                                      0.000     0.000 r  ap_clk (IN)
                         net (fo=533, unset)          0.973     0.973    bd_0_i/hls_inst/inst/regslice_both_real_r_V_data_V_U/ap_clk
    SLICE_X38Y76         FDRE                                         r  bd_0_i/hls_inst/inst/regslice_both_real_r_V_data_V_U/B_V_data_1_sel_rd_reg/C
  -------------------------------------------------------------------    -------------------
    SLICE_X38Y76         FDRE (Prop_fdre_C_Q)         0.518     1.491 r  bd_0_i/hls_inst/inst/regslice_both_real_r_V_data_V_U/B_V_data_1_sel_rd_reg/Q
                         net (fo=96, routed)          1.847     3.338    bd_0_i/hls_inst/inst/regslice_both_real_r_V_data_V_U/B_V_data_1_sel
    SLICE_X37Y69         LUT4 (Prop_lut4_I0_O)        0.124     3.462 r  bd_0_i/hls_inst/inst/regslice_both_real_r_V_data_V_U/tmp_product__0_i_35/O
                         net (fo=1, routed)           0.000     3.462    bd_0_i/hls_inst/inst/regslice_both_real_r_V_data_V_U/tmp_product__0_i_35_n_0
    SLICE_X37Y69         CARRY4 (Prop_carry4_S[1]_CO[3])
                                                      0.550     4.012 r  bd_0_i/hls_inst/inst/regslice_both_real_r_V_data_V_U/tmp_product__0_i_4/CO[3]
                         net (fo=1, routed)           0.000     4.012    bd_0_i/hls_inst/inst/regslice_both_real_r_V_data_V_U/tmp_product__0_i_4_n_0
    SLICE_X37Y70         CARRY4 (Prop_carry4_CI_CO[3])
                                                      0.114     4.126 r  bd_0_i/hls_inst/inst/regslice_both_real_r_V_data_V_U/tmp_product__0_i_3/CO[3]
                         net (fo=1, routed)           0.000     4.126    bd_0_i/hls_inst/inst/regslice_both_real_r_V_data_V_U/tmp_product__0_i_3_n_0
    SLICE_X37Y71         CARRY4 (Prop_carry4_CI_CO[3])
                                                      0.114     4.240 r  bd_0_i/hls_inst/inst/regslice_both_real_r_V_data_V_U/tmp_product__0_i_2/CO[3]
                         net (fo=1, routed)           0.000     4.240    bd_0_i/hls_inst/inst/regslice_both_real_r_V_data_V_U/tmp_product__0_i_2_n_0
    SLICE_X37Y72         CARRY4 (Prop_carry4_CI_CO[3])
                                                      0.114     4.354 r  bd_0_i/hls_inst/inst/regslice_both_real_r_V_data_V_U/tmp_product__0_i_1/CO[3]
                         net (fo=1, routed)           0.000     4.354    bd_0_i/hls_inst/inst/regslice_both_real_r_V_data_V_U/tmp_product__0_i_1_n_0
    SLICE_X37Y73         CARRY4 (Prop_carry4_CI_CO[3])
                                                      0.114     4.468 r  bd_0_i/hls_inst/inst/regslice_both_real_r_V_data_V_U/tmp_product_i_4/CO[3]
                         net (fo=1, routed)           0.000     4.468    bd_0_i/hls_inst/inst/regslice_both_real_r_V_data_V_U/tmp_product_i_4_n_0
    SLICE_X37Y74         CARRY4 (Prop_carry4_CI_CO[3])
                                                      0.114     4.582 r  bd_0_i/hls_inst/inst/regslice_both_real_r_V_data_V_U/tmp_product_i_3/CO[3]
                         net (fo=1, routed)           0.009     4.591    bd_0_i/hls_inst/inst/regslice_both_real_r_V_data_V_U/tmp_product_i_3_n_0
    SLICE_X37Y75         CARRY4 (Prop_carry4_CI_CO[3])
                                                      0.114     4.705 r  bd_0_i/hls_inst/inst/regslice_both_real_r_V_data_V_U/tmp_product_i_2/CO[3]
                         net (fo=1, routed)           0.000     4.705    bd_0_i/hls_inst/inst/regslice_both_real_r_V_data_V_U/tmp_product_i_2_n_0
    SLICE_X37Y76         CARRY4 (Prop_carry4_CI_O[3])
                                                      0.313     5.018 r  bd_0_i/hls_inst/inst/regslice_both_real_r_V_data_V_U/tmp_product_i_1/O[3]
                         net (fo=20, routed)          1.285     6.302    bd_0_i/hls_inst/inst/mul_32s_32s_54_2_1_U2/O49[31]
    DSP48_X2Y29          DSP48E1                                      r  bd_0_i/hls_inst/inst/mul_32s_32s_54_2_1_U2/dout_reg/A[20]
  -------------------------------------------------------------------    -------------------

                         (clock ap_clk rise edge)    10.000    10.000 r  
                                                      0.000    10.000 r  ap_clk (IN)
                         net (fo=533, unset)          0.924    10.924    bd_0_i/hls_inst/inst/mul_32s_32s_54_2_1_U2/ap_clk
    DSP48_X2Y29          DSP48E1                                      r  bd_0_i/hls_inst/inst/mul_32s_32s_54_2_1_U2/dout_reg/CLK
                         clock pessimism              0.000    10.924    
                         clock uncertainty           -0.035    10.889    
    DSP48_X2Y29          DSP48E1 (Setup_dsp48e1_CLK_A[20])
                                                     -0.544    10.345    bd_0_i/hls_inst/inst/mul_32s_32s_54_2_1_U2/dout_reg
  -------------------------------------------------------------------
                         required time                         10.345    
                         arrival time                          -6.302    
  -------------------------------------------------------------------
                         slack                                  4.043    

Slack (MET) :             4.043ns  (required time - arrival time)
  Source:                 bd_0_i/hls_inst/inst/regslice_both_real_r_V_data_V_U/B_V_data_1_sel_rd_reg/C
                            (rising edge-triggered cell FDRE clocked by ap_clk  {rise@0.000ns fall@5.000ns period=10.000ns})
  Destination:            bd_0_i/hls_inst/inst/mul_32s_32s_54_2_1_U2/dout_reg/A[21]
                            (rising edge-triggered cell DSP48E1 clocked by ap_clk  {rise@0.000ns fall@5.000ns period=10.000ns})
  Path Group:             ap_clk
  Path Type:              Setup (Max at Slow Process Corner)
  Requirement:            10.000ns  (ap_clk rise@10.000ns - ap_clk rise@0.000ns)
  Data Path Delay:        5.329ns  (logic 2.189ns (41.075%)  route 3.140ns (58.925%))
  Logic Levels:           9  (CARRY4=8 LUT4=1)
  Clock Path Skew:        -0.049ns (DCD - SCD + CPR)
    Destination Clock Delay (DCD):    0.924ns = ( 10.924 - 10.000 ) 
    Source Clock Delay      (SCD):    0.973ns
    Clock Pessimism Removal (CPR):    0.000ns
  Clock Uncertainty:      0.035ns  ((TSJ^2 + TIJ^2)^1/2 + DJ) / 2 + PE
    Total System Jitter     (TSJ):    0.071ns
    Total Input Jitter      (TIJ):    0.000ns
    Discrete Jitter          (DJ):    0.000ns
    Phase Error              (PE):    0.000ns

    Location             Delay type                Incr(ns)  Path(ns)    Netlist Resource(s)
  -------------------------------------------------------------------    -------------------
                         (clock ap_clk rise edge)     0.000     0.000 r  
                                                      0.000     0.000 r  ap_clk (IN)
                         net (fo=533, unset)          0.973     0.973    bd_0_i/hls_inst/inst/regslice_both_real_r_V_data_V_U/ap_clk
    SLICE_X38Y76         FDRE                                         r  bd_0_i/hls_inst/inst/regslice_both_real_r_V_data_V_U/B_V_data_1_sel_rd_reg/C
  -------------------------------------------------------------------    -------------------
    SLICE_X38Y76         FDRE (Prop_fdre_C_Q)         0.518     1.491 r  bd_0_i/hls_inst/inst/regslice_both_real_r_V_data_V_U/B_V_data_1_sel_rd_reg/Q
                         net (fo=96, routed)          1.847     3.338    bd_0_i/hls_inst/inst/regslice_both_real_r_V_data_V_U/B_V_data_1_sel
    SLICE_X37Y69         LUT4 (Prop_lut4_I0_O)        0.124     3.462 r  bd_0_i/hls_inst/inst/regslice_both_real_r_V_data_V_U/tmp_product__0_i_35/O
                         net (fo=1, routed)           0.000     3.462    bd_0_i/hls_inst/inst/regslice_both_real_r_V_data_V_U/tmp_product__0_i_35_n_0
    SLICE_X37Y69         CARRY4 (Prop_carry4_S[1]_CO[3])
                                                      0.550     4.012 r  bd_0_i/hls_inst/inst/regslice_both_real_r_V_data_V_U/tmp_product__0_i_4/CO[3]
                         net (fo=1, routed)           0.000     4.012    bd_0_i/hls_inst/inst/regslice_both_real_r_V_data_V_U/tmp_product__0_i_4_n_0
    SLICE_X37Y70         CARRY4 (Prop_carry4_CI_CO[3])
                                                      0.114     4.126 r  bd_0_i/hls_inst/inst/regslice_both_real_r_V_data_V_U/tmp_product__0_i_3/CO[3]
                         net (fo=1, routed)           0.000     4.126    bd_0_i/hls_inst/inst/regslice_both_real_r_V_data_V_U/tmp_product__0_i_3_n_0
    SLICE_X37Y71         CARRY4 (Prop_carry4_CI_CO[3])
                                                      0.114     4.240 r  bd_0_i/hls_inst/inst/regslice_both_real_r_V_data_V_U/tmp_product__0_i_2/CO[3]
                         net (fo=1, routed)           0.000     4.240    bd_0_i/hls_inst/inst/regslice_both_real_r_V_data_V_U/tmp_product__0_i_2_n_0
    SLICE_X37Y72         CARRY4 (Prop_carry4_CI_CO[3])
                                                      0.114     4.354 r  bd_0_i/hls_inst/inst/regslice_both_real_r_V_data_V_U/tmp_product__0_i_1/CO[3]
                         net (fo=1, routed)           0.000     4.354    bd_0_i/hls_inst/inst/regslice_both_real_r_V_data_V_U/tmp_product__0_i_1_n_0
    SLICE_X37Y73         CARRY4 (Prop_carry4_CI_CO[3])
                                                      0.114     4.468 r  bd_0_i/hls_inst/inst/regslice_both_real_r_V_data_V_U/tmp_product_i_4/CO[3]
                         net (fo=1, routed)           0.000     4.468    bd_0_i/hls_inst/inst/regslice_both_real_r_V_data_V_U/tmp_product_i_4_n_0
    SLICE_X37Y74         CARRY4 (Prop_carry4_CI_CO[3])
                                                      0.114     4.582 r  bd_0_i/hls_inst/inst/regslice_both_real_r_V_data_V_U/tmp_product_i_3/CO[3]
                         net (fo=1, routed)           0.009     4.591    bd_0_i/hls_inst/inst/regslice_both_real_r_V_data_V_U/tmp_product_i_3_n_0
    SLICE_X37Y75         CARRY4 (Prop_carry4_CI_CO[3])
                                                      0.114     4.705 r  bd_0_i/hls_inst/inst/regslice_both_real_r_V_data_V_U/tmp_product_i_2/CO[3]
                         net (fo=1, routed)           0.000     4.705    bd_0_i/hls_inst/inst/regslice_both_real_r_V_data_V_U/tmp_product_i_2_n_0
    SLICE_X37Y76         CARRY4 (Prop_carry4_CI_O[3])
                                                      0.313     5.018 r  bd_0_i/hls_inst/inst/regslice_both_real_r_V_data_V_U/tmp_product_i_1/O[3]
                         net (fo=20, routed)          1.285     6.302    bd_0_i/hls_inst/inst/mul_32s_32s_54_2_1_U2/O49[31]
    DSP48_X2Y29          DSP48E1                                      r  bd_0_i/hls_inst/inst/mul_32s_32s_54_2_1_U2/dout_reg/A[21]
  -------------------------------------------------------------------    -------------------

                         (clock ap_clk rise edge)    10.000    10.000 r  
                                                      0.000    10.000 r  ap_clk (IN)
                         net (fo=533, unset)          0.924    10.924    bd_0_i/hls_inst/inst/mul_32s_32s_54_2_1_U2/ap_clk
    DSP48_X2Y29          DSP48E1                                      r  bd_0_i/hls_inst/inst/mul_32s_32s_54_2_1_U2/dout_reg/CLK
                         clock pessimism              0.000    10.924    
                         clock uncertainty           -0.035    10.889    
    DSP48_X2Y29          DSP48E1 (Setup_dsp48e1_CLK_A[21])
                                                     -0.544    10.345    bd_0_i/hls_inst/inst/mul_32s_32s_54_2_1_U2/dout_reg
  -------------------------------------------------------------------
                         required time                         10.345    
                         arrival time                          -6.302    
  -------------------------------------------------------------------
                         slack                                  4.043    

Slack (MET) :             4.043ns  (required time - arrival time)
  Source:                 bd_0_i/hls_inst/inst/regslice_both_real_r_V_data_V_U/B_V_data_1_sel_rd_reg/C
                            (rising edge-triggered cell FDRE clocked by ap_clk  {rise@0.000ns fall@5.000ns period=10.000ns})
  Destination:            bd_0_i/hls_inst/inst/mul_32s_32s_54_2_1_U2/dout_reg/A[22]
                            (rising edge-triggered cell DSP48E1 clocked by ap_clk  {rise@0.000ns fall@5.000ns period=10.000ns})
  Path Group:             ap_clk
  Path Type:              Setup (Max at Slow Process Corner)
  Requirement:            10.000ns  (ap_clk rise@10.000ns - ap_clk rise@0.000ns)
  Data Path Delay:        5.329ns  (logic 2.189ns (41.075%)  route 3.140ns (58.925%))
  Logic Levels:           9  (CARRY4=8 LUT4=1)
  Clock Path Skew:        -0.049ns (DCD - SCD + CPR)
    Destination Clock Delay (DCD):    0.924ns = ( 10.924 - 10.000 ) 
    Source Clock Delay      (SCD):    0.973ns
    Clock Pessimism Removal (CPR):    0.000ns
  Clock Uncertainty:      0.035ns  ((TSJ^2 + TIJ^2)^1/2 + DJ) / 2 + PE
    Total System Jitter     (TSJ):    0.071ns
    Total Input Jitter      (TIJ):    0.000ns
    Discrete Jitter          (DJ):    0.000ns
    Phase Error              (PE):    0.000ns

    Location             Delay type                Incr(ns)  Path(ns)    Netlist Resource(s)
  -------------------------------------------------------------------    -------------------
                         (clock ap_clk rise edge)     0.000     0.000 r  
                                                      0.000     0.000 r  ap_clk (IN)
                         net (fo=533, unset)          0.973     0.973    bd_0_i/hls_inst/inst/regslice_both_real_r_V_data_V_U/ap_clk
    SLICE_X38Y76         FDRE                                         r  bd_0_i/hls_inst/inst/regslice_both_real_r_V_data_V_U/B_V_data_1_sel_rd_reg/C
  -------------------------------------------------------------------    -------------------
    SLICE_X38Y76         FDRE (Prop_fdre_C_Q)         0.518     1.491 r  bd_0_i/hls_inst/inst/regslice_both_real_r_V_data_V_U/B_V_data_1_sel_rd_reg/Q
                         net (fo=96, routed)          1.847     3.338    bd_0_i/hls_inst/inst/regslice_both_real_r_V_data_V_U/B_V_data_1_sel
    SLICE_X37Y69         LUT4 (Prop_lut4_I0_O)        0.124     3.462 r  bd_0_i/hls_inst/inst/regslice_both_real_r_V_data_V_U/tmp_product__0_i_35/O
                         net (fo=1, routed)           0.000     3.462    bd_0_i/hls_inst/inst/regslice_both_real_r_V_data_V_U/tmp_product__0_i_35_n_0
    SLICE_X37Y69         CARRY4 (Prop_carry4_S[1]_CO[3])
                                                      0.550     4.012 r  bd_0_i/hls_inst/inst/regslice_both_real_r_V_data_V_U/tmp_product__0_i_4/CO[3]
                         net (fo=1, routed)           0.000     4.012    bd_0_i/hls_inst/inst/regslice_both_real_r_V_data_V_U/tmp_product__0_i_4_n_0
    SLICE_X37Y70         CARRY4 (Prop_carry4_CI_CO[3])
                                                      0.114     4.126 r  bd_0_i/hls_inst/inst/regslice_both_real_r_V_data_V_U/tmp_product__0_i_3/CO[3]
                         net (fo=1, routed)           0.000     4.126    bd_0_i/hls_inst/inst/regslice_both_real_r_V_data_V_U/tmp_product__0_i_3_n_0
    SLICE_X37Y71         CARRY4 (Prop_carry4_CI_CO[3])
                                                      0.114     4.240 r  bd_0_i/hls_inst/inst/regslice_both_real_r_V_data_V_U/tmp_product__0_i_2/CO[3]
                         net (fo=1, routed)           0.000     4.240    bd_0_i/hls_inst/inst/regslice_both_real_r_V_data_V_U/tmp_product__0_i_2_n_0
    SLICE_X37Y72         CARRY4 (Prop_carry4_CI_CO[3])
                                                      0.114     4.354 r  bd_0_i/hls_inst/inst/regslice_both_real_r_V_data_V_U/tmp_product__0_i_1/CO[3]
                         net (fo=1, routed)           0.000     4.354    bd_0_i/hls_inst/inst/regslice_both_real_r_V_data_V_U/tmp_product__0_i_1_n_0
    SLICE_X37Y73         CARRY4 (Prop_carry4_CI_CO[3])
                                                      0.114     4.468 r  bd_0_i/hls_inst/inst/regslice_both_real_r_V_data_V_U/tmp_product_i_4/CO[3]
                         net (fo=1, routed)           0.000     4.468    bd_0_i/hls_inst/inst/regslice_both_real_r_V_data_V_U/tmp_product_i_4_n_0
    SLICE_X37Y74         CARRY4 (Prop_carry4_CI_CO[3])
                                                      0.114     4.582 r  bd_0_i/hls_inst/inst/regslice_both_real_r_V_data_V_U/tmp_product_i_3/CO[3]
                         net (fo=1, routed)           0.009     4.591    bd_0_i/hls_inst/inst/regslice_both_real_r_V_data_V_U/tmp_product_i_3_n_0
    SLICE_X37Y75         CARRY4 (Prop_carry4_CI_CO[3])
                                                      0.114     4.705 r  bd_0_i/hls_inst/inst/regslice_both_real_r_V_data_V_U/tmp_product_i_2/CO[3]
                         net (fo=1, routed)           0.000     4.705    bd_0_i/hls_inst/inst/regslice_both_real_r_V_data_V_U/tmp_product_i_2_n_0
    SLICE_X37Y76         CARRY4 (Prop_carry4_CI_O[3])
                                                      0.313     5.018 r  bd_0_i/hls_inst/inst/regslice_both_real_r_V_data_V_U/tmp_product_i_1/O[3]
                         net (fo=20, routed)          1.285     6.302    bd_0_i/hls_inst/inst/mul_32s_32s_54_2_1_U2/O49[31]
    DSP48_X2Y29          DSP48E1                                      r  bd_0_i/hls_inst/inst/mul_32s_32s_54_2_1_U2/dout_reg/A[22]
  -------------------------------------------------------------------    -------------------

                         (clock ap_clk rise edge)    10.000    10.000 r  
                                                      0.000    10.000 r  ap_clk (IN)
                         net (fo=533, unset)          0.924    10.924    bd_0_i/hls_inst/inst/mul_32s_32s_54_2_1_U2/ap_clk
    DSP48_X2Y29          DSP48E1                                      r  bd_0_i/hls_inst/inst/mul_32s_32s_54_2_1_U2/dout_reg/CLK
                         clock pessimism              0.000    10.924    
                         clock uncertainty           -0.035    10.889    
    DSP48_X2Y29          DSP48E1 (Setup_dsp48e1_CLK_A[22])
                                                     -0.544    10.345    bd_0_i/hls_inst/inst/mul_32s_32s_54_2_1_U2/dout_reg
  -------------------------------------------------------------------
                         required time                         10.345    
                         arrival time                          -6.302    
  -------------------------------------------------------------------
                         slack                                  4.043    

Slack (MET) :             4.043ns  (required time - arrival time)
  Source:                 bd_0_i/hls_inst/inst/regslice_both_real_r_V_data_V_U/B_V_data_1_sel_rd_reg/C
                            (rising edge-triggered cell FDRE clocked by ap_clk  {rise@0.000ns fall@5.000ns period=10.000ns})
  Destination:            bd_0_i/hls_inst/inst/mul_32s_32s_54_2_1_U2/dout_reg/A[23]
                            (rising edge-triggered cell DSP48E1 clocked by ap_clk  {rise@0.000ns fall@5.000ns period=10.000ns})
  Path Group:             ap_clk
  Path Type:              Setup (Max at Slow Process Corner)
  Requirement:            10.000ns  (ap_clk rise@10.000ns - ap_clk rise@0.000ns)
  Data Path Delay:        5.329ns  (logic 2.189ns (41.075%)  route 3.140ns (58.925%))
  Logic Levels:           9  (CARRY4=8 LUT4=1)
  Clock Path Skew:        -0.049ns (DCD - SCD + CPR)
    Destination Clock Delay (DCD):    0.924ns = ( 10.924 - 10.000 ) 
    Source Clock Delay      (SCD):    0.973ns
    Clock Pessimism Removal (CPR):    0.000ns
  Clock Uncertainty:      0.035ns  ((TSJ^2 + TIJ^2)^1/2 + DJ) / 2 + PE
    Total System Jitter     (TSJ):    0.071ns
    Total Input Jitter      (TIJ):    0.000ns
    Discrete Jitter          (DJ):    0.000ns
    Phase Error              (PE):    0.000ns

    Location             Delay type                Incr(ns)  Path(ns)    Netlist Resource(s)
  -------------------------------------------------------------------    -------------------
                         (clock ap_clk rise edge)     0.000     0.000 r  
                                                      0.000     0.000 r  ap_clk (IN)
                         net (fo=533, unset)          0.973     0.973    bd_0_i/hls_inst/inst/regslice_both_real_r_V_data_V_U/ap_clk
    SLICE_X38Y76         FDRE                                         r  bd_0_i/hls_inst/inst/regslice_both_real_r_V_data_V_U/B_V_data_1_sel_rd_reg/C
  -------------------------------------------------------------------    -------------------
    SLICE_X38Y76         FDRE (Prop_fdre_C_Q)         0.518     1.491 r  bd_0_i/hls_inst/inst/regslice_both_real_r_V_data_V_U/B_V_data_1_sel_rd_reg/Q
                         net (fo=96, routed)          1.847     3.338    bd_0_i/hls_inst/inst/regslice_both_real_r_V_data_V_U/B_V_data_1_sel
    SLICE_X37Y69         LUT4 (Prop_lut4_I0_O)        0.124     3.462 r  bd_0_i/hls_inst/inst/regslice_both_real_r_V_data_V_U/tmp_product__0_i_35/O
                         net (fo=1, routed)           0.000     3.462    bd_0_i/hls_inst/inst/regslice_both_real_r_V_data_V_U/tmp_product__0_i_35_n_0
    SLICE_X37Y69         CARRY4 (Prop_carry4_S[1]_CO[3])
                                                      0.550     4.012 r  bd_0_i/hls_inst/inst/regslice_both_real_r_V_data_V_U/tmp_product__0_i_4/CO[3]
                         net (fo=1, routed)           0.000     4.012    bd_0_i/hls_inst/inst/regslice_both_real_r_V_data_V_U/tmp_product__0_i_4_n_0
    SLICE_X37Y70         CARRY4 (Prop_carry4_CI_CO[3])
                                                      0.114     4.126 r  bd_0_i/hls_inst/inst/regslice_both_real_r_V_data_V_U/tmp_product__0_i_3/CO[3]
                         net (fo=1, routed)           0.000     4.126    bd_0_i/hls_inst/inst/regslice_both_real_r_V_data_V_U/tmp_product__0_i_3_n_0
    SLICE_X37Y71         CARRY4 (Prop_carry4_CI_CO[3])
                                                      0.114     4.240 r  bd_0_i/hls_inst/inst/regslice_both_real_r_V_data_V_U/tmp_product__0_i_2/CO[3]
                         net (fo=1, routed)           0.000     4.240    bd_0_i/hls_inst/inst/regslice_both_real_r_V_data_V_U/tmp_product__0_i_2_n_0
    SLICE_X37Y72         CARRY4 (Prop_carry4_CI_CO[3])
                                                      0.114     4.354 r  bd_0_i/hls_inst/inst/regslice_both_real_r_V_data_V_U/tmp_product__0_i_1/CO[3]
                         net (fo=1, routed)           0.000     4.354    bd_0_i/hls_inst/inst/regslice_both_real_r_V_data_V_U/tmp_product__0_i_1_n_0
    SLICE_X37Y73         CARRY4 (Prop_carry4_CI_CO[3])
                                                      0.114     4.468 r  bd_0_i/hls_inst/inst/regslice_both_real_r_V_data_V_U/tmp_product_i_4/CO[3]
                         net (fo=1, routed)           0.000     4.468    bd_0_i/hls_inst/inst/regslice_both_real_r_V_data_V_U/tmp_product_i_4_n_0
    SLICE_X37Y74         CARRY4 (Prop_carry4_CI_CO[3])
                                                      0.114     4.582 r  bd_0_i/hls_inst/inst/regslice_both_real_r_V_data_V_U/tmp_product_i_3/CO[3]
                         net (fo=1, routed)           0.009     4.591    bd_0_i/hls_inst/inst/regslice_both_real_r_V_data_V_U/tmp_product_i_3_n_0
    SLICE_X37Y75         CARRY4 (Prop_carry4_CI_CO[3])
                                                      0.114     4.705 r  bd_0_i/hls_inst/inst/regslice_both_real_r_V_data_V_U/tmp_product_i_2/CO[3]
                         net (fo=1, routed)           0.000     4.705    bd_0_i/hls_inst/inst/regslice_both_real_r_V_data_V_U/tmp_product_i_2_n_0
    SLICE_X37Y76         CARRY4 (Prop_carry4_CI_O[3])
                                                      0.313     5.018 r  bd_0_i/hls_inst/inst/regslice_both_real_r_V_data_V_U/tmp_product_i_1/O[3]
                         net (fo=20, routed)          1.285     6.302    bd_0_i/hls_inst/inst/mul_32s_32s_54_2_1_U2/O49[31]
    DSP48_X2Y29          DSP48E1                                      r  bd_0_i/hls_inst/inst/mul_32s_32s_54_2_1_U2/dout_reg/A[23]
  -------------------------------------------------------------------    -------------------

                         (clock ap_clk rise edge)    10.000    10.000 r  
                                                      0.000    10.000 r  ap_clk (IN)
                         net (fo=533, unset)          0.924    10.924    bd_0_i/hls_inst/inst/mul_32s_32s_54_2_1_U2/ap_clk
    DSP48_X2Y29          DSP48E1                                      r  bd_0_i/hls_inst/inst/mul_32s_32s_54_2_1_U2/dout_reg/CLK
                         clock pessimism              0.000    10.924    
                         clock uncertainty           -0.035    10.889    
    DSP48_X2Y29          DSP48E1 (Setup_dsp48e1_CLK_A[23])
                                                     -0.544    10.345    bd_0_i/hls_inst/inst/mul_32s_32s_54_2_1_U2/dout_reg
  -------------------------------------------------------------------
                         required time                         10.345    
                         arrival time                          -6.302    
  -------------------------------------------------------------------
                         slack                                  4.043    

Slack (MET) :             4.157ns  (required time - arrival time)
  Source:                 bd_0_i/hls_inst/inst/regslice_both_imag_V_data_V_U/B_V_data_1_sel_rd_reg/C
                            (rising edge-triggered cell FDRE clocked by ap_clk  {rise@0.000ns fall@5.000ns period=10.000ns})
  Destination:            bd_0_i/hls_inst/inst/mul_32s_32s_54_2_1_U1/tmp_product/B[16]
                            (rising edge-triggered cell DSP48E1 clocked by ap_clk  {rise@0.000ns fall@5.000ns period=10.000ns})
  Path Group:             ap_clk
  Path Type:              Setup (Max at Slow Process Corner)
  Requirement:            10.000ns  (ap_clk rise@10.000ns - ap_clk rise@0.000ns)
  Data Path Delay:        5.127ns  (logic 1.978ns (38.583%)  route 3.149ns (61.417%))
  Logic Levels:           9  (CARRY4=8 LUT4=1)
  Clock Path Skew:        -0.049ns (DCD - SCD + CPR)
    Destination Clock Delay (DCD):    0.924ns = ( 10.924 - 10.000 ) 
    Source Clock Delay      (SCD):    0.973ns
    Clock Pessimism Removal (CPR):    0.000ns
  Clock Uncertainty:      0.035ns  ((TSJ^2 + TIJ^2)^1/2 + DJ) / 2 + PE
    Total System Jitter     (TSJ):    0.071ns
    Total Input Jitter      (TIJ):    0.000ns
    Discrete Jitter          (DJ):    0.000ns
    Phase Error              (PE):    0.000ns

    Location             Delay type                Incr(ns)  Path(ns)    Netlist Resource(s)
  -------------------------------------------------------------------    -------------------
                         (clock ap_clk rise edge)     0.000     0.000 r  
                                                      0.000     0.000 r  ap_clk (IN)
                         net (fo=533, unset)          0.973     0.973    bd_0_i/hls_inst/inst/regslice_both_imag_V_data_V_U/ap_clk
    SLICE_X41Y76         FDRE                                         r  bd_0_i/hls_inst/inst/regslice_both_imag_V_data_V_U/B_V_data_1_sel_rd_reg/C
  -------------------------------------------------------------------    -------------------
    SLICE_X41Y76         FDRE (Prop_fdre_C_Q)         0.456     1.429 r  bd_0_i/hls_inst/inst/regslice_both_imag_V_data_V_U/B_V_data_1_sel_rd_reg/Q
                         net (fo=96, routed)          2.021     3.450    bd_0_i/hls_inst/inst/regslice_both_imag_V_data_V_U/B_V_data_1_sel_rd_reg_n_0
    SLICE_X40Y69         LUT4 (Prop_lut4_I0_O)        0.124     3.574 r  bd_0_i/hls_inst/inst/regslice_both_imag_V_data_V_U/tmp_product__0_i_33__0/O
                         net (fo=1, routed)           0.000     3.574    bd_0_i/hls_inst/inst/regslice_both_imag_V_data_V_U/tmp_product__0_i_33__0_n_0
    SLICE_X40Y69         CARRY4 (Prop_carry4_S[3]_CO[3])
                                                      0.401     3.975 r  bd_0_i/hls_inst/inst/regslice_both_imag_V_data_V_U/tmp_product__0_i_4__0/CO[3]
                         net (fo=1, routed)           0.000     3.975    bd_0_i/hls_inst/inst/regslice_both_imag_V_data_V_U/tmp_product__0_i_4__0_n_0
    SLICE_X40Y70         CARRY4 (Prop_carry4_CI_CO[3])
                                                      0.114     4.089 r  bd_0_i/hls_inst/inst/regslice_both_imag_V_data_V_U/tmp_product__0_i_3__0/CO[3]
                         net (fo=1, routed)           0.000     4.089    bd_0_i/hls_inst/inst/regslice_both_imag_V_data_V_U/tmp_product__0_i_3__0_n_0
    SLICE_X40Y71         CARRY4 (Prop_carry4_CI_CO[3])
                                                      0.114     4.203 r  bd_0_i/hls_inst/inst/regslice_both_imag_V_data_V_U/tmp_product__0_i_2__0/CO[3]
                         net (fo=1, routed)           0.000     4.203    bd_0_i/hls_inst/inst/regslice_both_imag_V_data_V_U/tmp_product__0_i_2__0_n_0
    SLICE_X40Y72         CARRY4 (Prop_carry4_CI_CO[3])
                                                      0.114     4.317 r  bd_0_i/hls_inst/inst/regslice_both_imag_V_data_V_U/tmp_product__0_i_1__0/CO[3]
                         net (fo=1, routed)           0.000     4.317    bd_0_i/hls_inst/inst/regslice_both_imag_V_data_V_U/tmp_product__0_i_1__0_n_0
    SLICE_X40Y73         CARRY4 (Prop_carry4_CI_CO[3])
                                                      0.114     4.431 r  bd_0_i/hls_inst/inst/regslice_both_imag_V_data_V_U/tmp_product_i_4__0/CO[3]
                         net (fo=1, routed)           0.000     4.431    bd_0_i/hls_inst/inst/regslice_both_imag_V_data_V_U/tmp_product_i_4__0_n_0
    SLICE_X40Y74         CARRY4 (Prop_carry4_CI_CO[3])
                                                      0.114     4.545 r  bd_0_i/hls_inst/inst/regslice_both_imag_V_data_V_U/tmp_product_i_3__0/CO[3]
                         net (fo=1, routed)           0.009     4.554    bd_0_i/hls_inst/inst/regslice_both_imag_V_data_V_U/tmp_product_i_3__0_n_0
    SLICE_X40Y75         CARRY4 (Prop_carry4_CI_CO[3])
                                                      0.114     4.668 r  bd_0_i/hls_inst/inst/regslice_both_imag_V_data_V_U/tmp_product_i_2__0/CO[3]
                         net (fo=1, routed)           0.000     4.668    bd_0_i/hls_inst/inst/regslice_both_imag_V_data_V_U/tmp_product_i_2__0_n_0
    SLICE_X40Y76         CARRY4 (Prop_carry4_CI_O[3])
                                                      0.313     4.981 r  bd_0_i/hls_inst/inst/regslice_both_imag_V_data_V_U/tmp_product_i_1__0/O[3]
                         net (fo=20, routed)          1.119     6.100    bd_0_i/hls_inst/inst/mul_32s_32s_54_2_1_U1/O51[31]
    DSP48_X2Y32          DSP48E1                                      r  bd_0_i/hls_inst/inst/mul_32s_32s_54_2_1_U1/tmp_product/B[16]
  -------------------------------------------------------------------    -------------------

                         (clock ap_clk rise edge)    10.000    10.000 r  
                                                      0.000    10.000 r  ap_clk (IN)
                         net (fo=533, unset)          0.924    10.924    bd_0_i/hls_inst/inst/mul_32s_32s_54_2_1_U1/ap_clk
    DSP48_X2Y32          DSP48E1                                      r  bd_0_i/hls_inst/inst/mul_32s_32s_54_2_1_U1/tmp_product/CLK
                         clock pessimism              0.000    10.924    
                         clock uncertainty           -0.035    10.889    
    DSP48_X2Y32          DSP48E1 (Setup_dsp48e1_CLK_B[16])
                                                     -0.632    10.257    bd_0_i/hls_inst/inst/mul_32s_32s_54_2_1_U1/tmp_product
  -------------------------------------------------------------------
                         required time                         10.257    
                         arrival time                          -6.100    
  -------------------------------------------------------------------
                         slack                                  4.157    

Slack (MET) :             4.157ns  (required time - arrival time)
  Source:                 bd_0_i/hls_inst/inst/regslice_both_imag_V_data_V_U/B_V_data_1_sel_rd_reg/C
                            (rising edge-triggered cell FDRE clocked by ap_clk  {rise@0.000ns fall@5.000ns period=10.000ns})
  Destination:            bd_0_i/hls_inst/inst/mul_32s_32s_54_2_1_U1/tmp_product/B[17]
                            (rising edge-triggered cell DSP48E1 clocked by ap_clk  {rise@0.000ns fall@5.000ns period=10.000ns})
  Path Group:             ap_clk
  Path Type:              Setup (Max at Slow Process Corner)
  Requirement:            10.000ns  (ap_clk rise@10.000ns - ap_clk rise@0.000ns)
  Data Path Delay:        5.127ns  (logic 1.978ns (38.583%)  route 3.149ns (61.417%))
  Logic Levels:           9  (CARRY4=8 LUT4=1)
  Clock Path Skew:        -0.049ns (DCD - SCD + CPR)
    Destination Clock Delay (DCD):    0.924ns = ( 10.924 - 10.000 ) 
    Source Clock Delay      (SCD):    0.973ns
    Clock Pessimism Removal (CPR):    0.000ns
  Clock Uncertainty:      0.035ns  ((TSJ^2 + TIJ^2)^1/2 + DJ) / 2 + PE
    Total System Jitter     (TSJ):    0.071ns
    Total Input Jitter      (TIJ):    0.000ns
    Discrete Jitter          (DJ):    0.000ns
    Phase Error              (PE):    0.000ns

    Location             Delay type                Incr(ns)  Path(ns)    Netlist Resource(s)
  -------------------------------------------------------------------    -------------------
                         (clock ap_clk rise edge)     0.000     0.000 r  
                                                      0.000     0.000 r  ap_clk (IN)
                         net (fo=533, unset)          0.973     0.973    bd_0_i/hls_inst/inst/regslice_both_imag_V_data_V_U/ap_clk
    SLICE_X41Y76         FDRE                                         r  bd_0_i/hls_inst/inst/regslice_both_imag_V_data_V_U/B_V_data_1_sel_rd_reg/C
  -------------------------------------------------------------------    -------------------
    SLICE_X41Y76         FDRE (Prop_fdre_C_Q)         0.456     1.429 r  bd_0_i/hls_inst/inst/regslice_both_imag_V_data_V_U/B_V_data_1_sel_rd_reg/Q
                         net (fo=96, routed)          2.021     3.450    bd_0_i/hls_inst/inst/regslice_both_imag_V_data_V_U/B_V_data_1_sel_rd_reg_n_0
    SLICE_X40Y69         LUT4 (Prop_lut4_I0_O)        0.124     3.574 r  bd_0_i/hls_inst/inst/regslice_both_imag_V_data_V_U/tmp_product__0_i_33__0/O
                         net (fo=1, routed)           0.000     3.574    bd_0_i/hls_inst/inst/regslice_both_imag_V_data_V_U/tmp_product__0_i_33__0_n_0
    SLICE_X40Y69         CARRY4 (Prop_carry4_S[3]_CO[3])
                                                      0.401     3.975 r  bd_0_i/hls_inst/inst/regslice_both_imag_V_data_V_U/tmp_product__0_i_4__0/CO[3]
                         net (fo=1, routed)           0.000     3.975    bd_0_i/hls_inst/inst/regslice_both_imag_V_data_V_U/tmp_product__0_i_4__0_n_0
    SLICE_X40Y70         CARRY4 (Prop_carry4_CI_CO[3])
                                                      0.114     4.089 r  bd_0_i/hls_inst/inst/regslice_both_imag_V_data_V_U/tmp_product__0_i_3__0/CO[3]
                         net (fo=1, routed)           0.000     4.089    bd_0_i/hls_inst/inst/regslice_both_imag_V_data_V_U/tmp_product__0_i_3__0_n_0
    SLICE_X40Y71         CARRY4 (Prop_carry4_CI_CO[3])
                                                      0.114     4.203 r  bd_0_i/hls_inst/inst/regslice_both_imag_V_data_V_U/tmp_product__0_i_2__0/CO[3]
                         net (fo=1, routed)           0.000     4.203    bd_0_i/hls_inst/inst/regslice_both_imag_V_data_V_U/tmp_product__0_i_2__0_n_0
    SLICE_X40Y72         CARRY4 (Prop_carry4_CI_CO[3])
                                                      0.114     4.317 r  bd_0_i/hls_inst/inst/regslice_both_imag_V_data_V_U/tmp_product__0_i_1__0/CO[3]
                         net (fo=1, routed)           0.000     4.317    bd_0_i/hls_inst/inst/regslice_both_imag_V_data_V_U/tmp_product__0_i_1__0_n_0
    SLICE_X40Y73         CARRY4 (Prop_carry4_CI_CO[3])
                                                      0.114     4.431 r  bd_0_i/hls_inst/inst/regslice_both_imag_V_data_V_U/tmp_product_i_4__0/CO[3]
                         net (fo=1, routed)           0.000     4.431    bd_0_i/hls_inst/inst/regslice_both_imag_V_data_V_U/tmp_product_i_4__0_n_0
    SLICE_X40Y74         CARRY4 (Prop_carry4_CI_CO[3])
                                                      0.114     4.545 r  bd_0_i/hls_inst/inst/regslice_both_imag_V_data_V_U/tmp_product_i_3__0/CO[3]
                         net (fo=1, routed)           0.009     4.554    bd_0_i/hls_inst/inst/regslice_both_imag_V_data_V_U/tmp_product_i_3__0_n_0
    SLICE_X40Y75         CARRY4 (Prop_carry4_CI_CO[3])
                                                      0.114     4.668 r  bd_0_i/hls_inst/inst/regslice_both_imag_V_data_V_U/tmp_product_i_2__0/CO[3]
                         net (fo=1, routed)           0.000     4.668    bd_0_i/hls_inst/inst/regslice_both_imag_V_data_V_U/tmp_product_i_2__0_n_0
    SLICE_X40Y76         CARRY4 (Prop_carry4_CI_O[3])
                                                      0.313     4.981 r  bd_0_i/hls_inst/inst/regslice_both_imag_V_data_V_U/tmp_product_i_1__0/O[3]
                         net (fo=20, routed)          1.119     6.100    bd_0_i/hls_inst/inst/mul_32s_32s_54_2_1_U1/O51[31]
    DSP48_X2Y32          DSP48E1                                      r  bd_0_i/hls_inst/inst/mul_32s_32s_54_2_1_U1/tmp_product/B[17]
  -------------------------------------------------------------------    -------------------

                         (clock ap_clk rise edge)    10.000    10.000 r  
                                                      0.000    10.000 r  ap_clk (IN)
                         net (fo=533, unset)          0.924    10.924    bd_0_i/hls_inst/inst/mul_32s_32s_54_2_1_U1/ap_clk
    DSP48_X2Y32          DSP48E1                                      r  bd_0_i/hls_inst/inst/mul_32s_32s_54_2_1_U1/tmp_product/CLK
                         clock pessimism              0.000    10.924    
                         clock uncertainty           -0.035    10.889    
    DSP48_X2Y32          DSP48E1 (Setup_dsp48e1_CLK_B[17])
                                                     -0.632    10.257    bd_0_i/hls_inst/inst/mul_32s_32s_54_2_1_U1/tmp_product
  -------------------------------------------------------------------
                         required time                         10.257    
                         arrival time                          -6.100    
  -------------------------------------------------------------------
                         slack                                  4.157    

Slack (MET) :             4.176ns  (required time - arrival time)
  Source:                 bd_0_i/hls_inst/inst/regslice_both_imag_V_data_V_U/B_V_data_1_sel_rd_reg/C
                            (rising edge-triggered cell FDRE clocked by ap_clk  {rise@0.000ns fall@5.000ns period=10.000ns})
  Destination:            bd_0_i/hls_inst/inst/mul_32s_32s_54_2_1_U1/dout_reg/A[26]
                            (rising edge-triggered cell DSP48E1 clocked by ap_clk  {rise@0.000ns fall@5.000ns period=10.000ns})
  Path Group:             ap_clk
  Path Type:              Setup (Max at Slow Process Corner)
  Requirement:            10.000ns  (ap_clk rise@10.000ns - ap_clk rise@0.000ns)
  Data Path Delay:        5.196ns  (logic 1.978ns (38.065%)  route 3.218ns (61.935%))
  Logic Levels:           9  (CARRY4=8 LUT4=1)
  Clock Path Skew:        -0.049ns (DCD - SCD + CPR)
    Destination Clock Delay (DCD):    0.924ns = ( 10.924 - 10.000 ) 
    Source Clock Delay      (SCD):    0.973ns
    Clock Pessimism Removal (CPR):    0.000ns
  Clock Uncertainty:      0.035ns  ((TSJ^2 + TIJ^2)^1/2 + DJ) / 2 + PE
    Total System Jitter     (TSJ):    0.071ns
    Total Input Jitter      (TIJ):    0.000ns
    Discrete Jitter          (DJ):    0.000ns
    Phase Error              (PE):    0.000ns

    Location             Delay type                Incr(ns)  Path(ns)    Netlist Resource(s)
  -------------------------------------------------------------------    -------------------
                         (clock ap_clk rise edge)     0.000     0.000 r  
                                                      0.000     0.000 r  ap_clk (IN)
                         net (fo=533, unset)          0.973     0.973    bd_0_i/hls_inst/inst/regslice_both_imag_V_data_V_U/ap_clk
    SLICE_X41Y76         FDRE                                         r  bd_0_i/hls_inst/inst/regslice_both_imag_V_data_V_U/B_V_data_1_sel_rd_reg/C
  -------------------------------------------------------------------    -------------------
    SLICE_X41Y76         FDRE (Prop_fdre_C_Q)         0.456     1.429 r  bd_0_i/hls_inst/inst/regslice_both_imag_V_data_V_U/B_V_data_1_sel_rd_reg/Q
                         net (fo=96, routed)          2.021     3.450    bd_0_i/hls_inst/inst/regslice_both_imag_V_data_V_U/B_V_data_1_sel_rd_reg_n_0
    SLICE_X40Y69         LUT4 (Prop_lut4_I0_O)        0.124     3.574 r  bd_0_i/hls_inst/inst/regslice_both_imag_V_data_V_U/tmp_product__0_i_33__0/O
                         net (fo=1, routed)           0.000     3.574    bd_0_i/hls_inst/inst/regslice_both_imag_V_data_V_U/tmp_product__0_i_33__0_n_0
    SLICE_X40Y69         CARRY4 (Prop_carry4_S[3]_CO[3])
                                                      0.401     3.975 r  bd_0_i/hls_inst/inst/regslice_both_imag_V_data_V_U/tmp_product__0_i_4__0/CO[3]
                         net (fo=1, routed)           0.000     3.975    bd_0_i/hls_inst/inst/regslice_both_imag_V_data_V_U/tmp_product__0_i_4__0_n_0
    SLICE_X40Y70         CARRY4 (Prop_carry4_CI_CO[3])
                                                      0.114     4.089 r  bd_0_i/hls_inst/inst/regslice_both_imag_V_data_V_U/tmp_product__0_i_3__0/CO[3]
                         net (fo=1, routed)           0.000     4.089    bd_0_i/hls_inst/inst/regslice_both_imag_V_data_V_U/tmp_product__0_i_3__0_n_0
    SLICE_X40Y71         CARRY4 (Prop_carry4_CI_CO[3])
                                                      0.114     4.203 r  bd_0_i/hls_inst/inst/regslice_both_imag_V_data_V_U/tmp_product__0_i_2__0/CO[3]
                         net (fo=1, routed)           0.000     4.203    bd_0_i/hls_inst/inst/regslice_both_imag_V_data_V_U/tmp_product__0_i_2__0_n_0
    SLICE_X40Y72         CARRY4 (Prop_carry4_CI_CO[3])
                                                      0.114     4.317 r  bd_0_i/hls_inst/inst/regslice_both_imag_V_data_V_U/tmp_product__0_i_1__0/CO[3]
                         net (fo=1, routed)           0.000     4.317    bd_0_i/hls_inst/inst/regslice_both_imag_V_data_V_U/tmp_product__0_i_1__0_n_0
    SLICE_X40Y73         CARRY4 (Prop_carry4_CI_CO[3])
                                                      0.114     4.431 r  bd_0_i/hls_inst/inst/regslice_both_imag_V_data_V_U/tmp_product_i_4__0/CO[3]
                         net (fo=1, routed)           0.000     4.431    bd_0_i/hls_inst/inst/regslice_both_imag_V_data_V_U/tmp_product_i_4__0_n_0
    SLICE_X40Y74         CARRY4 (Prop_carry4_CI_CO[3])
                                                      0.114     4.545 r  bd_0_i/hls_inst/inst/regslice_both_imag_V_data_V_U/tmp_product_i_3__0/CO[3]
                         net (fo=1, routed)           0.009     4.554    bd_0_i/hls_inst/inst/regslice_both_imag_V_data_V_U/tmp_product_i_3__0_n_0
    SLICE_X40Y75         CARRY4 (Prop_carry4_CI_CO[3])
                                                      0.114     4.668 r  bd_0_i/hls_inst/inst/regslice_both_imag_V_data_V_U/tmp_product_i_2__0/CO[3]
                         net (fo=1, routed)           0.000     4.668    bd_0_i/hls_inst/inst/regslice_both_imag_V_data_V_U/tmp_product_i_2__0_n_0
    SLICE_X40Y76         CARRY4 (Prop_carry4_CI_O[3])
                                                      0.313     4.981 r  bd_0_i/hls_inst/inst/regslice_both_imag_V_data_V_U/tmp_product_i_1__0/O[3]
                         net (fo=20, routed)          1.189     6.169    bd_0_i/hls_inst/inst/mul_32s_32s_54_2_1_U1/O51[31]
    DSP48_X2Y33          DSP48E1                                      r  bd_0_i/hls_inst/inst/mul_32s_32s_54_2_1_U1/dout_reg/A[26]
  -------------------------------------------------------------------    -------------------

                         (clock ap_clk rise edge)    10.000    10.000 r  
                                                      0.000    10.000 r  ap_clk (IN)
                         net (fo=533, unset)          0.924    10.924    bd_0_i/hls_inst/inst/mul_32s_32s_54_2_1_U1/ap_clk
    DSP48_X2Y33          DSP48E1                                      r  bd_0_i/hls_inst/inst/mul_32s_32s_54_2_1_U1/dout_reg/CLK
                         clock pessimism              0.000    10.924    
                         clock uncertainty           -0.035    10.889    
    DSP48_X2Y33          DSP48E1 (Setup_dsp48e1_CLK_A[26])
                                                     -0.544    10.345    bd_0_i/hls_inst/inst/mul_32s_32s_54_2_1_U1/dout_reg
  -------------------------------------------------------------------
                         required time                         10.345    
                         arrival time                          -6.169    
  -------------------------------------------------------------------
                         slack                                  4.176    

Slack (MET) :             4.176ns  (required time - arrival time)
  Source:                 bd_0_i/hls_inst/inst/regslice_both_imag_V_data_V_U/B_V_data_1_sel_rd_reg/C
                            (rising edge-triggered cell FDRE clocked by ap_clk  {rise@0.000ns fall@5.000ns period=10.000ns})
  Destination:            bd_0_i/hls_inst/inst/mul_32s_32s_54_2_1_U1/dout_reg/A[27]
                            (rising edge-triggered cell DSP48E1 clocked by ap_clk  {rise@0.000ns fall@5.000ns period=10.000ns})
  Path Group:             ap_clk
  Path Type:              Setup (Max at Slow Process Corner)
  Requirement:            10.000ns  (ap_clk rise@10.000ns - ap_clk rise@0.000ns)
  Data Path Delay:        5.196ns  (logic 1.978ns (38.065%)  route 3.218ns (61.935%))
  Logic Levels:           9  (CARRY4=8 LUT4=1)
  Clock Path Skew:        -0.049ns (DCD - SCD + CPR)
    Destination Clock Delay (DCD):    0.924ns = ( 10.924 - 10.000 ) 
    Source Clock Delay      (SCD):    0.973ns
    Clock Pessimism Removal (CPR):    0.000ns
  Clock Uncertainty:      0.035ns  ((TSJ^2 + TIJ^2)^1/2 + DJ) / 2 + PE
    Total System Jitter     (TSJ):    0.071ns
    Total Input Jitter      (TIJ):    0.000ns
    Discrete Jitter          (DJ):    0.000ns
    Phase Error              (PE):    0.000ns

    Location             Delay type                Incr(ns)  Path(ns)    Netlist Resource(s)
  -------------------------------------------------------------------    -------------------
                         (clock ap_clk rise edge)     0.000     0.000 r  
                                                      0.000     0.000 r  ap_clk (IN)
                         net (fo=533, unset)          0.973     0.973    bd_0_i/hls_inst/inst/regslice_both_imag_V_data_V_U/ap_clk
    SLICE_X41Y76         FDRE                                         r  bd_0_i/hls_inst/inst/regslice_both_imag_V_data_V_U/B_V_data_1_sel_rd_reg/C
  -------------------------------------------------------------------    -------------------
    SLICE_X41Y76         FDRE (Prop_fdre_C_Q)         0.456     1.429 r  bd_0_i/hls_inst/inst/regslice_both_imag_V_data_V_U/B_V_data_1_sel_rd_reg/Q
                         net (fo=96, routed)          2.021     3.450    bd_0_i/hls_inst/inst/regslice_both_imag_V_data_V_U/B_V_data_1_sel_rd_reg_n_0
    SLICE_X40Y69         LUT4 (Prop_lut4_I0_O)        0.124     3.574 r  bd_0_i/hls_inst/inst/regslice_both_imag_V_data_V_U/tmp_product__0_i_33__0/O
                         net (fo=1, routed)           0.000     3.574    bd_0_i/hls_inst/inst/regslice_both_imag_V_data_V_U/tmp_product__0_i_33__0_n_0
    SLICE_X40Y69         CARRY4 (Prop_carry4_S[3]_CO[3])
                                                      0.401     3.975 r  bd_0_i/hls_inst/inst/regslice_both_imag_V_data_V_U/tmp_product__0_i_4__0/CO[3]
                         net (fo=1, routed)           0.000     3.975    bd_0_i/hls_inst/inst/regslice_both_imag_V_data_V_U/tmp_product__0_i_4__0_n_0
    SLICE_X40Y70         CARRY4 (Prop_carry4_CI_CO[3])
                                                      0.114     4.089 r  bd_0_i/hls_inst/inst/regslice_both_imag_V_data_V_U/tmp_product__0_i_3__0/CO[3]
                         net (fo=1, routed)           0.000     4.089    bd_0_i/hls_inst/inst/regslice_both_imag_V_data_V_U/tmp_product__0_i_3__0_n_0
    SLICE_X40Y71         CARRY4 (Prop_carry4_CI_CO[3])
                                                      0.114     4.203 r  bd_0_i/hls_inst/inst/regslice_both_imag_V_data_V_U/tmp_product__0_i_2__0/CO[3]
                         net (fo=1, routed)           0.000     4.203    bd_0_i/hls_inst/inst/regslice_both_imag_V_data_V_U/tmp_product__0_i_2__0_n_0
    SLICE_X40Y72         CARRY4 (Prop_carry4_CI_CO[3])
                                                      0.114     4.317 r  bd_0_i/hls_inst/inst/regslice_both_imag_V_data_V_U/tmp_product__0_i_1__0/CO[3]
                         net (fo=1, routed)           0.000     4.317    bd_0_i/hls_inst/inst/regslice_both_imag_V_data_V_U/tmp_product__0_i_1__0_n_0
    SLICE_X40Y73         CARRY4 (Prop_carry4_CI_CO[3])
                                                      0.114     4.431 r  bd_0_i/hls_inst/inst/regslice_both_imag_V_data_V_U/tmp_product_i_4__0/CO[3]
                         net (fo=1, routed)           0.000     4.431    bd_0_i/hls_inst/inst/regslice_both_imag_V_data_V_U/tmp_product_i_4__0_n_0
    SLICE_X40Y74         CARRY4 (Prop_carry4_CI_CO[3])
                                                      0.114     4.545 r  bd_0_i/hls_inst/inst/regslice_both_imag_V_data_V_U/tmp_product_i_3__0/CO[3]
                         net (fo=1, routed)           0.009     4.554    bd_0_i/hls_inst/inst/regslice_both_imag_V_data_V_U/tmp_product_i_3__0_n_0
    SLICE_X40Y75         CARRY4 (Prop_carry4_CI_CO[3])
                                                      0.114     4.668 r  bd_0_i/hls_inst/inst/regslice_both_imag_V_data_V_U/tmp_product_i_2__0/CO[3]
                         net (fo=1, routed)           0.000     4.668    bd_0_i/hls_inst/inst/regslice_both_imag_V_data_V_U/tmp_product_i_2__0_n_0
    SLICE_X40Y76         CARRY4 (Prop_carry4_CI_O[3])
                                                      0.313     4.981 r  bd_0_i/hls_inst/inst/regslice_both_imag_V_data_V_U/tmp_product_i_1__0/O[3]
                         net (fo=20, routed)          1.189     6.169    bd_0_i/hls_inst/inst/mul_32s_32s_54_2_1_U1/O51[31]
    DSP48_X2Y33          DSP48E1                                      r  bd_0_i/hls_inst/inst/mul_32s_32s_54_2_1_U1/dout_reg/A[27]
  -------------------------------------------------------------------    -------------------

                         (clock ap_clk rise edge)    10.000    10.000 r  
                                                      0.000    10.000 r  ap_clk (IN)
                         net (fo=533, unset)          0.924    10.924    bd_0_i/hls_inst/inst/mul_32s_32s_54_2_1_U1/ap_clk
    DSP48_X2Y33          DSP48E1                                      r  bd_0_i/hls_inst/inst/mul_32s_32s_54_2_1_U1/dout_reg/CLK
                         clock pessimism              0.000    10.924    
                         clock uncertainty           -0.035    10.889    
    DSP48_X2Y33          DSP48E1 (Setup_dsp48e1_CLK_A[27])
                                                     -0.544    10.345    bd_0_i/hls_inst/inst/mul_32s_32s_54_2_1_U1/dout_reg
  -------------------------------------------------------------------
                         required time                         10.345    
                         arrival time                          -6.169    
  -------------------------------------------------------------------
                         slack                                  4.176    

Slack (MET) :             4.210ns  (required time - arrival time)
  Source:                 bd_0_i/hls_inst/inst/regslice_both_real_r_V_data_V_U/B_V_data_1_sel_rd_reg/C
                            (rising edge-triggered cell FDRE clocked by ap_clk  {rise@0.000ns fall@5.000ns period=10.000ns})
  Destination:            bd_0_i/hls_inst/inst/mul_32s_32s_54_2_1_U2/dout_reg/A[24]
                            (rising edge-triggered cell DSP48E1 clocked by ap_clk  {rise@0.000ns fall@5.000ns period=10.000ns})
  Path Group:             ap_clk
  Path Type:              Setup (Max at Slow Process Corner)
  Requirement:            10.000ns  (ap_clk rise@10.000ns - ap_clk rise@0.000ns)
  Data Path Delay:        5.162ns  (logic 2.189ns (42.405%)  route 2.973ns (57.595%))
  Logic Levels:           9  (CARRY4=8 LUT4=1)
  Clock Path Skew:        -0.049ns (DCD - SCD + CPR)
    Destination Clock Delay (DCD):    0.924ns = ( 10.924 - 10.000 ) 
    Source Clock Delay      (SCD):    0.973ns
    Clock Pessimism Removal (CPR):    0.000ns
  Clock Uncertainty:      0.035ns  ((TSJ^2 + TIJ^2)^1/2 + DJ) / 2 + PE
    Total System Jitter     (TSJ):    0.071ns
    Total Input Jitter      (TIJ):    0.000ns
    Discrete Jitter          (DJ):    0.000ns
    Phase Error              (PE):    0.000ns

    Location             Delay type                Incr(ns)  Path(ns)    Netlist Resource(s)
  -------------------------------------------------------------------    -------------------
                         (clock ap_clk rise edge)     0.000     0.000 r  
                                                      0.000     0.000 r  ap_clk (IN)
                         net (fo=533, unset)          0.973     0.973    bd_0_i/hls_inst/inst/regslice_both_real_r_V_data_V_U/ap_clk
    SLICE_X38Y76         FDRE                                         r  bd_0_i/hls_inst/inst/regslice_both_real_r_V_data_V_U/B_V_data_1_sel_rd_reg/C
  -------------------------------------------------------------------    -------------------
    SLICE_X38Y76         FDRE (Prop_fdre_C_Q)         0.518     1.491 r  bd_0_i/hls_inst/inst/regslice_both_real_r_V_data_V_U/B_V_data_1_sel_rd_reg/Q
                         net (fo=96, routed)          1.847     3.338    bd_0_i/hls_inst/inst/regslice_both_real_r_V_data_V_U/B_V_data_1_sel
    SLICE_X37Y69         LUT4 (Prop_lut4_I0_O)        0.124     3.462 r  bd_0_i/hls_inst/inst/regslice_both_real_r_V_data_V_U/tmp_product__0_i_35/O
                         net (fo=1, routed)           0.000     3.462    bd_0_i/hls_inst/inst/regslice_both_real_r_V_data_V_U/tmp_product__0_i_35_n_0
    SLICE_X37Y69         CARRY4 (Prop_carry4_S[1]_CO[3])
                                                      0.550     4.012 r  bd_0_i/hls_inst/inst/regslice_both_real_r_V_data_V_U/tmp_product__0_i_4/CO[3]
                         net (fo=1, routed)           0.000     4.012    bd_0_i/hls_inst/inst/regslice_both_real_r_V_data_V_U/tmp_product__0_i_4_n_0
    SLICE_X37Y70         CARRY4 (Prop_carry4_CI_CO[3])
                                                      0.114     4.126 r  bd_0_i/hls_inst/inst/regslice_both_real_r_V_data_V_U/tmp_product__0_i_3/CO[3]
                         net (fo=1, routed)           0.000     4.126    bd_0_i/hls_inst/inst/regslice_both_real_r_V_data_V_U/tmp_product__0_i_3_n_0
    SLICE_X37Y71         CARRY4 (Prop_carry4_CI_CO[3])
                                                      0.114     4.240 r  bd_0_i/hls_inst/inst/regslice_both_real_r_V_data_V_U/tmp_product__0_i_2/CO[3]
                         net (fo=1, routed)           0.000     4.240    bd_0_i/hls_inst/inst/regslice_both_real_r_V_data_V_U/tmp_product__0_i_2_n_0
    SLICE_X37Y72         CARRY4 (Prop_carry4_CI_CO[3])
                                                      0.114     4.354 r  bd_0_i/hls_inst/inst/regslice_both_real_r_V_data_V_U/tmp_product__0_i_1/CO[3]
                         net (fo=1, routed)           0.000     4.354    bd_0_i/hls_inst/inst/regslice_both_real_r_V_data_V_U/tmp_product__0_i_1_n_0
    SLICE_X37Y73         CARRY4 (Prop_carry4_CI_CO[3])
                                                      0.114     4.468 r  bd_0_i/hls_inst/inst/regslice_both_real_r_V_data_V_U/tmp_product_i_4/CO[3]
                         net (fo=1, routed)           0.000     4.468    bd_0_i/hls_inst/inst/regslice_both_real_r_V_data_V_U/tmp_product_i_4_n_0
    SLICE_X37Y74         CARRY4 (Prop_carry4_CI_CO[3])
                                                      0.114     4.582 r  bd_0_i/hls_inst/inst/regslice_both_real_r_V_data_V_U/tmp_product_i_3/CO[3]
                         net (fo=1, routed)           0.009     4.591    bd_0_i/hls_inst/inst/regslice_both_real_r_V_data_V_U/tmp_product_i_3_n_0
    SLICE_X37Y75         CARRY4 (Prop_carry4_CI_CO[3])
                                                      0.114     4.705 r  bd_0_i/hls_inst/inst/regslice_both_real_r_V_data_V_U/tmp_product_i_2/CO[3]
                         net (fo=1, routed)           0.000     4.705    bd_0_i/hls_inst/inst/regslice_both_real_r_V_data_V_U/tmp_product_i_2_n_0
    SLICE_X37Y76         CARRY4 (Prop_carry4_CI_O[3])
                                                      0.313     5.018 r  bd_0_i/hls_inst/inst/regslice_both_real_r_V_data_V_U/tmp_product_i_1/O[3]
                         net (fo=20, routed)          1.118     6.135    bd_0_i/hls_inst/inst/mul_32s_32s_54_2_1_U2/O49[31]
    DSP48_X2Y29          DSP48E1                                      r  bd_0_i/hls_inst/inst/mul_32s_32s_54_2_1_U2/dout_reg/A[24]
  -------------------------------------------------------------------    -------------------

                         (clock ap_clk rise edge)    10.000    10.000 r  
                                                      0.000    10.000 r  ap_clk (IN)
                         net (fo=533, unset)          0.924    10.924    bd_0_i/hls_inst/inst/mul_32s_32s_54_2_1_U2/ap_clk
    DSP48_X2Y29          DSP48E1                                      r  bd_0_i/hls_inst/inst/mul_32s_32s_54_2_1_U2/dout_reg/CLK
                         clock pessimism              0.000    10.924    
                         clock uncertainty           -0.035    10.889    
    DSP48_X2Y29          DSP48E1 (Setup_dsp48e1_CLK_A[24])
                                                     -0.544    10.345    bd_0_i/hls_inst/inst/mul_32s_32s_54_2_1_U2/dout_reg
  -------------------------------------------------------------------
                         required time                         10.345    
                         arrival time                          -6.135    
  -------------------------------------------------------------------
                         slack                                  4.210    

Slack (MET) :             4.210ns  (required time - arrival time)
  Source:                 bd_0_i/hls_inst/inst/regslice_both_real_r_V_data_V_U/B_V_data_1_sel_rd_reg/C
                            (rising edge-triggered cell FDRE clocked by ap_clk  {rise@0.000ns fall@5.000ns period=10.000ns})
  Destination:            bd_0_i/hls_inst/inst/mul_32s_32s_54_2_1_U2/dout_reg/A[25]
                            (rising edge-triggered cell DSP48E1 clocked by ap_clk  {rise@0.000ns fall@5.000ns period=10.000ns})
  Path Group:             ap_clk
  Path Type:              Setup (Max at Slow Process Corner)
  Requirement:            10.000ns  (ap_clk rise@10.000ns - ap_clk rise@0.000ns)
  Data Path Delay:        5.162ns  (logic 2.189ns (42.405%)  route 2.973ns (57.595%))
  Logic Levels:           9  (CARRY4=8 LUT4=1)
  Clock Path Skew:        -0.049ns (DCD - SCD + CPR)
    Destination Clock Delay (DCD):    0.924ns = ( 10.924 - 10.000 ) 
    Source Clock Delay      (SCD):    0.973ns
    Clock Pessimism Removal (CPR):    0.000ns
  Clock Uncertainty:      0.035ns  ((TSJ^2 + TIJ^2)^1/2 + DJ) / 2 + PE
    Total System Jitter     (TSJ):    0.071ns
    Total Input Jitter      (TIJ):    0.000ns
    Discrete Jitter          (DJ):    0.000ns
    Phase Error              (PE):    0.000ns

    Location             Delay type                Incr(ns)  Path(ns)    Netlist Resource(s)
  -------------------------------------------------------------------    -------------------
                         (clock ap_clk rise edge)     0.000     0.000 r  
                                                      0.000     0.000 r  ap_clk (IN)
                         net (fo=533, unset)          0.973     0.973    bd_0_i/hls_inst/inst/regslice_both_real_r_V_data_V_U/ap_clk
    SLICE_X38Y76         FDRE                                         r  bd_0_i/hls_inst/inst/regslice_both_real_r_V_data_V_U/B_V_data_1_sel_rd_reg/C
  -------------------------------------------------------------------    -------------------
    SLICE_X38Y76         FDRE (Prop_fdre_C_Q)         0.518     1.491 r  bd_0_i/hls_inst/inst/regslice_both_real_r_V_data_V_U/B_V_data_1_sel_rd_reg/Q
                         net (fo=96, routed)          1.847     3.338    bd_0_i/hls_inst/inst/regslice_both_real_r_V_data_V_U/B_V_data_1_sel
    SLICE_X37Y69         LUT4 (Prop_lut4_I0_O)        0.124     3.462 r  bd_0_i/hls_inst/inst/regslice_both_real_r_V_data_V_U/tmp_product__0_i_35/O
                         net (fo=1, routed)           0.000     3.462    bd_0_i/hls_inst/inst/regslice_both_real_r_V_data_V_U/tmp_product__0_i_35_n_0
    SLICE_X37Y69         CARRY4 (Prop_carry4_S[1]_CO[3])
                                                      0.550     4.012 r  bd_0_i/hls_inst/inst/regslice_both_real_r_V_data_V_U/tmp_product__0_i_4/CO[3]
                         net (fo=1, routed)           0.000     4.012    bd_0_i/hls_inst/inst/regslice_both_real_r_V_data_V_U/tmp_product__0_i_4_n_0
    SLICE_X37Y70         CARRY4 (Prop_carry4_CI_CO[3])
                                                      0.114     4.126 r  bd_0_i/hls_inst/inst/regslice_both_real_r_V_data_V_U/tmp_product__0_i_3/CO[3]
                         net (fo=1, routed)           0.000     4.126    bd_0_i/hls_inst/inst/regslice_both_real_r_V_data_V_U/tmp_product__0_i_3_n_0
    SLICE_X37Y71         CARRY4 (Prop_carry4_CI_CO[3])
                                                      0.114     4.240 r  bd_0_i/hls_inst/inst/regslice_both_real_r_V_data_V_U/tmp_product__0_i_2/CO[3]
                         net (fo=1, routed)           0.000     4.240    bd_0_i/hls_inst/inst/regslice_both_real_r_V_data_V_U/tmp_product__0_i_2_n_0
    SLICE_X37Y72         CARRY4 (Prop_carry4_CI_CO[3])
                                                      0.114     4.354 r  bd_0_i/hls_inst/inst/regslice_both_real_r_V_data_V_U/tmp_product__0_i_1/CO[3]
                         net (fo=1, routed)           0.000     4.354    bd_0_i/hls_inst/inst/regslice_both_real_r_V_data_V_U/tmp_product__0_i_1_n_0
    SLICE_X37Y73         CARRY4 (Prop_carry4_CI_CO[3])
                                                      0.114     4.468 r  bd_0_i/hls_inst/inst/regslice_both_real_r_V_data_V_U/tmp_product_i_4/CO[3]
                         net (fo=1, routed)           0.000     4.468    bd_0_i/hls_inst/inst/regslice_both_real_r_V_data_V_U/tmp_product_i_4_n_0
    SLICE_X37Y74         CARRY4 (Prop_carry4_CI_CO[3])
                                                      0.114     4.582 r  bd_0_i/hls_inst/inst/regslice_both_real_r_V_data_V_U/tmp_product_i_3/CO[3]
                         net (fo=1, routed)           0.009     4.591    bd_0_i/hls_inst/inst/regslice_both_real_r_V_data_V_U/tmp_product_i_3_n_0
    SLICE_X37Y75         CARRY4 (Prop_carry4_CI_CO[3])
                                                      0.114     4.705 r  bd_0_i/hls_inst/inst/regslice_both_real_r_V_data_V_U/tmp_product_i_2/CO[3]
                         net (fo=1, routed)           0.000     4.705    bd_0_i/hls_inst/inst/regslice_both_real_r_V_data_V_U/tmp_product_i_2_n_0
    SLICE_X37Y76         CARRY4 (Prop_carry4_CI_O[3])
                                                      0.313     5.018 r  bd_0_i/hls_inst/inst/regslice_both_real_r_V_data_V_U/tmp_product_i_1/O[3]
                         net (fo=20, routed)          1.118     6.135    bd_0_i/hls_inst/inst/mul_32s_32s_54_2_1_U2/O49[31]
    DSP48_X2Y29          DSP48E1                                      r  bd_0_i/hls_inst/inst/mul_32s_32s_54_2_1_U2/dout_reg/A[25]
  -------------------------------------------------------------------    -------------------

                         (clock ap_clk rise edge)    10.000    10.000 r  
                                                      0.000    10.000 r  ap_clk (IN)
                         net (fo=533, unset)          0.924    10.924    bd_0_i/hls_inst/inst/mul_32s_32s_54_2_1_U2/ap_clk
    DSP48_X2Y29          DSP48E1                                      r  bd_0_i/hls_inst/inst/mul_32s_32s_54_2_1_U2/dout_reg/CLK
                         clock pessimism              0.000    10.924    
                         clock uncertainty           -0.035    10.889    
    DSP48_X2Y29          DSP48E1 (Setup_dsp48e1_CLK_A[25])
                                                     -0.544    10.345    bd_0_i/hls_inst/inst/mul_32s_32s_54_2_1_U2/dout_reg
  -------------------------------------------------------------------
                         required time                         10.345    
                         arrival time                          -6.135    
  -------------------------------------------------------------------
                         slack                                  4.210    





Min Delay Paths
--------------------------------------------------------------------------------------
Slack (MET) :             0.097ns  (arrival time - required time)
  Source:                 bd_0_i/hls_inst/inst/quadrature_demodulator_stream_stream_stream_axis_0_shift_register_imag_1_reg[17]/C
                            (rising edge-triggered cell FDRE clocked by ap_clk  {rise@0.000ns fall@5.000ns period=10.000ns})
  Destination:            bd_0_i/hls_inst/inst/quadrature_demodulator_stream_stream_stream_axis_0_shift_register_imag_reg[17]/D
                            (rising edge-triggered cell FDRE clocked by ap_clk  {rise@0.000ns fall@5.000ns period=10.000ns})
  Path Group:             ap_clk
  Path Type:              Hold (Min at Fast Process Corner)
  Requirement:            0.000ns  (ap_clk rise@0.000ns - ap_clk rise@0.000ns)
  Data Path Delay:        0.197ns  (logic 0.141ns (71.611%)  route 0.056ns (28.389%))
  Logic Levels:           0  
  Clock Path Skew:        0.022ns (DCD - SCD - CPR)
    Destination Clock Delay (DCD):    0.432ns
    Source Clock Delay      (SCD):    0.410ns
    Clock Pessimism Removal (CPR):    -0.000ns

    Location             Delay type                Incr(ns)  Path(ns)    Netlist Resource(s)
  -------------------------------------------------------------------    -------------------
                         (clock ap_clk rise edge)     0.000     0.000 r  
                                                      0.000     0.000 r  ap_clk (IN)
                         net (fo=533, unset)          0.410     0.410    bd_0_i/hls_inst/inst/ap_clk
    SLICE_X41Y72         FDRE                                         r  bd_0_i/hls_inst/inst/quadrature_demodulator_stream_stream_stream_axis_0_shift_register_imag_1_reg[17]/C
  -------------------------------------------------------------------    -------------------
    SLICE_X41Y72         FDRE (Prop_fdre_C_Q)         0.141     0.551 r  bd_0_i/hls_inst/inst/quadrature_demodulator_stream_stream_stream_axis_0_shift_register_imag_1_reg[17]/Q
                         net (fo=1, routed)           0.056     0.607    bd_0_i/hls_inst/inst/quadrature_demodulator_stream_stream_stream_axis_0_shift_register_imag_1[17]
    SLICE_X41Y72         FDRE                                         r  bd_0_i/hls_inst/inst/quadrature_demodulator_stream_stream_stream_axis_0_shift_register_imag_reg[17]/D
  -------------------------------------------------------------------    -------------------

                         (clock ap_clk rise edge)     0.000     0.000 r  
                                                      0.000     0.000 r  ap_clk (IN)
                         net (fo=533, unset)          0.432     0.432    bd_0_i/hls_inst/inst/ap_clk
    SLICE_X41Y72         FDRE                                         r  bd_0_i/hls_inst/inst/quadrature_demodulator_stream_stream_stream_axis_0_shift_register_imag_reg[17]/C
                         clock pessimism              0.000     0.432    
    SLICE_X41Y72         FDRE (Hold_fdre_C_D)         0.078     0.510    bd_0_i/hls_inst/inst/quadrature_demodulator_stream_stream_stream_axis_0_shift_register_imag_reg[17]
  -------------------------------------------------------------------
                         required time                         -0.510    
                         arrival time                           0.607    
  -------------------------------------------------------------------
                         slack                                  0.097    

Slack (MET) :             0.097ns  (arrival time - required time)
  Source:                 bd_0_i/hls_inst/inst/quadrature_demodulator_stream_stream_stream_axis_0_shift_register_real_1_reg[26]/C
                            (rising edge-triggered cell FDRE clocked by ap_clk  {rise@0.000ns fall@5.000ns period=10.000ns})
  Destination:            bd_0_i/hls_inst/inst/quadrature_demodulator_stream_stream_stream_axis_0_shift_register_real_reg[26]/D
                            (rising edge-triggered cell FDRE clocked by ap_clk  {rise@0.000ns fall@5.000ns period=10.000ns})
  Path Group:             ap_clk
  Path Type:              Hold (Min at Fast Process Corner)
  Requirement:            0.000ns  (ap_clk rise@0.000ns - ap_clk rise@0.000ns)
  Data Path Delay:        0.197ns  (logic 0.141ns (71.611%)  route 0.056ns (28.389%))
  Logic Levels:           0  
  Clock Path Skew:        0.022ns (DCD - SCD - CPR)
    Destination Clock Delay (DCD):    0.432ns
    Source Clock Delay      (SCD):    0.410ns
    Clock Pessimism Removal (CPR):    -0.000ns

    Location             Delay type                Incr(ns)  Path(ns)    Netlist Resource(s)
  -------------------------------------------------------------------    -------------------
                         (clock ap_clk rise edge)     0.000     0.000 r  
                                                      0.000     0.000 r  ap_clk (IN)
                         net (fo=533, unset)          0.410     0.410    bd_0_i/hls_inst/inst/ap_clk
    SLICE_X37Y77         FDRE                                         r  bd_0_i/hls_inst/inst/quadrature_demodulator_stream_stream_stream_axis_0_shift_register_real_1_reg[26]/C
  -------------------------------------------------------------------    -------------------
    SLICE_X37Y77         FDRE (Prop_fdre_C_Q)         0.141     0.551 r  bd_0_i/hls_inst/inst/quadrature_demodulator_stream_stream_stream_axis_0_shift_register_real_1_reg[26]/Q
                         net (fo=1, routed)           0.056     0.607    bd_0_i/hls_inst/inst/quadrature_demodulator_stream_stream_stream_axis_0_shift_register_real_1[26]
    SLICE_X37Y77         FDRE                                         r  bd_0_i/hls_inst/inst/quadrature_demodulator_stream_stream_stream_axis_0_shift_register_real_reg[26]/D
  -------------------------------------------------------------------    -------------------

                         (clock ap_clk rise edge)     0.000     0.000 r  
                                                      0.000     0.000 r  ap_clk (IN)
                         net (fo=533, unset)          0.432     0.432    bd_0_i/hls_inst/inst/ap_clk
    SLICE_X37Y77         FDRE                                         r  bd_0_i/hls_inst/inst/quadrature_demodulator_stream_stream_stream_axis_0_shift_register_real_reg[26]/C
                         clock pessimism              0.000     0.432    
    SLICE_X37Y77         FDRE (Hold_fdre_C_D)         0.078     0.510    bd_0_i/hls_inst/inst/quadrature_demodulator_stream_stream_stream_axis_0_shift_register_real_reg[26]
  -------------------------------------------------------------------
                         required time                         -0.510    
                         arrival time                           0.607    
  -------------------------------------------------------------------
                         slack                                  0.097    

Slack (MET) :             0.099ns  (arrival time - required time)
  Source:                 bd_0_i/hls_inst/inst/quadrature_demodulator_stream_stream_stream_axis_0_shift_register_imag_1_reg[15]/C
                            (rising edge-triggered cell FDRE clocked by ap_clk  {rise@0.000ns fall@5.000ns period=10.000ns})
  Destination:            bd_0_i/hls_inst/inst/quadrature_demodulator_stream_stream_stream_axis_0_shift_register_imag_reg[15]/D
                            (rising edge-triggered cell FDRE clocked by ap_clk  {rise@0.000ns fall@5.000ns period=10.000ns})
  Path Group:             ap_clk
  Path Type:              Hold (Min at Fast Process Corner)
  Requirement:            0.000ns  (ap_clk rise@0.000ns - ap_clk rise@0.000ns)
  Data Path Delay:        0.197ns  (logic 0.141ns (71.611%)  route 0.056ns (28.389%))
  Logic Levels:           0  
  Clock Path Skew:        0.022ns (DCD - SCD - CPR)
    Destination Clock Delay (DCD):    0.432ns
    Source Clock Delay      (SCD):    0.410ns
    Clock Pessimism Removal (CPR):    -0.000ns

    Location             Delay type                Incr(ns)  Path(ns)    Netlist Resource(s)
  -------------------------------------------------------------------    -------------------
                         (clock ap_clk rise edge)     0.000     0.000 r  
                                                      0.000     0.000 r  ap_clk (IN)
                         net (fo=533, unset)          0.410     0.410    bd_0_i/hls_inst/inst/ap_clk
    SLICE_X41Y72         FDRE                                         r  bd_0_i/hls_inst/inst/quadrature_demodulator_stream_stream_stream_axis_0_shift_register_imag_1_reg[15]/C
  -------------------------------------------------------------------    -------------------
    SLICE_X41Y72         FDRE (Prop_fdre_C_Q)         0.141     0.551 r  bd_0_i/hls_inst/inst/quadrature_demodulator_stream_stream_stream_axis_0_shift_register_imag_1_reg[15]/Q
                         net (fo=1, routed)           0.056     0.607    bd_0_i/hls_inst/inst/quadrature_demodulator_stream_stream_stream_axis_0_shift_register_imag_1[15]
    SLICE_X41Y72         FDRE                                         r  bd_0_i/hls_inst/inst/quadrature_demodulator_stream_stream_stream_axis_0_shift_register_imag_reg[15]/D
  -------------------------------------------------------------------    -------------------

                         (clock ap_clk rise edge)     0.000     0.000 r  
                                                      0.000     0.000 r  ap_clk (IN)
                         net (fo=533, unset)          0.432     0.432    bd_0_i/hls_inst/inst/ap_clk
    SLICE_X41Y72         FDRE                                         r  bd_0_i/hls_inst/inst/quadrature_demodulator_stream_stream_stream_axis_0_shift_register_imag_reg[15]/C
                         clock pessimism              0.000     0.432    
    SLICE_X41Y72         FDRE (Hold_fdre_C_D)         0.076     0.508    bd_0_i/hls_inst/inst/quadrature_demodulator_stream_stream_stream_axis_0_shift_register_imag_reg[15]
  -------------------------------------------------------------------
                         required time                         -0.508    
                         arrival time                           0.607    
  -------------------------------------------------------------------
                         slack                                  0.099    

Slack (MET) :             0.099ns  (arrival time - required time)
  Source:                 bd_0_i/hls_inst/inst/quadrature_demodulator_stream_stream_stream_axis_0_shift_register_real_1_reg[23]/C
                            (rising edge-triggered cell FDRE clocked by ap_clk  {rise@0.000ns fall@5.000ns period=10.000ns})
  Destination:            bd_0_i/hls_inst/inst/quadrature_demodulator_stream_stream_stream_axis_0_shift_register_real_reg[23]/D
                            (rising edge-triggered cell FDRE clocked by ap_clk  {rise@0.000ns fall@5.000ns period=10.000ns})
  Path Group:             ap_clk
  Path Type:              Hold (Min at Fast Process Corner)
  Requirement:            0.000ns  (ap_clk rise@0.000ns - ap_clk rise@0.000ns)
  Data Path Delay:        0.197ns  (logic 0.141ns (71.611%)  route 0.056ns (28.389%))
  Logic Levels:           0  
  Clock Path Skew:        0.022ns (DCD - SCD - CPR)
    Destination Clock Delay (DCD):    0.432ns
    Source Clock Delay      (SCD):    0.410ns
    Clock Pessimism Removal (CPR):    -0.000ns

    Location             Delay type                Incr(ns)  Path(ns)    Netlist Resource(s)
  -------------------------------------------------------------------    -------------------
                         (clock ap_clk rise edge)     0.000     0.000 r  
                                                      0.000     0.000 r  ap_clk (IN)
                         net (fo=533, unset)          0.410     0.410    bd_0_i/hls_inst/inst/ap_clk
    SLICE_X37Y77         FDRE                                         r  bd_0_i/hls_inst/inst/quadrature_demodulator_stream_stream_stream_axis_0_shift_register_real_1_reg[23]/C
  -------------------------------------------------------------------    -------------------
    SLICE_X37Y77         FDRE (Prop_fdre_C_Q)         0.141     0.551 r  bd_0_i/hls_inst/inst/quadrature_demodulator_stream_stream_stream_axis_0_shift_register_real_1_reg[23]/Q
                         net (fo=1, routed)           0.056     0.607    bd_0_i/hls_inst/inst/quadrature_demodulator_stream_stream_stream_axis_0_shift_register_real_1[23]
    SLICE_X37Y77         FDRE                                         r  bd_0_i/hls_inst/inst/quadrature_demodulator_stream_stream_stream_axis_0_shift_register_real_reg[23]/D
  -------------------------------------------------------------------    -------------------

                         (clock ap_clk rise edge)     0.000     0.000 r  
                                                      0.000     0.000 r  ap_clk (IN)
                         net (fo=533, unset)          0.432     0.432    bd_0_i/hls_inst/inst/ap_clk
    SLICE_X37Y77         FDRE                                         r  bd_0_i/hls_inst/inst/quadrature_demodulator_stream_stream_stream_axis_0_shift_register_real_reg[23]/C
                         clock pessimism              0.000     0.432    
    SLICE_X37Y77         FDRE (Hold_fdre_C_D)         0.076     0.508    bd_0_i/hls_inst/inst/quadrature_demodulator_stream_stream_stream_axis_0_shift_register_real_reg[23]
  -------------------------------------------------------------------
                         required time                         -0.508    
                         arrival time                           0.607    
  -------------------------------------------------------------------
                         slack                                  0.099    

Slack (MET) :             0.100ns  (arrival time - required time)
  Source:                 bd_0_i/hls_inst/inst/quadrature_demodulator_stream_stream_stream_axis_0_shift_register_imag_1_reg[12]/C
                            (rising edge-triggered cell FDRE clocked by ap_clk  {rise@0.000ns fall@5.000ns period=10.000ns})
  Destination:            bd_0_i/hls_inst/inst/quadrature_demodulator_stream_stream_stream_axis_0_shift_register_imag_reg[12]/D
                            (rising edge-triggered cell FDRE clocked by ap_clk  {rise@0.000ns fall@5.000ns period=10.000ns})
  Path Group:             ap_clk
  Path Type:              Hold (Min at Fast Process Corner)
  Requirement:            0.000ns  (ap_clk rise@0.000ns - ap_clk rise@0.000ns)
  Data Path Delay:        0.197ns  (logic 0.141ns (71.611%)  route 0.056ns (28.389%))
  Logic Levels:           0  
  Clock Path Skew:        0.022ns (DCD - SCD - CPR)
    Destination Clock Delay (DCD):    0.432ns
    Source Clock Delay      (SCD):    0.410ns
    Clock Pessimism Removal (CPR):    -0.000ns

    Location             Delay type                Incr(ns)  Path(ns)    Netlist Resource(s)
  -------------------------------------------------------------------    -------------------
                         (clock ap_clk rise edge)     0.000     0.000 r  
                                                      0.000     0.000 r  ap_clk (IN)
                         net (fo=533, unset)          0.410     0.410    bd_0_i/hls_inst/inst/ap_clk
    SLICE_X41Y72         FDRE                                         r  bd_0_i/hls_inst/inst/quadrature_demodulator_stream_stream_stream_axis_0_shift_register_imag_1_reg[12]/C
  -------------------------------------------------------------------    -------------------
    SLICE_X41Y72         FDRE (Prop_fdre_C_Q)         0.141     0.551 r  bd_0_i/hls_inst/inst/quadrature_demodulator_stream_stream_stream_axis_0_shift_register_imag_1_reg[12]/Q
                         net (fo=1, routed)           0.056     0.607    bd_0_i/hls_inst/inst/quadrature_demodulator_stream_stream_stream_axis_0_shift_register_imag_1[12]
    SLICE_X41Y72         FDRE                                         r  bd_0_i/hls_inst/inst/quadrature_demodulator_stream_stream_stream_axis_0_shift_register_imag_reg[12]/D
  -------------------------------------------------------------------    -------------------

                         (clock ap_clk rise edge)     0.000     0.000 r  
                                                      0.000     0.000 r  ap_clk (IN)
                         net (fo=533, unset)          0.432     0.432    bd_0_i/hls_inst/inst/ap_clk
    SLICE_X41Y72         FDRE                                         r  bd_0_i/hls_inst/inst/quadrature_demodulator_stream_stream_stream_axis_0_shift_register_imag_reg[12]/C
                         clock pessimism              0.000     0.432    
    SLICE_X41Y72         FDRE (Hold_fdre_C_D)         0.075     0.507    bd_0_i/hls_inst/inst/quadrature_demodulator_stream_stream_stream_axis_0_shift_register_imag_reg[12]
  -------------------------------------------------------------------
                         required time                         -0.507    
                         arrival time                           0.607    
  -------------------------------------------------------------------
                         slack                                  0.100    

Slack (MET) :             0.100ns  (arrival time - required time)
  Source:                 bd_0_i/hls_inst/inst/quadrature_demodulator_stream_stream_stream_axis_0_shift_register_real_1_reg[21]/C
                            (rising edge-triggered cell FDRE clocked by ap_clk  {rise@0.000ns fall@5.000ns period=10.000ns})
  Destination:            bd_0_i/hls_inst/inst/quadrature_demodulator_stream_stream_stream_axis_0_shift_register_real_reg[21]/D
                            (rising edge-triggered cell FDRE clocked by ap_clk  {rise@0.000ns fall@5.000ns period=10.000ns})
  Path Group:             ap_clk
  Path Type:              Hold (Min at Fast Process Corner)
  Requirement:            0.000ns  (ap_clk rise@0.000ns - ap_clk rise@0.000ns)
  Data Path Delay:        0.197ns  (logic 0.141ns (71.611%)  route 0.056ns (28.389%))
  Logic Levels:           0  
  Clock Path Skew:        0.022ns (DCD - SCD - CPR)
    Destination Clock Delay (DCD):    0.432ns
    Source Clock Delay      (SCD):    0.410ns
    Clock Pessimism Removal (CPR):    -0.000ns

    Location             Delay type                Incr(ns)  Path(ns)    Netlist Resource(s)
  -------------------------------------------------------------------    -------------------
                         (clock ap_clk rise edge)     0.000     0.000 r  
                                                      0.000     0.000 r  ap_clk (IN)
                         net (fo=533, unset)          0.410     0.410    bd_0_i/hls_inst/inst/ap_clk
    SLICE_X37Y77         FDRE                                         r  bd_0_i/hls_inst/inst/quadrature_demodulator_stream_stream_stream_axis_0_shift_register_real_1_reg[21]/C
  -------------------------------------------------------------------    -------------------
    SLICE_X37Y77         FDRE (Prop_fdre_C_Q)         0.141     0.551 r  bd_0_i/hls_inst/inst/quadrature_demodulator_stream_stream_stream_axis_0_shift_register_real_1_reg[21]/Q
                         net (fo=1, routed)           0.056     0.607    bd_0_i/hls_inst/inst/quadrature_demodulator_stream_stream_stream_axis_0_shift_register_real_1[21]
    SLICE_X37Y77         FDRE                                         r  bd_0_i/hls_inst/inst/quadrature_demodulator_stream_stream_stream_axis_0_shift_register_real_reg[21]/D
  -------------------------------------------------------------------    -------------------

                         (clock ap_clk rise edge)     0.000     0.000 r  
                                                      0.000     0.000 r  ap_clk (IN)
                         net (fo=533, unset)          0.432     0.432    bd_0_i/hls_inst/inst/ap_clk
    SLICE_X37Y77         FDRE                                         r  bd_0_i/hls_inst/inst/quadrature_demodulator_stream_stream_stream_axis_0_shift_register_real_reg[21]/C
                         clock pessimism              0.000     0.432    
    SLICE_X37Y77         FDRE (Hold_fdre_C_D)         0.075     0.507    bd_0_i/hls_inst/inst/quadrature_demodulator_stream_stream_stream_axis_0_shift_register_real_reg[21]
  -------------------------------------------------------------------
                         required time                         -0.507    
                         arrival time                           0.607    
  -------------------------------------------------------------------
                         slack                                  0.100    

Slack (MET) :             0.104ns  (arrival time - required time)
  Source:                 bd_0_i/hls_inst/inst/quadrature_demodulator_stream_stream_stream_axis_0_shift_register_imag_1_reg[13]/C
                            (rising edge-triggered cell FDRE clocked by ap_clk  {rise@0.000ns fall@5.000ns period=10.000ns})
  Destination:            bd_0_i/hls_inst/inst/quadrature_demodulator_stream_stream_stream_axis_0_shift_register_imag_reg[13]/D
                            (rising edge-triggered cell FDRE clocked by ap_clk  {rise@0.000ns fall@5.000ns period=10.000ns})
  Path Group:             ap_clk
  Path Type:              Hold (Min at Fast Process Corner)
  Requirement:            0.000ns  (ap_clk rise@0.000ns - ap_clk rise@0.000ns)
  Data Path Delay:        0.197ns  (logic 0.141ns (71.611%)  route 0.056ns (28.389%))
  Logic Levels:           0  
  Clock Path Skew:        0.022ns (DCD - SCD - CPR)
    Destination Clock Delay (DCD):    0.432ns
    Source Clock Delay      (SCD):    0.410ns
    Clock Pessimism Removal (CPR):    -0.000ns

    Location             Delay type                Incr(ns)  Path(ns)    Netlist Resource(s)
  -------------------------------------------------------------------    -------------------
                         (clock ap_clk rise edge)     0.000     0.000 r  
                                                      0.000     0.000 r  ap_clk (IN)
                         net (fo=533, unset)          0.410     0.410    bd_0_i/hls_inst/inst/ap_clk
    SLICE_X41Y72         FDRE                                         r  bd_0_i/hls_inst/inst/quadrature_demodulator_stream_stream_stream_axis_0_shift_register_imag_1_reg[13]/C
  -------------------------------------------------------------------    -------------------
    SLICE_X41Y72         FDRE (Prop_fdre_C_Q)         0.141     0.551 r  bd_0_i/hls_inst/inst/quadrature_demodulator_stream_stream_stream_axis_0_shift_register_imag_1_reg[13]/Q
                         net (fo=1, routed)           0.056     0.607    bd_0_i/hls_inst/inst/quadrature_demodulator_stream_stream_stream_axis_0_shift_register_imag_1[13]
    SLICE_X41Y72         FDRE                                         r  bd_0_i/hls_inst/inst/quadrature_demodulator_stream_stream_stream_axis_0_shift_register_imag_reg[13]/D
  -------------------------------------------------------------------    -------------------

                         (clock ap_clk rise edge)     0.000     0.000 r  
                                                      0.000     0.000 r  ap_clk (IN)
                         net (fo=533, unset)          0.432     0.432    bd_0_i/hls_inst/inst/ap_clk
    SLICE_X41Y72         FDRE                                         r  bd_0_i/hls_inst/inst/quadrature_demodulator_stream_stream_stream_axis_0_shift_register_imag_reg[13]/C
                         clock pessimism              0.000     0.432    
    SLICE_X41Y72         FDRE (Hold_fdre_C_D)         0.071     0.503    bd_0_i/hls_inst/inst/quadrature_demodulator_stream_stream_stream_axis_0_shift_register_imag_reg[13]
  -------------------------------------------------------------------
                         required time                         -0.503    
                         arrival time                           0.607    
  -------------------------------------------------------------------
                         slack                                  0.104    

Slack (MET) :             0.104ns  (arrival time - required time)
  Source:                 bd_0_i/hls_inst/inst/quadrature_demodulator_stream_stream_stream_axis_0_shift_register_real_1_reg[22]/C
                            (rising edge-triggered cell FDRE clocked by ap_clk  {rise@0.000ns fall@5.000ns period=10.000ns})
  Destination:            bd_0_i/hls_inst/inst/quadrature_demodulator_stream_stream_stream_axis_0_shift_register_real_reg[22]/D
                            (rising edge-triggered cell FDRE clocked by ap_clk  {rise@0.000ns fall@5.000ns period=10.000ns})
  Path Group:             ap_clk
  Path Type:              Hold (Min at Fast Process Corner)
  Requirement:            0.000ns  (ap_clk rise@0.000ns - ap_clk rise@0.000ns)
  Data Path Delay:        0.197ns  (logic 0.141ns (71.611%)  route 0.056ns (28.389%))
  Logic Levels:           0  
  Clock Path Skew:        0.022ns (DCD - SCD - CPR)
    Destination Clock Delay (DCD):    0.432ns
    Source Clock Delay      (SCD):    0.410ns
    Clock Pessimism Removal (CPR):    -0.000ns

    Location             Delay type                Incr(ns)  Path(ns)    Netlist Resource(s)
  -------------------------------------------------------------------    -------------------
                         (clock ap_clk rise edge)     0.000     0.000 r  
                                                      0.000     0.000 r  ap_clk (IN)
                         net (fo=533, unset)          0.410     0.410    bd_0_i/hls_inst/inst/ap_clk
    SLICE_X37Y77         FDRE                                         r  bd_0_i/hls_inst/inst/quadrature_demodulator_stream_stream_stream_axis_0_shift_register_real_1_reg[22]/C
  -------------------------------------------------------------------    -------------------
    SLICE_X37Y77         FDRE (Prop_fdre_C_Q)         0.141     0.551 r  bd_0_i/hls_inst/inst/quadrature_demodulator_stream_stream_stream_axis_0_shift_register_real_1_reg[22]/Q
                         net (fo=1, routed)           0.056     0.607    bd_0_i/hls_inst/inst/quadrature_demodulator_stream_stream_stream_axis_0_shift_register_real_1[22]
    SLICE_X37Y77         FDRE                                         r  bd_0_i/hls_inst/inst/quadrature_demodulator_stream_stream_stream_axis_0_shift_register_real_reg[22]/D
  -------------------------------------------------------------------    -------------------

                         (clock ap_clk rise edge)     0.000     0.000 r  
                                                      0.000     0.000 r  ap_clk (IN)
                         net (fo=533, unset)          0.432     0.432    bd_0_i/hls_inst/inst/ap_clk
    SLICE_X37Y77         FDRE                                         r  bd_0_i/hls_inst/inst/quadrature_demodulator_stream_stream_stream_axis_0_shift_register_real_reg[22]/C
                         clock pessimism              0.000     0.432    
    SLICE_X37Y77         FDRE (Hold_fdre_C_D)         0.071     0.503    bd_0_i/hls_inst/inst/quadrature_demodulator_stream_stream_stream_axis_0_shift_register_real_reg[22]
  -------------------------------------------------------------------
                         required time                         -0.503    
                         arrival time                           0.607    
  -------------------------------------------------------------------
                         slack                                  0.104    

Slack (MET) :             0.134ns  (arrival time - required time)
  Source:                 bd_0_i/hls_inst/inst/quadrature_demodulator_stream_stream_stream_axis_0_shift_register_imag_1_reg[8]/C
                            (rising edge-triggered cell FDRE clocked by ap_clk  {rise@0.000ns fall@5.000ns period=10.000ns})
  Destination:            bd_0_i/hls_inst/inst/quadrature_demodulator_stream_stream_stream_axis_0_shift_register_imag_reg[8]/D
                            (rising edge-triggered cell FDRE clocked by ap_clk  {rise@0.000ns fall@5.000ns period=10.000ns})
  Path Group:             ap_clk
  Path Type:              Hold (Min at Fast Process Corner)
  Requirement:            0.000ns  (ap_clk rise@0.000ns - ap_clk rise@0.000ns)
  Data Path Delay:        0.220ns  (logic 0.164ns (74.580%)  route 0.056ns (25.420%))
  Logic Levels:           0  
  Clock Path Skew:        0.022ns (DCD - SCD - CPR)
    Destination Clock Delay (DCD):    0.432ns
    Source Clock Delay      (SCD):    0.410ns
    Clock Pessimism Removal (CPR):    -0.000ns

    Location             Delay type                Incr(ns)  Path(ns)    Netlist Resource(s)
  -------------------------------------------------------------------    -------------------
                         (clock ap_clk rise edge)     0.000     0.000 r  
                                                      0.000     0.000 r  ap_clk (IN)
                         net (fo=533, unset)          0.410     0.410    bd_0_i/hls_inst/inst/ap_clk
    SLICE_X42Y71         FDRE                                         r  bd_0_i/hls_inst/inst/quadrature_demodulator_stream_stream_stream_axis_0_shift_register_imag_1_reg[8]/C
  -------------------------------------------------------------------    -------------------
    SLICE_X42Y71         FDRE (Prop_fdre_C_Q)         0.164     0.574 r  bd_0_i/hls_inst/inst/quadrature_demodulator_stream_stream_stream_axis_0_shift_register_imag_1_reg[8]/Q
                         net (fo=1, routed)           0.056     0.630    bd_0_i/hls_inst/inst/quadrature_demodulator_stream_stream_stream_axis_0_shift_register_imag_1[8]
    SLICE_X42Y71         FDRE                                         r  bd_0_i/hls_inst/inst/quadrature_demodulator_stream_stream_stream_axis_0_shift_register_imag_reg[8]/D
  -------------------------------------------------------------------    -------------------

                         (clock ap_clk rise edge)     0.000     0.000 r  
                                                      0.000     0.000 r  ap_clk (IN)
                         net (fo=533, unset)          0.432     0.432    bd_0_i/hls_inst/inst/ap_clk
    SLICE_X42Y71         FDRE                                         r  bd_0_i/hls_inst/inst/quadrature_demodulator_stream_stream_stream_axis_0_shift_register_imag_reg[8]/C
                         clock pessimism              0.000     0.432    
    SLICE_X42Y71         FDRE (Hold_fdre_C_D)         0.064     0.496    bd_0_i/hls_inst/inst/quadrature_demodulator_stream_stream_stream_axis_0_shift_register_imag_reg[8]
  -------------------------------------------------------------------
                         required time                         -0.496    
                         arrival time                           0.630    
  -------------------------------------------------------------------
                         slack                                  0.134    

Slack (MET) :             0.134ns  (arrival time - required time)
  Source:                 bd_0_i/hls_inst/inst/quadrature_demodulator_stream_stream_stream_axis_0_shift_register_imag_1_reg[9]/C
                            (rising edge-triggered cell FDRE clocked by ap_clk  {rise@0.000ns fall@5.000ns period=10.000ns})
  Destination:            bd_0_i/hls_inst/inst/quadrature_demodulator_stream_stream_stream_axis_0_shift_register_imag_reg[9]/D
                            (rising edge-triggered cell FDRE clocked by ap_clk  {rise@0.000ns fall@5.000ns period=10.000ns})
  Path Group:             ap_clk
  Path Type:              Hold (Min at Fast Process Corner)
  Requirement:            0.000ns  (ap_clk rise@0.000ns - ap_clk rise@0.000ns)
  Data Path Delay:        0.220ns  (logic 0.164ns (74.580%)  route 0.056ns (25.420%))
  Logic Levels:           0  
  Clock Path Skew:        0.022ns (DCD - SCD - CPR)
    Destination Clock Delay (DCD):    0.432ns
    Source Clock Delay      (SCD):    0.410ns
    Clock Pessimism Removal (CPR):    -0.000ns

    Location             Delay type                Incr(ns)  Path(ns)    Netlist Resource(s)
  -------------------------------------------------------------------    -------------------
                         (clock ap_clk rise edge)     0.000     0.000 r  
                                                      0.000     0.000 r  ap_clk (IN)
                         net (fo=533, unset)          0.410     0.410    bd_0_i/hls_inst/inst/ap_clk
    SLICE_X42Y71         FDRE                                         r  bd_0_i/hls_inst/inst/quadrature_demodulator_stream_stream_stream_axis_0_shift_register_imag_1_reg[9]/C
  -------------------------------------------------------------------    -------------------
    SLICE_X42Y71         FDRE (Prop_fdre_C_Q)         0.164     0.574 r  bd_0_i/hls_inst/inst/quadrature_demodulator_stream_stream_stream_axis_0_shift_register_imag_1_reg[9]/Q
                         net (fo=1, routed)           0.056     0.630    bd_0_i/hls_inst/inst/quadrature_demodulator_stream_stream_stream_axis_0_shift_register_imag_1[9]
    SLICE_X42Y71         FDRE                                         r  bd_0_i/hls_inst/inst/quadrature_demodulator_stream_stream_stream_axis_0_shift_register_imag_reg[9]/D
  -------------------------------------------------------------------    -------------------

                         (clock ap_clk rise edge)     0.000     0.000 r  
                                                      0.000     0.000 r  ap_clk (IN)
                         net (fo=533, unset)          0.432     0.432    bd_0_i/hls_inst/inst/ap_clk
    SLICE_X42Y71         FDRE                                         r  bd_0_i/hls_inst/inst/quadrature_demodulator_stream_stream_stream_axis_0_shift_register_imag_reg[9]/C
                         clock pessimism              0.000     0.432    
    SLICE_X42Y71         FDRE (Hold_fdre_C_D)         0.064     0.496    bd_0_i/hls_inst/inst/quadrature_demodulator_stream_stream_stream_axis_0_shift_register_imag_reg[9]
  -------------------------------------------------------------------
                         required time                         -0.496    
                         arrival time                           0.630    
  -------------------------------------------------------------------
                         slack                                  0.134    





Pulse Width Checks
--------------------------------------------------------------------------------------
Clock Name:         ap_clk
Waveform(ns):       { 0.000 5.000 }
Period(ns):         10.000
Sources:            { ap_clk }

Check Type        Corner  Lib Pin      Reference Pin  Required(ns)  Actual(ns)  Slack(ns)  Location      Pin
Min Period        n/a     DSP48E1/CLK  n/a            3.884         10.000      6.116      DSP48_X2Y33   bd_0_i/hls_inst/inst/mul_32s_32s_54_2_1_U1/dout_reg/CLK
Min Period        n/a     DSP48E1/CLK  n/a            3.884         10.000      6.116      DSP48_X2Y29   bd_0_i/hls_inst/inst/mul_32s_32s_54_2_1_U2/dout_reg/CLK
Min Period        n/a     DSP48E1/CLK  n/a            3.687         10.000      6.313      DSP48_X2Y31   bd_0_i/hls_inst/inst/mul_32s_32s_54_2_1_U1/dout_reg__0/CLK
Min Period        n/a     DSP48E1/CLK  n/a            3.687         10.000      6.313      DSP48_X2Y27   bd_0_i/hls_inst/inst/mul_32s_32s_54_2_1_U2/dout_reg__0/CLK
Min Period        n/a     FDSE/C       n/a            1.000         10.000      9.000      SLICE_X44Y74  bd_0_i/hls_inst/inst/ap_CS_fsm_reg[0]/C
Min Period        n/a     FDRE/C       n/a            1.000         10.000      9.000      SLICE_X41Y76  bd_0_i/hls_inst/inst/ap_CS_fsm_reg[1]/C
Min Period        n/a     FDRE/C       n/a            1.000         10.000      9.000      SLICE_X41Y76  bd_0_i/hls_inst/inst/ap_CS_fsm_reg[2]/C
Min Period        n/a     FDRE/C       n/a            1.000         10.000      9.000      SLICE_X44Y74  bd_0_i/hls_inst/inst/ap_CS_fsm_reg[3]/C
Min Period        n/a     FDRE/C       n/a            1.000         10.000      9.000      SLICE_X44Y74  bd_0_i/hls_inst/inst/ap_CS_fsm_reg[4]/C
Min Period        n/a     FDRE/C       n/a            1.000         10.000      9.000      SLICE_X39Y68  bd_0_i/hls_inst/inst/quadrature_demodulator_stream_stream_stream_axis_0_shift_register_imag_1_reg[0]/C
Low Pulse Width   Slow    FDSE/C       n/a            0.500         5.000       4.500      SLICE_X44Y74  bd_0_i/hls_inst/inst/ap_CS_fsm_reg[0]/C
Low Pulse Width   Fast    FDSE/C       n/a            0.500         5.000       4.500      SLICE_X44Y74  bd_0_i/hls_inst/inst/ap_CS_fsm_reg[0]/C
Low Pulse Width   Slow    FDRE/C       n/a            0.500         5.000       4.500      SLICE_X41Y76  bd_0_i/hls_inst/inst/ap_CS_fsm_reg[1]/C
Low Pulse Width   Fast    FDRE/C       n/a            0.500         5.000       4.500      SLICE_X41Y76  bd_0_i/hls_inst/inst/ap_CS_fsm_reg[1]/C
Low Pulse Width   Slow    FDRE/C       n/a            0.500         5.000       4.500      SLICE_X41Y76  bd_0_i/hls_inst/inst/ap_CS_fsm_reg[2]/C
Low Pulse Width   Fast    FDRE/C       n/a            0.500         5.000       4.500      SLICE_X41Y76  bd_0_i/hls_inst/inst/ap_CS_fsm_reg[2]/C
Low Pulse Width   Slow    FDRE/C       n/a            0.500         5.000       4.500      SLICE_X44Y74  bd_0_i/hls_inst/inst/ap_CS_fsm_reg[3]/C
Low Pulse Width   Fast    FDRE/C       n/a            0.500         5.000       4.500      SLICE_X44Y74  bd_0_i/hls_inst/inst/ap_CS_fsm_reg[3]/C
Low Pulse Width   Slow    FDRE/C       n/a            0.500         5.000       4.500      SLICE_X44Y74  bd_0_i/hls_inst/inst/ap_CS_fsm_reg[4]/C
Low Pulse Width   Fast    FDRE/C       n/a            0.500         5.000       4.500      SLICE_X44Y74  bd_0_i/hls_inst/inst/ap_CS_fsm_reg[4]/C
High Pulse Width  Slow    FDSE/C       n/a            0.500         5.000       4.500      SLICE_X44Y74  bd_0_i/hls_inst/inst/ap_CS_fsm_reg[0]/C
High Pulse Width  Fast    FDSE/C       n/a            0.500         5.000       4.500      SLICE_X44Y74  bd_0_i/hls_inst/inst/ap_CS_fsm_reg[0]/C
High Pulse Width  Slow    FDRE/C       n/a            0.500         5.000       4.500      SLICE_X41Y76  bd_0_i/hls_inst/inst/ap_CS_fsm_reg[1]/C
High Pulse Width  Fast    FDRE/C       n/a            0.500         5.000       4.500      SLICE_X41Y76  bd_0_i/hls_inst/inst/ap_CS_fsm_reg[1]/C
High Pulse Width  Slow    FDRE/C       n/a            0.500         5.000       4.500      SLICE_X41Y76  bd_0_i/hls_inst/inst/ap_CS_fsm_reg[2]/C
High Pulse Width  Fast    FDRE/C       n/a            0.500         5.000       4.500      SLICE_X41Y76  bd_0_i/hls_inst/inst/ap_CS_fsm_reg[2]/C
High Pulse Width  Slow    FDRE/C       n/a            0.500         5.000       4.500      SLICE_X44Y74  bd_0_i/hls_inst/inst/ap_CS_fsm_reg[3]/C
High Pulse Width  Fast    FDRE/C       n/a            0.500         5.000       4.500      SLICE_X44Y74  bd_0_i/hls_inst/inst/ap_CS_fsm_reg[3]/C
High Pulse Width  Slow    FDRE/C       n/a            0.500         5.000       4.500      SLICE_X44Y74  bd_0_i/hls_inst/inst/ap_CS_fsm_reg[4]/C
High Pulse Width  Fast    FDRE/C       n/a            0.500         5.000       4.500      SLICE_X44Y74  bd_0_i/hls_inst/inst/ap_CS_fsm_reg[4]/C



--------------------------------------------------------------------------------------
Path Group:  (none)
From Clock:  ap_clk
  To Clock:  

Max Delay            36 Endpoints
Min Delay            36 Endpoints
--------------------------------------------------------------------------------------


Max Delay Paths
--------------------------------------------------------------------------------------
Slack:                    inf
  Source:                 bd_0_i/hls_inst/inst/regslice_both_output_r_V_data_V_U/B_V_data_1_sel_rd_reg/C
                            (rising edge-triggered cell FDRE clocked by ap_clk  {rise@0.000ns fall@5.000ns period=10.000ns})
  Destination:            output_r_tdata[22]
                            (output port)
  Path Group:             (none)
  Path Type:              Max at Slow Process Corner
  Data Path Delay:        2.810ns  (logic 0.670ns (23.844%)  route 2.140ns (76.156%))
  Logic Levels:           1  (LUT3=1)
  Clock Uncertainty:      0.025ns  ((TSJ^2 + TIJ^2)^1/2 + DJ) / 2 + PE
    Total System Jitter     (TSJ):    0.050ns
    Total Input Jitter      (TIJ):    0.000ns
    Discrete Jitter          (DJ):    0.000ns
    Phase Error              (PE):    0.000ns

    Location             Delay type                Incr(ns)  Path(ns)    Netlist Resource(s)
  -------------------------------------------------------------------    -------------------
                         (clock ap_clk rise edge)     0.000     0.000 r  
                                                      0.000     0.000 r  ap_clk (IN)
                         net (fo=533, unset)          0.973     0.973    bd_0_i/hls_inst/inst/regslice_both_output_r_V_data_V_U/ap_clk
    SLICE_X32Y71         FDRE                                         r  bd_0_i/hls_inst/inst/regslice_both_output_r_V_data_V_U/B_V_data_1_sel_rd_reg/C
  -------------------------------------------------------------------    -------------------
    SLICE_X32Y71         FDRE (Prop_fdre_C_Q)         0.518     1.491 r  bd_0_i/hls_inst/inst/regslice_both_output_r_V_data_V_U/B_V_data_1_sel_rd_reg/Q
                         net (fo=33, routed)          1.167     2.658    bd_0_i/hls_inst/inst/regslice_both_output_r_V_data_V_U/B_V_data_1_sel_rd_reg_n_0
    SLICE_X33Y74         LUT3 (Prop_lut3_I2_O)        0.152     2.810 r  bd_0_i/hls_inst/inst/regslice_both_output_r_V_data_V_U/output_r_TDATA[22]_INST_0/O
                         net (fo=0)                   0.973     3.783    output_r_tdata[22]
                                                                      r  output_r_tdata[22] (OUT)
  -------------------------------------------------------------------    -------------------

Slack:                    inf
  Source:                 bd_0_i/hls_inst/inst/regslice_both_output_r_V_data_V_U/B_V_data_1_sel_rd_reg/C
                            (rising edge-triggered cell FDRE clocked by ap_clk  {rise@0.000ns fall@5.000ns period=10.000ns})
  Destination:            output_r_tdata[21]
                            (output port)
  Path Group:             (none)
  Path Type:              Max at Slow Process Corner
  Data Path Delay:        2.782ns  (logic 0.642ns (23.078%)  route 2.140ns (76.922%))
  Logic Levels:           1  (LUT3=1)
  Clock Uncertainty:      0.025ns  ((TSJ^2 + TIJ^2)^1/2 + DJ) / 2 + PE
    Total System Jitter     (TSJ):    0.050ns
    Total Input Jitter      (TIJ):    0.000ns
    Discrete Jitter          (DJ):    0.000ns
    Phase Error              (PE):    0.000ns

    Location             Delay type                Incr(ns)  Path(ns)    Netlist Resource(s)
  -------------------------------------------------------------------    -------------------
                         (clock ap_clk rise edge)     0.000     0.000 r  
                                                      0.000     0.000 r  ap_clk (IN)
                         net (fo=533, unset)          0.973     0.973    bd_0_i/hls_inst/inst/regslice_both_output_r_V_data_V_U/ap_clk
    SLICE_X32Y71         FDRE                                         r  bd_0_i/hls_inst/inst/regslice_both_output_r_V_data_V_U/B_V_data_1_sel_rd_reg/C
  -------------------------------------------------------------------    -------------------
    SLICE_X32Y71         FDRE (Prop_fdre_C_Q)         0.518     1.491 r  bd_0_i/hls_inst/inst/regslice_both_output_r_V_data_V_U/B_V_data_1_sel_rd_reg/Q
                         net (fo=33, routed)          1.167     2.658    bd_0_i/hls_inst/inst/regslice_both_output_r_V_data_V_U/B_V_data_1_sel_rd_reg_n_0
    SLICE_X33Y74         LUT3 (Prop_lut3_I2_O)        0.124     2.782 r  bd_0_i/hls_inst/inst/regslice_both_output_r_V_data_V_U/output_r_TDATA[21]_INST_0/O
                         net (fo=0)                   0.973     3.755    output_r_tdata[21]
                                                                      r  output_r_tdata[21] (OUT)
  -------------------------------------------------------------------    -------------------

Slack:                    inf
  Source:                 bd_0_i/hls_inst/inst/regslice_both_output_r_V_data_V_U/B_V_data_1_payload_A_reg[1]/C
                            (rising edge-triggered cell FDRE clocked by ap_clk  {rise@0.000ns fall@5.000ns period=10.000ns})
  Destination:            output_r_tdata[1]
                            (output port)
  Path Group:             (none)
  Path Type:              Max at Slow Process Corner
  Data Path Delay:        2.738ns  (logic 0.642ns (23.450%)  route 2.096ns (76.550%))
  Logic Levels:           1  (LUT3=1)
  Clock Uncertainty:      0.025ns  ((TSJ^2 + TIJ^2)^1/2 + DJ) / 2 + PE
    Total System Jitter     (TSJ):    0.050ns
    Total Input Jitter      (TIJ):    0.000ns
    Discrete Jitter          (DJ):    0.000ns
    Phase Error              (PE):    0.000ns

    Location             Delay type                Incr(ns)  Path(ns)    Netlist Resource(s)
  -------------------------------------------------------------------    -------------------
                         (clock ap_clk rise edge)     0.000     0.000 r  
                                                      0.000     0.000 r  ap_clk (IN)
                         net (fo=533, unset)          0.973     0.973    bd_0_i/hls_inst/inst/regslice_both_output_r_V_data_V_U/ap_clk
    SLICE_X34Y68         FDRE                                         r  bd_0_i/hls_inst/inst/regslice_both_output_r_V_data_V_U/B_V_data_1_payload_A_reg[1]/C
  -------------------------------------------------------------------    -------------------
    SLICE_X34Y68         FDRE (Prop_fdre_C_Q)         0.518     1.491 r  bd_0_i/hls_inst/inst/regslice_both_output_r_V_data_V_U/B_V_data_1_payload_A_reg[1]/Q
                         net (fo=1, routed)           1.123     2.614    bd_0_i/hls_inst/inst/regslice_both_output_r_V_data_V_U/B_V_data_1_payload_A_reg_n_0_[1]
    SLICE_X32Y69         LUT3 (Prop_lut3_I1_O)        0.124     2.738 r  bd_0_i/hls_inst/inst/regslice_both_output_r_V_data_V_U/output_r_TDATA[1]_INST_0/O
                         net (fo=0)                   0.973     3.711    output_r_tdata[1]
                                                                      r  output_r_tdata[1] (OUT)
  -------------------------------------------------------------------    -------------------

Slack:                    inf
  Source:                 bd_0_i/hls_inst/inst/regslice_both_output_r_V_data_V_U/B_V_data_1_sel_rd_reg/C
                            (rising edge-triggered cell FDRE clocked by ap_clk  {rise@0.000ns fall@5.000ns period=10.000ns})
  Destination:            output_r_tdata[0]
                            (output port)
  Path Group:             (none)
  Path Type:              Max at Slow Process Corner
  Data Path Delay:        2.728ns  (logic 0.664ns (24.336%)  route 2.064ns (75.664%))
  Logic Levels:           1  (LUT3=1)
  Clock Uncertainty:      0.025ns  ((TSJ^2 + TIJ^2)^1/2 + DJ) / 2 + PE
    Total System Jitter     (TSJ):    0.050ns
    Total Input Jitter      (TIJ):    0.000ns
    Discrete Jitter          (DJ):    0.000ns
    Phase Error              (PE):    0.000ns

    Location             Delay type                Incr(ns)  Path(ns)    Netlist Resource(s)
  -------------------------------------------------------------------    -------------------
                         (clock ap_clk rise edge)     0.000     0.000 r  
                                                      0.000     0.000 r  ap_clk (IN)
                         net (fo=533, unset)          0.973     0.973    bd_0_i/hls_inst/inst/regslice_both_output_r_V_data_V_U/ap_clk
    SLICE_X32Y71         FDRE                                         r  bd_0_i/hls_inst/inst/regslice_both_output_r_V_data_V_U/B_V_data_1_sel_rd_reg/C
  -------------------------------------------------------------------    -------------------
    SLICE_X32Y71         FDRE (Prop_fdre_C_Q)         0.518     1.491 r  bd_0_i/hls_inst/inst/regslice_both_output_r_V_data_V_U/B_V_data_1_sel_rd_reg/Q
                         net (fo=33, routed)          1.091     2.582    bd_0_i/hls_inst/inst/regslice_both_output_r_V_data_V_U/B_V_data_1_sel_rd_reg_n_0
    SLICE_X32Y71         LUT3 (Prop_lut3_I2_O)        0.146     2.728 r  bd_0_i/hls_inst/inst/regslice_both_output_r_V_data_V_U/output_r_TDATA[0]_INST_0/O
                         net (fo=0)                   0.973     3.701    output_r_tdata[0]
                                                                      r  output_r_tdata[0] (OUT)
  -------------------------------------------------------------------    -------------------

Slack:                    inf
  Source:                 bd_0_i/hls_inst/inst/regslice_both_output_r_V_data_V_U/B_V_data_1_sel_rd_reg/C
                            (rising edge-triggered cell FDRE clocked by ap_clk  {rise@0.000ns fall@5.000ns period=10.000ns})
  Destination:            output_r_tdata[26]
                            (output port)
  Path Group:             (none)
  Path Type:              Max at Slow Process Corner
  Data Path Delay:        2.712ns  (logic 0.668ns (24.630%)  route 2.044ns (75.370%))
  Logic Levels:           1  (LUT3=1)
  Clock Uncertainty:      0.025ns  ((TSJ^2 + TIJ^2)^1/2 + DJ) / 2 + PE
    Total System Jitter     (TSJ):    0.050ns
    Total Input Jitter      (TIJ):    0.000ns
    Discrete Jitter          (DJ):    0.000ns
    Phase Error              (PE):    0.000ns

    Location             Delay type                Incr(ns)  Path(ns)    Netlist Resource(s)
  -------------------------------------------------------------------    -------------------
                         (clock ap_clk rise edge)     0.000     0.000 r  
                                                      0.000     0.000 r  ap_clk (IN)
                         net (fo=533, unset)          0.973     0.973    bd_0_i/hls_inst/inst/regslice_both_output_r_V_data_V_U/ap_clk
    SLICE_X32Y71         FDRE                                         r  bd_0_i/hls_inst/inst/regslice_both_output_r_V_data_V_U/B_V_data_1_sel_rd_reg/C
  -------------------------------------------------------------------    -------------------
    SLICE_X32Y71         FDRE (Prop_fdre_C_Q)         0.518     1.491 r  bd_0_i/hls_inst/inst/regslice_both_output_r_V_data_V_U/B_V_data_1_sel_rd_reg/Q
                         net (fo=33, routed)          1.071     2.562    bd_0_i/hls_inst/inst/regslice_both_output_r_V_data_V_U/B_V_data_1_sel_rd_reg_n_0
    SLICE_X33Y75         LUT3 (Prop_lut3_I2_O)        0.150     2.712 r  bd_0_i/hls_inst/inst/regslice_both_output_r_V_data_V_U/output_r_TDATA[26]_INST_0/O
                         net (fo=0)                   0.973     3.685    output_r_tdata[26]
                                                                      r  output_r_tdata[26] (OUT)
  -------------------------------------------------------------------    -------------------

Slack:                    inf
  Source:                 bd_0_i/hls_inst/inst/regslice_both_output_r_V_data_V_U/B_V_data_1_sel_rd_reg/C
                            (rising edge-triggered cell FDRE clocked by ap_clk  {rise@0.000ns fall@5.000ns period=10.000ns})
  Destination:            output_r_tdata[18]
                            (output port)
  Path Group:             (none)
  Path Type:              Max at Slow Process Corner
  Data Path Delay:        2.700ns  (logic 0.672ns (24.888%)  route 2.028ns (75.112%))
  Logic Levels:           1  (LUT3=1)
  Clock Uncertainty:      0.025ns  ((TSJ^2 + TIJ^2)^1/2 + DJ) / 2 + PE
    Total System Jitter     (TSJ):    0.050ns
    Total Input Jitter      (TIJ):    0.000ns
    Discrete Jitter          (DJ):    0.000ns
    Phase Error              (PE):    0.000ns

    Location             Delay type                Incr(ns)  Path(ns)    Netlist Resource(s)
  -------------------------------------------------------------------    -------------------
                         (clock ap_clk rise edge)     0.000     0.000 r  
                                                      0.000     0.000 r  ap_clk (IN)
                         net (fo=533, unset)          0.973     0.973    bd_0_i/hls_inst/inst/regslice_both_output_r_V_data_V_U/ap_clk
    SLICE_X32Y71         FDRE                                         r  bd_0_i/hls_inst/inst/regslice_both_output_r_V_data_V_U/B_V_data_1_sel_rd_reg/C
  -------------------------------------------------------------------    -------------------
    SLICE_X32Y71         FDRE (Prop_fdre_C_Q)         0.518     1.491 r  bd_0_i/hls_inst/inst/regslice_both_output_r_V_data_V_U/B_V_data_1_sel_rd_reg/Q
                         net (fo=33, routed)          1.055     2.546    bd_0_i/hls_inst/inst/regslice_both_output_r_V_data_V_U/B_V_data_1_sel_rd_reg_n_0
    SLICE_X33Y72         LUT3 (Prop_lut3_I2_O)        0.154     2.700 r  bd_0_i/hls_inst/inst/regslice_both_output_r_V_data_V_U/output_r_TDATA[18]_INST_0/O
                         net (fo=0)                   0.973     3.673    output_r_tdata[18]
                                                                      r  output_r_tdata[18] (OUT)
  -------------------------------------------------------------------    -------------------

Slack:                    inf
  Source:                 bd_0_i/hls_inst/inst/regslice_both_output_r_V_data_V_U/B_V_data_1_payload_B_reg[24]/C
                            (rising edge-triggered cell FDRE clocked by ap_clk  {rise@0.000ns fall@5.000ns period=10.000ns})
  Destination:            output_r_tdata[24]
                            (output port)
  Path Group:             (none)
  Path Type:              Max at Slow Process Corner
  Data Path Delay:        2.700ns  (logic 0.608ns (22.522%)  route 2.092ns (77.478%))
  Logic Levels:           1  (LUT3=1)
  Clock Uncertainty:      0.025ns  ((TSJ^2 + TIJ^2)^1/2 + DJ) / 2 + PE
    Total System Jitter     (TSJ):    0.050ns
    Total Input Jitter      (TIJ):    0.000ns
    Discrete Jitter          (DJ):    0.000ns
    Phase Error              (PE):    0.000ns

    Location             Delay type                Incr(ns)  Path(ns)    Netlist Resource(s)
  -------------------------------------------------------------------    -------------------
                         (clock ap_clk rise edge)     0.000     0.000 r  
                                                      0.000     0.000 r  ap_clk (IN)
                         net (fo=533, unset)          0.973     0.973    bd_0_i/hls_inst/inst/regslice_both_output_r_V_data_V_U/ap_clk
    SLICE_X33Y74         FDRE                                         r  bd_0_i/hls_inst/inst/regslice_both_output_r_V_data_V_U/B_V_data_1_payload_B_reg[24]/C
  -------------------------------------------------------------------    -------------------
    SLICE_X33Y74         FDRE (Prop_fdre_C_Q)         0.456     1.429 r  bd_0_i/hls_inst/inst/regslice_both_output_r_V_data_V_U/B_V_data_1_payload_B_reg[24]/Q
                         net (fo=1, routed)           1.119     2.548    bd_0_i/hls_inst/inst/regslice_both_output_r_V_data_V_U/B_V_data_1_payload_B_reg_n_0_[24]
    SLICE_X33Y74         LUT3 (Prop_lut3_I0_O)        0.152     2.700 r  bd_0_i/hls_inst/inst/regslice_both_output_r_V_data_V_U/output_r_TDATA[24]_INST_0/O
                         net (fo=0)                   0.973     3.673    output_r_tdata[24]
                                                                      r  output_r_tdata[24] (OUT)
  -------------------------------------------------------------------    -------------------

Slack:                    inf
  Source:                 bd_0_i/hls_inst/inst/regslice_both_output_r_V_data_V_U/B_V_data_1_sel_rd_reg/C
                            (rising edge-triggered cell FDRE clocked by ap_clk  {rise@0.000ns fall@5.000ns period=10.000ns})
  Destination:            output_r_tdata[25]
                            (output port)
  Path Group:             (none)
  Path Type:              Max at Slow Process Corner
  Data Path Delay:        2.686ns  (logic 0.642ns (23.901%)  route 2.044ns (76.099%))
  Logic Levels:           1  (LUT3=1)
  Clock Uncertainty:      0.025ns  ((TSJ^2 + TIJ^2)^1/2 + DJ) / 2 + PE
    Total System Jitter     (TSJ):    0.050ns
    Total Input Jitter      (TIJ):    0.000ns
    Discrete Jitter          (DJ):    0.000ns
    Phase Error              (PE):    0.000ns

    Location             Delay type                Incr(ns)  Path(ns)    Netlist Resource(s)
  -------------------------------------------------------------------    -------------------
                         (clock ap_clk rise edge)     0.000     0.000 r  
                                                      0.000     0.000 r  ap_clk (IN)
                         net (fo=533, unset)          0.973     0.973    bd_0_i/hls_inst/inst/regslice_both_output_r_V_data_V_U/ap_clk
    SLICE_X32Y71         FDRE                                         r  bd_0_i/hls_inst/inst/regslice_both_output_r_V_data_V_U/B_V_data_1_sel_rd_reg/C
  -------------------------------------------------------------------    -------------------
    SLICE_X32Y71         FDRE (Prop_fdre_C_Q)         0.518     1.491 r  bd_0_i/hls_inst/inst/regslice_both_output_r_V_data_V_U/B_V_data_1_sel_rd_reg/Q
                         net (fo=33, routed)          1.071     2.562    bd_0_i/hls_inst/inst/regslice_both_output_r_V_data_V_U/B_V_data_1_sel_rd_reg_n_0
    SLICE_X33Y75         LUT3 (Prop_lut3_I2_O)        0.124     2.686 r  bd_0_i/hls_inst/inst/regslice_both_output_r_V_data_V_U/output_r_TDATA[25]_INST_0/O
                         net (fo=0)                   0.973     3.659    output_r_tdata[25]
                                                                      r  output_r_tdata[25] (OUT)
  -------------------------------------------------------------------    -------------------

Slack:                    inf
  Source:                 bd_0_i/hls_inst/inst/regslice_both_output_r_V_data_V_U/B_V_data_1_sel_rd_reg/C
                            (rising edge-triggered cell FDRE clocked by ap_clk  {rise@0.000ns fall@5.000ns period=10.000ns})
  Destination:            output_r_tdata[31]
                            (output port)
  Path Group:             (none)
  Path Type:              Max at Slow Process Corner
  Data Path Delay:        2.671ns  (logic 0.642ns (24.036%)  route 2.029ns (75.964%))
  Logic Levels:           1  (LUT3=1)
  Clock Uncertainty:      0.025ns  ((TSJ^2 + TIJ^2)^1/2 + DJ) / 2 + PE
    Total System Jitter     (TSJ):    0.050ns
    Total Input Jitter      (TIJ):    0.000ns
    Discrete Jitter          (DJ):    0.000ns
    Phase Error              (PE):    0.000ns

    Location             Delay type                Incr(ns)  Path(ns)    Netlist Resource(s)
  -------------------------------------------------------------------    -------------------
                         (clock ap_clk rise edge)     0.000     0.000 r  
                                                      0.000     0.000 r  ap_clk (IN)
                         net (fo=533, unset)          0.973     0.973    bd_0_i/hls_inst/inst/regslice_both_output_r_V_data_V_U/ap_clk
    SLICE_X32Y71         FDRE                                         r  bd_0_i/hls_inst/inst/regslice_both_output_r_V_data_V_U/B_V_data_1_sel_rd_reg/C
  -------------------------------------------------------------------    -------------------
    SLICE_X32Y71         FDRE (Prop_fdre_C_Q)         0.518     1.491 r  bd_0_i/hls_inst/inst/regslice_both_output_r_V_data_V_U/B_V_data_1_sel_rd_reg/Q
                         net (fo=33, routed)          1.056     2.547    bd_0_i/hls_inst/inst/regslice_both_output_r_V_data_V_U/B_V_data_1_sel_rd_reg_n_0
    SLICE_X33Y74         LUT3 (Prop_lut3_I2_O)        0.124     2.671 r  bd_0_i/hls_inst/inst/regslice_both_output_r_V_data_V_U/output_r_TDATA[31]_INST_0/O
                         net (fo=0)                   0.973     3.644    output_r_tdata[31]
                                                                      r  output_r_tdata[31] (OUT)
  -------------------------------------------------------------------    -------------------

Slack:                    inf
  Source:                 bd_0_i/hls_inst/inst/regslice_both_output_r_V_data_V_U/B_V_data_1_sel_rd_reg/C
                            (rising edge-triggered cell FDRE clocked by ap_clk  {rise@0.000ns fall@5.000ns period=10.000ns})
  Destination:            output_r_tdata[17]
                            (output port)
  Path Group:             (none)
  Path Type:              Max at Slow Process Corner
  Data Path Delay:        2.670ns  (logic 0.642ns (24.044%)  route 2.028ns (75.956%))
  Logic Levels:           1  (LUT3=1)
  Clock Uncertainty:      0.025ns  ((TSJ^2 + TIJ^2)^1/2 + DJ) / 2 + PE
    Total System Jitter     (TSJ):    0.050ns
    Total Input Jitter      (TIJ):    0.000ns
    Discrete Jitter          (DJ):    0.000ns
    Phase Error              (PE):    0.000ns

    Location             Delay type                Incr(ns)  Path(ns)    Netlist Resource(s)
  -------------------------------------------------------------------    -------------------
                         (clock ap_clk rise edge)     0.000     0.000 r  
                                                      0.000     0.000 r  ap_clk (IN)
                         net (fo=533, unset)          0.973     0.973    bd_0_i/hls_inst/inst/regslice_both_output_r_V_data_V_U/ap_clk
    SLICE_X32Y71         FDRE                                         r  bd_0_i/hls_inst/inst/regslice_both_output_r_V_data_V_U/B_V_data_1_sel_rd_reg/C
  -------------------------------------------------------------------    -------------------
    SLICE_X32Y71         FDRE (Prop_fdre_C_Q)         0.518     1.491 r  bd_0_i/hls_inst/inst/regslice_both_output_r_V_data_V_U/B_V_data_1_sel_rd_reg/Q
                         net (fo=33, routed)          1.055     2.546    bd_0_i/hls_inst/inst/regslice_both_output_r_V_data_V_U/B_V_data_1_sel_rd_reg_n_0
    SLICE_X33Y72         LUT3 (Prop_lut3_I2_O)        0.124     2.670 r  bd_0_i/hls_inst/inst/regslice_both_output_r_V_data_V_U/output_r_TDATA[17]_INST_0/O
                         net (fo=0)                   0.973     3.643    output_r_tdata[17]
                                                                      r  output_r_tdata[17] (OUT)
  -------------------------------------------------------------------    -------------------





Min Delay Paths
--------------------------------------------------------------------------------------
Slack:                    inf
  Source:                 bd_0_i/hls_inst/inst/regslice_both_imag_V_data_V_U/B_V_data_1_state_reg[1]/C
                            (rising edge-triggered cell FDRE clocked by ap_clk  {rise@0.000ns fall@5.000ns period=10.000ns})
  Destination:            imag_tready
                            (output port)
  Path Group:             (none)
  Path Type:              Min at Fast Process Corner
  Data Path Delay:        0.538ns  (logic 0.128ns (23.786%)  route 0.410ns (76.214%))
  Logic Levels:           0  
  Clock Uncertainty:      0.025ns  ((TSJ^2 + TIJ^2)^1/2 + DJ) / 2 + PE
    Total System Jitter     (TSJ):    0.050ns
    Total Input Jitter      (TIJ):    0.000ns
    Discrete Jitter          (DJ):    0.000ns
    Phase Error              (PE):    0.000ns

    Location             Delay type                Incr(ns)  Path(ns)    Netlist Resource(s)
  -------------------------------------------------------------------    -------------------
                         (clock ap_clk rise edge)     0.000     0.000 r  
                                                      0.000     0.000 r  ap_clk (IN)
                         net (fo=533, unset)          0.410     0.410    bd_0_i/hls_inst/inst/regslice_both_imag_V_data_V_U/ap_clk
    SLICE_X41Y76         FDRE                                         r  bd_0_i/hls_inst/inst/regslice_both_imag_V_data_V_U/B_V_data_1_state_reg[1]/C
  -------------------------------------------------------------------    -------------------
    SLICE_X41Y76         FDRE (Prop_fdre_C_Q)         0.128     0.538 r  bd_0_i/hls_inst/inst/regslice_both_imag_V_data_V_U/B_V_data_1_state_reg[1]/Q
                         net (fo=5, unset)            0.410     0.948    imag_tready
                                                                      r  imag_tready (OUT)
  -------------------------------------------------------------------    -------------------

Slack:                    inf
  Source:                 bd_0_i/hls_inst/inst/regslice_both_output_r_V_data_V_U/B_V_data_1_state_reg[0]/C
                            (rising edge-triggered cell FDRE clocked by ap_clk  {rise@0.000ns fall@5.000ns period=10.000ns})
  Destination:            output_r_tvalid
                            (output port)
  Path Group:             (none)
  Path Type:              Min at Fast Process Corner
  Data Path Delay:        0.551ns  (logic 0.141ns (25.583%)  route 0.410ns (74.417%))
  Logic Levels:           0  
  Clock Uncertainty:      0.025ns  ((TSJ^2 + TIJ^2)^1/2 + DJ) / 2 + PE
    Total System Jitter     (TSJ):    0.050ns
    Total Input Jitter      (TIJ):    0.000ns
    Discrete Jitter          (DJ):    0.000ns
    Phase Error              (PE):    0.000ns

    Location             Delay type                Incr(ns)  Path(ns)    Netlist Resource(s)
  -------------------------------------------------------------------    -------------------
                         (clock ap_clk rise edge)     0.000     0.000 r  
                                                      0.000     0.000 r  ap_clk (IN)
                         net (fo=533, unset)          0.410     0.410    bd_0_i/hls_inst/inst/regslice_both_output_r_V_data_V_U/ap_clk
    SLICE_X45Y74         FDRE                                         r  bd_0_i/hls_inst/inst/regslice_both_output_r_V_data_V_U/B_V_data_1_state_reg[0]/C
  -------------------------------------------------------------------    -------------------
    SLICE_X45Y74         FDRE (Prop_fdre_C_Q)         0.141     0.551 r  bd_0_i/hls_inst/inst/regslice_both_output_r_V_data_V_U/B_V_data_1_state_reg[0]/Q
                         net (fo=7, unset)            0.410     0.961    output_r_tvalid
                                                                      r  output_r_tvalid (OUT)
  -------------------------------------------------------------------    -------------------

Slack:                    inf
  Source:                 bd_0_i/hls_inst/inst/regslice_both_real_r_V_data_V_U/B_V_data_1_state_reg[1]/C
                            (rising edge-triggered cell FDRE clocked by ap_clk  {rise@0.000ns fall@5.000ns period=10.000ns})
  Destination:            real_r_tready
                            (output port)
  Path Group:             (none)
  Path Type:              Min at Fast Process Corner
  Data Path Delay:        0.558ns  (logic 0.148ns (26.517%)  route 0.410ns (73.483%))
  Logic Levels:           0  
  Clock Uncertainty:      0.025ns  ((TSJ^2 + TIJ^2)^1/2 + DJ) / 2 + PE
    Total System Jitter     (TSJ):    0.050ns
    Total Input Jitter      (TIJ):    0.000ns
    Discrete Jitter          (DJ):    0.000ns
    Phase Error              (PE):    0.000ns

    Location             Delay type                Incr(ns)  Path(ns)    Netlist Resource(s)
  -------------------------------------------------------------------    -------------------
                         (clock ap_clk rise edge)     0.000     0.000 r  
                                                      0.000     0.000 r  ap_clk (IN)
                         net (fo=533, unset)          0.410     0.410    bd_0_i/hls_inst/inst/regslice_both_real_r_V_data_V_U/ap_clk
    SLICE_X38Y76         FDRE                                         r  bd_0_i/hls_inst/inst/regslice_both_real_r_V_data_V_U/B_V_data_1_state_reg[1]/C
  -------------------------------------------------------------------    -------------------
    SLICE_X38Y76         FDRE (Prop_fdre_C_Q)         0.148     0.558 r  bd_0_i/hls_inst/inst/regslice_both_real_r_V_data_V_U/B_V_data_1_state_reg[1]/Q
                         net (fo=5, unset)            0.410     0.968    real_r_tready
                                                                      r  real_r_tready (OUT)
  -------------------------------------------------------------------    -------------------

Slack:                    inf
  Source:                 bd_0_i/hls_inst/inst/regslice_both_output_r_V_data_V_U/B_V_data_1_payload_B_reg[0]/C
                            (rising edge-triggered cell FDRE clocked by ap_clk  {rise@0.000ns fall@5.000ns period=10.000ns})
  Destination:            output_r_tdata[0]
                            (output port)
  Path Group:             (none)
  Path Type:              Min at Fast Process Corner
  Data Path Delay:        0.686ns  (logic 0.189ns (27.541%)  route 0.497ns (72.459%))
  Logic Levels:           1  (LUT3=1)
  Clock Uncertainty:      0.025ns  ((TSJ^2 + TIJ^2)^1/2 + DJ) / 2 + PE
    Total System Jitter     (TSJ):    0.050ns
    Total Input Jitter      (TIJ):    0.000ns
    Discrete Jitter          (DJ):    0.000ns
    Phase Error              (PE):    0.000ns

    Location             Delay type                Incr(ns)  Path(ns)    Netlist Resource(s)
  -------------------------------------------------------------------    -------------------
                         (clock ap_clk rise edge)     0.000     0.000 r  
                                                      0.000     0.000 r  ap_clk (IN)
                         net (fo=533, unset)          0.410     0.410    bd_0_i/hls_inst/inst/regslice_both_output_r_V_data_V_U/ap_clk
    SLICE_X33Y71         FDRE                                         r  bd_0_i/hls_inst/inst/regslice_both_output_r_V_data_V_U/B_V_data_1_payload_B_reg[0]/C
  -------------------------------------------------------------------    -------------------
    SLICE_X33Y71         FDRE (Prop_fdre_C_Q)         0.141     0.551 r  bd_0_i/hls_inst/inst/regslice_both_output_r_V_data_V_U/B_V_data_1_payload_B_reg[0]/Q
                         net (fo=1, routed)           0.087     0.638    bd_0_i/hls_inst/inst/regslice_both_output_r_V_data_V_U/B_V_data_1_payload_B_reg_n_0_[0]
    SLICE_X32Y71         LUT3 (Prop_lut3_I0_O)        0.048     0.686 r  bd_0_i/hls_inst/inst/regslice_both_output_r_V_data_V_U/output_r_TDATA[0]_INST_0/O
                         net (fo=0)                   0.410     1.096    output_r_tdata[0]
                                                                      r  output_r_tdata[0] (OUT)
  -------------------------------------------------------------------    -------------------

Slack:                    inf
  Source:                 bd_0_i/hls_inst/inst/regslice_both_output_r_V_data_V_U/B_V_data_1_payload_B_reg[21]/C
                            (rising edge-triggered cell FDRE clocked by ap_clk  {rise@0.000ns fall@5.000ns period=10.000ns})
  Destination:            output_r_tdata[21]
                            (output port)
  Path Group:             (none)
  Path Type:              Min at Fast Process Corner
  Data Path Delay:        0.701ns  (logic 0.209ns (29.804%)  route 0.492ns (70.196%))
  Logic Levels:           1  (LUT3=1)
  Clock Uncertainty:      0.025ns  ((TSJ^2 + TIJ^2)^1/2 + DJ) / 2 + PE
    Total System Jitter     (TSJ):    0.050ns
    Total Input Jitter      (TIJ):    0.000ns
    Discrete Jitter          (DJ):    0.000ns
    Phase Error              (PE):    0.000ns

    Location             Delay type                Incr(ns)  Path(ns)    Netlist Resource(s)
  -------------------------------------------------------------------    -------------------
                         (clock ap_clk rise edge)     0.000     0.000 r  
                                                      0.000     0.000 r  ap_clk (IN)
                         net (fo=533, unset)          0.410     0.410    bd_0_i/hls_inst/inst/regslice_both_output_r_V_data_V_U/ap_clk
    SLICE_X32Y74         FDRE                                         r  bd_0_i/hls_inst/inst/regslice_both_output_r_V_data_V_U/B_V_data_1_payload_B_reg[21]/C
  -------------------------------------------------------------------    -------------------
    SLICE_X32Y74         FDRE (Prop_fdre_C_Q)         0.164     0.574 r  bd_0_i/hls_inst/inst/regslice_both_output_r_V_data_V_U/B_V_data_1_payload_B_reg[21]/Q
                         net (fo=1, routed)           0.082     0.656    bd_0_i/hls_inst/inst/regslice_both_output_r_V_data_V_U/B_V_data_1_payload_B_reg_n_0_[21]
    SLICE_X33Y74         LUT3 (Prop_lut3_I0_O)        0.045     0.701 r  bd_0_i/hls_inst/inst/regslice_both_output_r_V_data_V_U/output_r_TDATA[21]_INST_0/O
                         net (fo=0)                   0.410     1.111    output_r_tdata[21]
                                                                      r  output_r_tdata[21] (OUT)
  -------------------------------------------------------------------    -------------------

Slack:                    inf
  Source:                 bd_0_i/hls_inst/inst/regslice_both_output_r_V_data_V_U/B_V_data_1_payload_B_reg[14]/C
                            (rising edge-triggered cell FDRE clocked by ap_clk  {rise@0.000ns fall@5.000ns period=10.000ns})
  Destination:            output_r_tdata[14]
                            (output port)
  Path Group:             (none)
  Path Type:              Min at Fast Process Corner
  Data Path Delay:        0.704ns  (logic 0.212ns (30.103%)  route 0.492ns (69.897%))
  Logic Levels:           1  (LUT3=1)
  Clock Uncertainty:      0.025ns  ((TSJ^2 + TIJ^2)^1/2 + DJ) / 2 + PE
    Total System Jitter     (TSJ):    0.050ns
    Total Input Jitter      (TIJ):    0.000ns
    Discrete Jitter          (DJ):    0.000ns
    Phase Error              (PE):    0.000ns

    Location             Delay type                Incr(ns)  Path(ns)    Netlist Resource(s)
  -------------------------------------------------------------------    -------------------
                         (clock ap_clk rise edge)     0.000     0.000 r  
                                                      0.000     0.000 r  ap_clk (IN)
                         net (fo=533, unset)          0.410     0.410    bd_0_i/hls_inst/inst/regslice_both_output_r_V_data_V_U/ap_clk
    SLICE_X32Y72         FDRE                                         r  bd_0_i/hls_inst/inst/regslice_both_output_r_V_data_V_U/B_V_data_1_payload_B_reg[14]/C
  -------------------------------------------------------------------    -------------------
    SLICE_X32Y72         FDRE (Prop_fdre_C_Q)         0.164     0.574 r  bd_0_i/hls_inst/inst/regslice_both_output_r_V_data_V_U/B_V_data_1_payload_B_reg[14]/Q
                         net (fo=1, routed)           0.082     0.656    bd_0_i/hls_inst/inst/regslice_both_output_r_V_data_V_U/B_V_data_1_payload_B_reg_n_0_[14]
    SLICE_X33Y72         LUT3 (Prop_lut3_I0_O)        0.048     0.704 r  bd_0_i/hls_inst/inst/regslice_both_output_r_V_data_V_U/output_r_TDATA[14]_INST_0/O
                         net (fo=0)                   0.410     1.114    output_r_tdata[14]
                                                                      r  output_r_tdata[14] (OUT)
  -------------------------------------------------------------------    -------------------

Slack:                    inf
  Source:                 bd_0_i/hls_inst/inst/regslice_both_output_r_V_last_V_U/B_V_data_1_payload_A_reg[0]/C
                            (rising edge-triggered cell FDRE clocked by ap_clk  {rise@0.000ns fall@5.000ns period=10.000ns})
  Destination:            output_r_tlast[0]
                            (output port)
  Path Group:             (none)
  Path Type:              Min at Fast Process Corner
  Data Path Delay:        0.742ns  (logic 0.189ns (25.457%)  route 0.553ns (74.543%))
  Logic Levels:           1  (LUT3=1)
  Clock Uncertainty:      0.025ns  ((TSJ^2 + TIJ^2)^1/2 + DJ) / 2 + PE
    Total System Jitter     (TSJ):    0.050ns
    Total Input Jitter      (TIJ):    0.000ns
    Discrete Jitter          (DJ):    0.000ns
    Phase Error              (PE):    0.000ns

    Location             Delay type                Incr(ns)  Path(ns)    Netlist Resource(s)
  -------------------------------------------------------------------    -------------------
                         (clock ap_clk rise edge)     0.000     0.000 r  
                                                      0.000     0.000 r  ap_clk (IN)
                         net (fo=533, unset)          0.410     0.410    bd_0_i/hls_inst/inst/regslice_both_output_r_V_last_V_U/ap_clk
    SLICE_X45Y74         FDRE                                         r  bd_0_i/hls_inst/inst/regslice_both_output_r_V_last_V_U/B_V_data_1_payload_A_reg[0]/C
  -------------------------------------------------------------------    -------------------
    SLICE_X45Y74         FDRE (Prop_fdre_C_Q)         0.141     0.551 r  bd_0_i/hls_inst/inst/regslice_both_output_r_V_last_V_U/B_V_data_1_payload_A_reg[0]/Q
                         net (fo=2, routed)           0.143     0.694    bd_0_i/hls_inst/inst/regslice_both_output_r_V_last_V_U/B_V_data_1_payload_A
    SLICE_X46Y74         LUT3 (Prop_lut3_I2_O)        0.048     0.742 r  bd_0_i/hls_inst/inst/regslice_both_output_r_V_last_V_U/output_r_TLAST[0]_INST_0/O
                         net (fo=0)                   0.410     1.153    output_r_tlast[0]
                                                                      r  output_r_tlast[0] (OUT)
  -------------------------------------------------------------------    -------------------

Slack:                    inf
  Source:                 bd_0_i/hls_inst/inst/regslice_both_output_r_V_data_V_U/B_V_data_1_payload_B_reg[22]/C
                            (rising edge-triggered cell FDRE clocked by ap_clk  {rise@0.000ns fall@5.000ns period=10.000ns})
  Destination:            output_r_tdata[22]
                            (output port)
  Path Group:             (none)
  Path Type:              Min at Fast Process Corner
  Data Path Delay:        0.749ns  (logic 0.183ns (24.425%)  route 0.566ns (75.575%))
  Logic Levels:           1  (LUT3=1)
  Clock Uncertainty:      0.025ns  ((TSJ^2 + TIJ^2)^1/2 + DJ) / 2 + PE
    Total System Jitter     (TSJ):    0.050ns
    Total Input Jitter      (TIJ):    0.000ns
    Discrete Jitter          (DJ):    0.000ns
    Phase Error              (PE):    0.000ns

    Location             Delay type                Incr(ns)  Path(ns)    Netlist Resource(s)
  -------------------------------------------------------------------    -------------------
                         (clock ap_clk rise edge)     0.000     0.000 r  
                                                      0.000     0.000 r  ap_clk (IN)
                         net (fo=533, unset)          0.410     0.410    bd_0_i/hls_inst/inst/regslice_both_output_r_V_data_V_U/ap_clk
    SLICE_X33Y74         FDRE                                         r  bd_0_i/hls_inst/inst/regslice_both_output_r_V_data_V_U/B_V_data_1_payload_B_reg[22]/C
  -------------------------------------------------------------------    -------------------
    SLICE_X33Y74         FDRE (Prop_fdre_C_Q)         0.141     0.551 r  bd_0_i/hls_inst/inst/regslice_both_output_r_V_data_V_U/B_V_data_1_payload_B_reg[22]/Q
                         net (fo=1, routed)           0.156     0.707    bd_0_i/hls_inst/inst/regslice_both_output_r_V_data_V_U/B_V_data_1_payload_B_reg_n_0_[22]
    SLICE_X33Y74         LUT3 (Prop_lut3_I0_O)        0.042     0.749 r  bd_0_i/hls_inst/inst/regslice_both_output_r_V_data_V_U/output_r_TDATA[22]_INST_0/O
                         net (fo=0)                   0.410     1.159    output_r_tdata[22]
                                                                      r  output_r_tdata[22] (OUT)
  -------------------------------------------------------------------    -------------------

Slack:                    inf
  Source:                 bd_0_i/hls_inst/inst/regslice_both_output_r_V_data_V_U/B_V_data_1_payload_B_reg[18]/C
                            (rising edge-triggered cell FDRE clocked by ap_clk  {rise@0.000ns fall@5.000ns period=10.000ns})
  Destination:            output_r_tdata[18]
                            (output port)
  Path Group:             (none)
  Path Type:              Min at Fast Process Corner
  Data Path Delay:        0.752ns  (logic 0.183ns (24.327%)  route 0.569ns (75.673%))
  Logic Levels:           1  (LUT3=1)
  Clock Uncertainty:      0.025ns  ((TSJ^2 + TIJ^2)^1/2 + DJ) / 2 + PE
    Total System Jitter     (TSJ):    0.050ns
    Total Input Jitter      (TIJ):    0.000ns
    Discrete Jitter          (DJ):    0.000ns
    Phase Error              (PE):    0.000ns

    Location             Delay type                Incr(ns)  Path(ns)    Netlist Resource(s)
  -------------------------------------------------------------------    -------------------
                         (clock ap_clk rise edge)     0.000     0.000 r  
                                                      0.000     0.000 r  ap_clk (IN)
                         net (fo=533, unset)          0.410     0.410    bd_0_i/hls_inst/inst/regslice_both_output_r_V_data_V_U/ap_clk
    SLICE_X33Y72         FDRE                                         r  bd_0_i/hls_inst/inst/regslice_both_output_r_V_data_V_U/B_V_data_1_payload_B_reg[18]/C
  -------------------------------------------------------------------    -------------------
    SLICE_X33Y72         FDRE (Prop_fdre_C_Q)         0.141     0.551 r  bd_0_i/hls_inst/inst/regslice_both_output_r_V_data_V_U/B_V_data_1_payload_B_reg[18]/Q
                         net (fo=1, routed)           0.159     0.710    bd_0_i/hls_inst/inst/regslice_both_output_r_V_data_V_U/B_V_data_1_payload_B_reg_n_0_[18]
    SLICE_X33Y72         LUT3 (Prop_lut3_I0_O)        0.042     0.752 r  bd_0_i/hls_inst/inst/regslice_both_output_r_V_data_V_U/output_r_TDATA[18]_INST_0/O
                         net (fo=0)                   0.410     1.162    output_r_tdata[18]
                                                                      r  output_r_tdata[18] (OUT)
  -------------------------------------------------------------------    -------------------

Slack:                    inf
  Source:                 bd_0_i/hls_inst/inst/regslice_both_output_r_V_data_V_U/B_V_data_1_payload_B_reg[15]/C
                            (rising edge-triggered cell FDRE clocked by ap_clk  {rise@0.000ns fall@5.000ns period=10.000ns})
  Destination:            output_r_tdata[15]
                            (output port)
  Path Group:             (none)
  Path Type:              Min at Fast Process Corner
  Data Path Delay:        0.754ns  (logic 0.186ns (24.660%)  route 0.568ns (75.340%))
  Logic Levels:           1  (LUT3=1)
  Clock Uncertainty:      0.025ns  ((TSJ^2 + TIJ^2)^1/2 + DJ) / 2 + PE
    Total System Jitter     (TSJ):    0.050ns
    Total Input Jitter      (TIJ):    0.000ns
    Discrete Jitter          (DJ):    0.000ns
    Phase Error              (PE):    0.000ns

    Location             Delay type                Incr(ns)  Path(ns)    Netlist Resource(s)
  -------------------------------------------------------------------    -------------------
                         (clock ap_clk rise edge)     0.000     0.000 r  
                                                      0.000     0.000 r  ap_clk (IN)
                         net (fo=533, unset)          0.410     0.410    bd_0_i/hls_inst/inst/regslice_both_output_r_V_data_V_U/ap_clk
    SLICE_X33Y72         FDRE                                         r  bd_0_i/hls_inst/inst/regslice_both_output_r_V_data_V_U/B_V_data_1_payload_B_reg[15]/C
  -------------------------------------------------------------------    -------------------
    SLICE_X33Y72         FDRE (Prop_fdre_C_Q)         0.141     0.551 r  bd_0_i/hls_inst/inst/regslice_both_output_r_V_data_V_U/B_V_data_1_payload_B_reg[15]/Q
                         net (fo=1, routed)           0.158     0.709    bd_0_i/hls_inst/inst/regslice_both_output_r_V_data_V_U/B_V_data_1_payload_B_reg_n_0_[15]
    SLICE_X33Y72         LUT3 (Prop_lut3_I0_O)        0.045     0.754 r  bd_0_i/hls_inst/inst/regslice_both_output_r_V_data_V_U/output_r_TDATA[15]_INST_0/O
                         net (fo=0)                   0.410     1.164    output_r_tdata[15]
                                                                      r  output_r_tdata[15] (OUT)
  -------------------------------------------------------------------    -------------------





--------------------------------------------------------------------------------------
Path Group:  (none)
From Clock:  
  To Clock:  ap_clk

Max Delay           227 Endpoints
Min Delay           227 Endpoints
--------------------------------------------------------------------------------------


Max Delay Paths
--------------------------------------------------------------------------------------
Slack:                    inf
  Source:                 ap_rst_n
                            (input port)
  Destination:            bd_0_i/hls_inst/inst/regslice_both_real_r_V_last_V_U/B_V_data_1_sel_rd_reg/R
                            (rising edge-triggered cell FDRE clocked by ap_clk  {rise@0.000ns fall@5.000ns period=10.000ns})
  Path Group:             (none)
  Path Type:              Setup (Max at Slow Process Corner)
  Data Path Delay:        2.468ns  (logic 0.124ns (5.025%)  route 2.344ns (94.975%))
  Logic Levels:           1  (LUT1=1)
  Clock Path Skew:        0.924ns (DCD - SCD + CPR)
    Destination Clock Delay (DCD):    0.924ns
    Source Clock Delay      (SCD):    0.000ns
    Clock Pessimism Removal (CPR):    0.000ns
  Clock Uncertainty:      0.025ns  ((TSJ^2 + TIJ^2)^1/2 + DJ) / 2 + PE
    Total System Jitter     (TSJ):    0.050ns
    Total Input Jitter      (TIJ):    0.000ns
    Discrete Jitter          (DJ):    0.000ns
    Phase Error              (PE):    0.000ns

    Location             Delay type                Incr(ns)  Path(ns)    Netlist Resource(s)
  -------------------------------------------------------------------    -------------------
                                                      0.000     0.000 f  ap_rst_n (IN)
                         net (fo=5, unset)            0.973     0.973    bd_0_i/hls_inst/inst/regslice_both_real_r_V_data_V_U/ap_rst_n
    SLICE_X38Y76         LUT1 (Prop_lut1_I0_O)        0.124     1.097 r  bd_0_i/hls_inst/inst/regslice_both_real_r_V_data_V_U/B_V_data_1_state[1]_i_1/O
                         net (fo=20, routed)          1.371     2.468    bd_0_i/hls_inst/inst/regslice_both_real_r_V_last_V_U/ap_rst_n_inv
    SLICE_X44Y72         FDRE                                         r  bd_0_i/hls_inst/inst/regslice_both_real_r_V_last_V_U/B_V_data_1_sel_rd_reg/R
  -------------------------------------------------------------------    -------------------

                         (clock ap_clk rise edge)     0.000     0.000 r  
                                                      0.000     0.000 r  ap_clk (IN)
                         net (fo=533, unset)          0.924     0.924    bd_0_i/hls_inst/inst/regslice_both_real_r_V_last_V_U/ap_clk
    SLICE_X44Y72         FDRE                                         r  bd_0_i/hls_inst/inst/regslice_both_real_r_V_last_V_U/B_V_data_1_sel_rd_reg/C

Slack:                    inf
  Source:                 ap_rst_n
                            (input port)
  Destination:            bd_0_i/hls_inst/inst/regslice_both_real_r_V_last_V_U/B_V_data_1_sel_wr_reg/R
                            (rising edge-triggered cell FDRE clocked by ap_clk  {rise@0.000ns fall@5.000ns period=10.000ns})
  Path Group:             (none)
  Path Type:              Setup (Max at Slow Process Corner)
  Data Path Delay:        2.468ns  (logic 0.124ns (5.025%)  route 2.344ns (94.975%))
  Logic Levels:           1  (LUT1=1)
  Clock Path Skew:        0.924ns (DCD - SCD + CPR)
    Destination Clock Delay (DCD):    0.924ns
    Source Clock Delay      (SCD):    0.000ns
    Clock Pessimism Removal (CPR):    0.000ns
  Clock Uncertainty:      0.025ns  ((TSJ^2 + TIJ^2)^1/2 + DJ) / 2 + PE
    Total System Jitter     (TSJ):    0.050ns
    Total Input Jitter      (TIJ):    0.000ns
    Discrete Jitter          (DJ):    0.000ns
    Phase Error              (PE):    0.000ns

    Location             Delay type                Incr(ns)  Path(ns)    Netlist Resource(s)
  -------------------------------------------------------------------    -------------------
                                                      0.000     0.000 f  ap_rst_n (IN)
                         net (fo=5, unset)            0.973     0.973    bd_0_i/hls_inst/inst/regslice_both_real_r_V_data_V_U/ap_rst_n
    SLICE_X38Y76         LUT1 (Prop_lut1_I0_O)        0.124     1.097 r  bd_0_i/hls_inst/inst/regslice_both_real_r_V_data_V_U/B_V_data_1_state[1]_i_1/O
                         net (fo=20, routed)          1.371     2.468    bd_0_i/hls_inst/inst/regslice_both_real_r_V_last_V_U/ap_rst_n_inv
    SLICE_X44Y72         FDRE                                         r  bd_0_i/hls_inst/inst/regslice_both_real_r_V_last_V_U/B_V_data_1_sel_wr_reg/R
  -------------------------------------------------------------------    -------------------

                         (clock ap_clk rise edge)     0.000     0.000 r  
                                                      0.000     0.000 r  ap_clk (IN)
                         net (fo=533, unset)          0.924     0.924    bd_0_i/hls_inst/inst/regslice_both_real_r_V_last_V_U/ap_clk
    SLICE_X44Y72         FDRE                                         r  bd_0_i/hls_inst/inst/regslice_both_real_r_V_last_V_U/B_V_data_1_sel_wr_reg/C

Slack:                    inf
  Source:                 ap_rst_n
                            (input port)
  Destination:            bd_0_i/hls_inst/inst/regslice_both_real_r_V_last_V_U/B_V_data_1_state_reg[1]/R
                            (rising edge-triggered cell FDRE clocked by ap_clk  {rise@0.000ns fall@5.000ns period=10.000ns})
  Path Group:             (none)
  Path Type:              Setup (Max at Slow Process Corner)
  Data Path Delay:        2.468ns  (logic 0.124ns (5.025%)  route 2.344ns (94.975%))
  Logic Levels:           1  (LUT1=1)
  Clock Path Skew:        0.924ns (DCD - SCD + CPR)
    Destination Clock Delay (DCD):    0.924ns
    Source Clock Delay      (SCD):    0.000ns
    Clock Pessimism Removal (CPR):    0.000ns
  Clock Uncertainty:      0.025ns  ((TSJ^2 + TIJ^2)^1/2 + DJ) / 2 + PE
    Total System Jitter     (TSJ):    0.050ns
    Total Input Jitter      (TIJ):    0.000ns
    Discrete Jitter          (DJ):    0.000ns
    Phase Error              (PE):    0.000ns

    Location             Delay type                Incr(ns)  Path(ns)    Netlist Resource(s)
  -------------------------------------------------------------------    -------------------
                                                      0.000     0.000 f  ap_rst_n (IN)
                         net (fo=5, unset)            0.973     0.973    bd_0_i/hls_inst/inst/regslice_both_real_r_V_data_V_U/ap_rst_n
    SLICE_X38Y76         LUT1 (Prop_lut1_I0_O)        0.124     1.097 r  bd_0_i/hls_inst/inst/regslice_both_real_r_V_data_V_U/B_V_data_1_state[1]_i_1/O
                         net (fo=20, routed)          1.371     2.468    bd_0_i/hls_inst/inst/regslice_both_real_r_V_last_V_U/ap_rst_n_inv
    SLICE_X44Y72         FDRE                                         r  bd_0_i/hls_inst/inst/regslice_both_real_r_V_last_V_U/B_V_data_1_state_reg[1]/R
  -------------------------------------------------------------------    -------------------

                         (clock ap_clk rise edge)     0.000     0.000 r  
                                                      0.000     0.000 r  ap_clk (IN)
                         net (fo=533, unset)          0.924     0.924    bd_0_i/hls_inst/inst/regslice_both_real_r_V_last_V_U/ap_clk
    SLICE_X44Y72         FDRE                                         r  bd_0_i/hls_inst/inst/regslice_both_real_r_V_last_V_U/B_V_data_1_state_reg[1]/C

Slack:                    inf
  Source:                 ap_rst_n
                            (input port)
  Destination:            bd_0_i/hls_inst/inst/regslice_both_output_r_V_last_V_U/B_V_data_1_sel_rd_reg/R
                            (rising edge-triggered cell FDRE clocked by ap_clk  {rise@0.000ns fall@5.000ns period=10.000ns})
  Path Group:             (none)
  Path Type:              Setup (Max at Slow Process Corner)
  Data Path Delay:        2.174ns  (logic 0.124ns (5.704%)  route 2.050ns (94.296%))
  Logic Levels:           1  (LUT1=1)
  Clock Path Skew:        0.924ns (DCD - SCD + CPR)
    Destination Clock Delay (DCD):    0.924ns
    Source Clock Delay      (SCD):    0.000ns
    Clock Pessimism Removal (CPR):    0.000ns
  Clock Uncertainty:      0.025ns  ((TSJ^2 + TIJ^2)^1/2 + DJ) / 2 + PE
    Total System Jitter     (TSJ):    0.050ns
    Total Input Jitter      (TIJ):    0.000ns
    Discrete Jitter          (DJ):    0.000ns
    Phase Error              (PE):    0.000ns

    Location             Delay type                Incr(ns)  Path(ns)    Netlist Resource(s)
  -------------------------------------------------------------------    -------------------
                                                      0.000     0.000 f  ap_rst_n (IN)
                         net (fo=5, unset)            0.973     0.973    bd_0_i/hls_inst/inst/regslice_both_real_r_V_data_V_U/ap_rst_n
    SLICE_X38Y76         LUT1 (Prop_lut1_I0_O)        0.124     1.097 r  bd_0_i/hls_inst/inst/regslice_both_real_r_V_data_V_U/B_V_data_1_state[1]_i_1/O
                         net (fo=20, routed)          1.077     2.174    bd_0_i/hls_inst/inst/regslice_both_output_r_V_last_V_U/ap_rst_n_inv
    SLICE_X46Y74         FDRE                                         r  bd_0_i/hls_inst/inst/regslice_both_output_r_V_last_V_U/B_V_data_1_sel_rd_reg/R
  -------------------------------------------------------------------    -------------------

                         (clock ap_clk rise edge)     0.000     0.000 r  
                                                      0.000     0.000 r  ap_clk (IN)
                         net (fo=533, unset)          0.924     0.924    bd_0_i/hls_inst/inst/regslice_both_output_r_V_last_V_U/ap_clk
    SLICE_X46Y74         FDRE                                         r  bd_0_i/hls_inst/inst/regslice_both_output_r_V_last_V_U/B_V_data_1_sel_rd_reg/C

Slack:                    inf
  Source:                 ap_rst_n
                            (input port)
  Destination:            bd_0_i/hls_inst/inst/regslice_both_output_r_V_last_V_U/B_V_data_1_sel_wr_reg/R
                            (rising edge-triggered cell FDRE clocked by ap_clk  {rise@0.000ns fall@5.000ns period=10.000ns})
  Path Group:             (none)
  Path Type:              Setup (Max at Slow Process Corner)
  Data Path Delay:        2.174ns  (logic 0.124ns (5.704%)  route 2.050ns (94.296%))
  Logic Levels:           1  (LUT1=1)
  Clock Path Skew:        0.924ns (DCD - SCD + CPR)
    Destination Clock Delay (DCD):    0.924ns
    Source Clock Delay      (SCD):    0.000ns
    Clock Pessimism Removal (CPR):    0.000ns
  Clock Uncertainty:      0.025ns  ((TSJ^2 + TIJ^2)^1/2 + DJ) / 2 + PE
    Total System Jitter     (TSJ):    0.050ns
    Total Input Jitter      (TIJ):    0.000ns
    Discrete Jitter          (DJ):    0.000ns
    Phase Error              (PE):    0.000ns

    Location             Delay type                Incr(ns)  Path(ns)    Netlist Resource(s)
  -------------------------------------------------------------------    -------------------
                                                      0.000     0.000 f  ap_rst_n (IN)
                         net (fo=5, unset)            0.973     0.973    bd_0_i/hls_inst/inst/regslice_both_real_r_V_data_V_U/ap_rst_n
    SLICE_X38Y76         LUT1 (Prop_lut1_I0_O)        0.124     1.097 r  bd_0_i/hls_inst/inst/regslice_both_real_r_V_data_V_U/B_V_data_1_state[1]_i_1/O
                         net (fo=20, routed)          1.077     2.174    bd_0_i/hls_inst/inst/regslice_both_output_r_V_last_V_U/ap_rst_n_inv
    SLICE_X46Y74         FDRE                                         r  bd_0_i/hls_inst/inst/regslice_both_output_r_V_last_V_U/B_V_data_1_sel_wr_reg/R
  -------------------------------------------------------------------    -------------------

                         (clock ap_clk rise edge)     0.000     0.000 r  
                                                      0.000     0.000 r  ap_clk (IN)
                         net (fo=533, unset)          0.924     0.924    bd_0_i/hls_inst/inst/regslice_both_output_r_V_last_V_U/ap_clk
    SLICE_X46Y74         FDRE                                         r  bd_0_i/hls_inst/inst/regslice_both_output_r_V_last_V_U/B_V_data_1_sel_wr_reg/C

Slack:                    inf
  Source:                 ap_rst_n
                            (input port)
  Destination:            bd_0_i/hls_inst/inst/regslice_both_output_r_V_last_V_U/B_V_data_1_state_reg[1]/R
                            (rising edge-triggered cell FDRE clocked by ap_clk  {rise@0.000ns fall@5.000ns period=10.000ns})
  Path Group:             (none)
  Path Type:              Setup (Max at Slow Process Corner)
  Data Path Delay:        2.174ns  (logic 0.124ns (5.704%)  route 2.050ns (94.296%))
  Logic Levels:           1  (LUT1=1)
  Clock Path Skew:        0.924ns (DCD - SCD + CPR)
    Destination Clock Delay (DCD):    0.924ns
    Source Clock Delay      (SCD):    0.000ns
    Clock Pessimism Removal (CPR):    0.000ns
  Clock Uncertainty:      0.025ns  ((TSJ^2 + TIJ^2)^1/2 + DJ) / 2 + PE
    Total System Jitter     (TSJ):    0.050ns
    Total Input Jitter      (TIJ):    0.000ns
    Discrete Jitter          (DJ):    0.000ns
    Phase Error              (PE):    0.000ns

    Location             Delay type                Incr(ns)  Path(ns)    Netlist Resource(s)
  -------------------------------------------------------------------    -------------------
                                                      0.000     0.000 f  ap_rst_n (IN)
                         net (fo=5, unset)            0.973     0.973    bd_0_i/hls_inst/inst/regslice_both_real_r_V_data_V_U/ap_rst_n
    SLICE_X38Y76         LUT1 (Prop_lut1_I0_O)        0.124     1.097 r  bd_0_i/hls_inst/inst/regslice_both_real_r_V_data_V_U/B_V_data_1_state[1]_i_1/O
                         net (fo=20, routed)          1.077     2.174    bd_0_i/hls_inst/inst/regslice_both_output_r_V_last_V_U/ap_rst_n_inv
    SLICE_X46Y74         FDRE                                         r  bd_0_i/hls_inst/inst/regslice_both_output_r_V_last_V_U/B_V_data_1_state_reg[1]/R
  -------------------------------------------------------------------    -------------------

                         (clock ap_clk rise edge)     0.000     0.000 r  
                                                      0.000     0.000 r  ap_clk (IN)
                         net (fo=533, unset)          0.924     0.924    bd_0_i/hls_inst/inst/regslice_both_output_r_V_last_V_U/ap_clk
    SLICE_X46Y74         FDRE                                         r  bd_0_i/hls_inst/inst/regslice_both_output_r_V_last_V_U/B_V_data_1_state_reg[1]/C

Slack:                    inf
  Source:                 ap_rst_n
                            (input port)
  Destination:            bd_0_i/hls_inst/inst/ap_CS_fsm_reg[0]/S
                            (rising edge-triggered cell FDSE clocked by ap_clk  {rise@0.000ns fall@5.000ns period=10.000ns})
  Path Group:             (none)
  Path Type:              Setup (Max at Slow Process Corner)
  Data Path Delay:        2.049ns  (logic 0.124ns (6.052%)  route 1.925ns (93.948%))
  Logic Levels:           1  (LUT1=1)
  Clock Path Skew:        0.924ns (DCD - SCD + CPR)
    Destination Clock Delay (DCD):    0.924ns
    Source Clock Delay      (SCD):    0.000ns
    Clock Pessimism Removal (CPR):    0.000ns
  Clock Uncertainty:      0.025ns  ((TSJ^2 + TIJ^2)^1/2 + DJ) / 2 + PE
    Total System Jitter     (TSJ):    0.050ns
    Total Input Jitter      (TIJ):    0.000ns
    Discrete Jitter          (DJ):    0.000ns
    Phase Error              (PE):    0.000ns

    Location             Delay type                Incr(ns)  Path(ns)    Netlist Resource(s)
  -------------------------------------------------------------------    -------------------
                                                      0.000     0.000 f  ap_rst_n (IN)
                         net (fo=5, unset)            0.973     0.973    bd_0_i/hls_inst/inst/regslice_both_real_r_V_data_V_U/ap_rst_n
    SLICE_X38Y76         LUT1 (Prop_lut1_I0_O)        0.124     1.097 r  bd_0_i/hls_inst/inst/regslice_both_real_r_V_data_V_U/B_V_data_1_state[1]_i_1/O
                         net (fo=20, routed)          0.952     2.049    bd_0_i/hls_inst/inst/ap_rst_n_inv
    SLICE_X44Y74         FDSE                                         r  bd_0_i/hls_inst/inst/ap_CS_fsm_reg[0]/S
  -------------------------------------------------------------------    -------------------

                         (clock ap_clk rise edge)     0.000     0.000 r  
                                                      0.000     0.000 r  ap_clk (IN)
                         net (fo=533, unset)          0.924     0.924    bd_0_i/hls_inst/inst/ap_clk
    SLICE_X44Y74         FDSE                                         r  bd_0_i/hls_inst/inst/ap_CS_fsm_reg[0]/C

Slack:                    inf
  Source:                 ap_rst_n
                            (input port)
  Destination:            bd_0_i/hls_inst/inst/ap_CS_fsm_reg[3]/R
                            (rising edge-triggered cell FDRE clocked by ap_clk  {rise@0.000ns fall@5.000ns period=10.000ns})
  Path Group:             (none)
  Path Type:              Setup (Max at Slow Process Corner)
  Data Path Delay:        2.049ns  (logic 0.124ns (6.052%)  route 1.925ns (93.948%))
  Logic Levels:           1  (LUT1=1)
  Clock Path Skew:        0.924ns (DCD - SCD + CPR)
    Destination Clock Delay (DCD):    0.924ns
    Source Clock Delay      (SCD):    0.000ns
    Clock Pessimism Removal (CPR):    0.000ns
  Clock Uncertainty:      0.025ns  ((TSJ^2 + TIJ^2)^1/2 + DJ) / 2 + PE
    Total System Jitter     (TSJ):    0.050ns
    Total Input Jitter      (TIJ):    0.000ns
    Discrete Jitter          (DJ):    0.000ns
    Phase Error              (PE):    0.000ns

    Location             Delay type                Incr(ns)  Path(ns)    Netlist Resource(s)
  -------------------------------------------------------------------    -------------------
                                                      0.000     0.000 f  ap_rst_n (IN)
                         net (fo=5, unset)            0.973     0.973    bd_0_i/hls_inst/inst/regslice_both_real_r_V_data_V_U/ap_rst_n
    SLICE_X38Y76         LUT1 (Prop_lut1_I0_O)        0.124     1.097 r  bd_0_i/hls_inst/inst/regslice_both_real_r_V_data_V_U/B_V_data_1_state[1]_i_1/O
                         net (fo=20, routed)          0.952     2.049    bd_0_i/hls_inst/inst/ap_rst_n_inv
    SLICE_X44Y74         FDRE                                         r  bd_0_i/hls_inst/inst/ap_CS_fsm_reg[3]/R
  -------------------------------------------------------------------    -------------------

                         (clock ap_clk rise edge)     0.000     0.000 r  
                                                      0.000     0.000 r  ap_clk (IN)
                         net (fo=533, unset)          0.924     0.924    bd_0_i/hls_inst/inst/ap_clk
    SLICE_X44Y74         FDRE                                         r  bd_0_i/hls_inst/inst/ap_CS_fsm_reg[3]/C

Slack:                    inf
  Source:                 ap_rst_n
                            (input port)
  Destination:            bd_0_i/hls_inst/inst/ap_CS_fsm_reg[4]/R
                            (rising edge-triggered cell FDRE clocked by ap_clk  {rise@0.000ns fall@5.000ns period=10.000ns})
  Path Group:             (none)
  Path Type:              Setup (Max at Slow Process Corner)
  Data Path Delay:        2.049ns  (logic 0.124ns (6.052%)  route 1.925ns (93.948%))
  Logic Levels:           1  (LUT1=1)
  Clock Path Skew:        0.924ns (DCD - SCD + CPR)
    Destination Clock Delay (DCD):    0.924ns
    Source Clock Delay      (SCD):    0.000ns
    Clock Pessimism Removal (CPR):    0.000ns
  Clock Uncertainty:      0.025ns  ((TSJ^2 + TIJ^2)^1/2 + DJ) / 2 + PE
    Total System Jitter     (TSJ):    0.050ns
    Total Input Jitter      (TIJ):    0.000ns
    Discrete Jitter          (DJ):    0.000ns
    Phase Error              (PE):    0.000ns

    Location             Delay type                Incr(ns)  Path(ns)    Netlist Resource(s)
  -------------------------------------------------------------------    -------------------
                                                      0.000     0.000 f  ap_rst_n (IN)
                         net (fo=5, unset)            0.973     0.973    bd_0_i/hls_inst/inst/regslice_both_real_r_V_data_V_U/ap_rst_n
    SLICE_X38Y76         LUT1 (Prop_lut1_I0_O)        0.124     1.097 r  bd_0_i/hls_inst/inst/regslice_both_real_r_V_data_V_U/B_V_data_1_state[1]_i_1/O
                         net (fo=20, routed)          0.952     2.049    bd_0_i/hls_inst/inst/ap_rst_n_inv
    SLICE_X44Y74         FDRE                                         r  bd_0_i/hls_inst/inst/ap_CS_fsm_reg[4]/R
  -------------------------------------------------------------------    -------------------

                         (clock ap_clk rise edge)     0.000     0.000 r  
                                                      0.000     0.000 r  ap_clk (IN)
                         net (fo=533, unset)          0.924     0.924    bd_0_i/hls_inst/inst/ap_clk
    SLICE_X44Y74         FDRE                                         r  bd_0_i/hls_inst/inst/ap_CS_fsm_reg[4]/C

Slack:                    inf
  Source:                 ap_rst_n
                            (input port)
  Destination:            bd_0_i/hls_inst/inst/regslice_both_output_r_V_data_V_U/B_V_data_1_sel_wr_reg/R
                            (rising edge-triggered cell FDRE clocked by ap_clk  {rise@0.000ns fall@5.000ns period=10.000ns})
  Path Group:             (none)
  Path Type:              Setup (Max at Slow Process Corner)
  Data Path Delay:        2.049ns  (logic 0.124ns (6.052%)  route 1.925ns (93.948%))
  Logic Levels:           1  (LUT1=1)
  Clock Path Skew:        0.924ns (DCD - SCD + CPR)
    Destination Clock Delay (DCD):    0.924ns
    Source Clock Delay      (SCD):    0.000ns
    Clock Pessimism Removal (CPR):    0.000ns
  Clock Uncertainty:      0.025ns  ((TSJ^2 + TIJ^2)^1/2 + DJ) / 2 + PE
    Total System Jitter     (TSJ):    0.050ns
    Total Input Jitter      (TIJ):    0.000ns
    Discrete Jitter          (DJ):    0.000ns
    Phase Error              (PE):    0.000ns

    Location             Delay type                Incr(ns)  Path(ns)    Netlist Resource(s)
  -------------------------------------------------------------------    -------------------
                                                      0.000     0.000 f  ap_rst_n (IN)
                         net (fo=5, unset)            0.973     0.973    bd_0_i/hls_inst/inst/regslice_both_real_r_V_data_V_U/ap_rst_n
    SLICE_X38Y76         LUT1 (Prop_lut1_I0_O)        0.124     1.097 r  bd_0_i/hls_inst/inst/regslice_both_real_r_V_data_V_U/B_V_data_1_state[1]_i_1/O
                         net (fo=20, routed)          0.952     2.049    bd_0_i/hls_inst/inst/regslice_both_output_r_V_data_V_U/ap_rst_n_inv
    SLICE_X44Y74         FDRE                                         r  bd_0_i/hls_inst/inst/regslice_both_output_r_V_data_V_U/B_V_data_1_sel_wr_reg/R
  -------------------------------------------------------------------    -------------------

                         (clock ap_clk rise edge)     0.000     0.000 r  
                                                      0.000     0.000 r  ap_clk (IN)
                         net (fo=533, unset)          0.924     0.924    bd_0_i/hls_inst/inst/regslice_both_output_r_V_data_V_U/ap_clk
    SLICE_X44Y74         FDRE                                         r  bd_0_i/hls_inst/inst/regslice_both_output_r_V_data_V_U/B_V_data_1_sel_wr_reg/C





Min Delay Paths
--------------------------------------------------------------------------------------
Slack:                    inf
  Source:                 bd_0_i/hls_inst/inst/mul_32s_32s_54_2_1_U1/tmp_product__0/ACOUT[0]
                            (internal pin)
  Destination:            bd_0_i/hls_inst/inst/mul_32s_32s_54_2_1_U1/dout_reg__0/ACIN[0]
                            (rising edge-triggered cell DSP48E1 clocked by ap_clk  {rise@0.000ns fall@5.000ns period=10.000ns})
  Path Group:             (none)
  Path Type:              Hold (Min at Slow Process Corner)
  Data Path Delay:        0.002ns  (logic 0.000ns (0.000%)  route 0.002ns (100.000%))
  Logic Levels:           0  
  Clock Uncertainty:      0.025ns  ((TSJ^2 + TIJ^2)^1/2 + DJ) / 2 + PE
    Total System Jitter     (TSJ):    0.050ns
    Total Input Jitter      (TIJ):    0.000ns
    Discrete Jitter          (DJ):    0.000ns
    Phase Error              (PE):    0.000ns

    Location             Delay type                Incr(ns)  Path(ns)    Netlist Resource(s)
  -------------------------------------------------------------------    -------------------
    DSP48_X2Y30          DSP48E1                      0.000     0.000 r  bd_0_i/hls_inst/inst/mul_32s_32s_54_2_1_U1/tmp_product__0/ACOUT[0]
                         net (fo=1, routed)           0.002     0.002    bd_0_i/hls_inst/inst/mul_32s_32s_54_2_1_U1/tmp_product__0_n_53
    DSP48_X2Y31          DSP48E1                                      r  bd_0_i/hls_inst/inst/mul_32s_32s_54_2_1_U1/dout_reg__0/ACIN[0]
  -------------------------------------------------------------------    -------------------

                         (clock ap_clk rise edge)     0.000     0.000 r  
                                                      0.000     0.000 r  ap_clk (IN)
                         net (fo=533, unset)          0.973     0.973    bd_0_i/hls_inst/inst/mul_32s_32s_54_2_1_U1/ap_clk
    DSP48_X2Y31          DSP48E1                                      r  bd_0_i/hls_inst/inst/mul_32s_32s_54_2_1_U1/dout_reg__0/CLK

Slack:                    inf
  Source:                 bd_0_i/hls_inst/inst/mul_32s_32s_54_2_1_U1/tmp_product__0/ACOUT[10]
                            (internal pin)
  Destination:            bd_0_i/hls_inst/inst/mul_32s_32s_54_2_1_U1/dout_reg__0/ACIN[10]
                            (rising edge-triggered cell DSP48E1 clocked by ap_clk  {rise@0.000ns fall@5.000ns period=10.000ns})
  Path Group:             (none)
  Path Type:              Hold (Min at Slow Process Corner)
  Data Path Delay:        0.002ns  (logic 0.000ns (0.000%)  route 0.002ns (100.000%))
  Logic Levels:           0  
  Clock Uncertainty:      0.025ns  ((TSJ^2 + TIJ^2)^1/2 + DJ) / 2 + PE
    Total System Jitter     (TSJ):    0.050ns
    Total Input Jitter      (TIJ):    0.000ns
    Discrete Jitter          (DJ):    0.000ns
    Phase Error              (PE):    0.000ns

    Location             Delay type                Incr(ns)  Path(ns)    Netlist Resource(s)
  -------------------------------------------------------------------    -------------------
    DSP48_X2Y30          DSP48E1                      0.000     0.000 r  bd_0_i/hls_inst/inst/mul_32s_32s_54_2_1_U1/tmp_product__0/ACOUT[10]
                         net (fo=1, routed)           0.002     0.002    bd_0_i/hls_inst/inst/mul_32s_32s_54_2_1_U1/tmp_product__0_n_43
    DSP48_X2Y31          DSP48E1                                      r  bd_0_i/hls_inst/inst/mul_32s_32s_54_2_1_U1/dout_reg__0/ACIN[10]
  -------------------------------------------------------------------    -------------------

                         (clock ap_clk rise edge)     0.000     0.000 r  
                                                      0.000     0.000 r  ap_clk (IN)
                         net (fo=533, unset)          0.973     0.973    bd_0_i/hls_inst/inst/mul_32s_32s_54_2_1_U1/ap_clk
    DSP48_X2Y31          DSP48E1                                      r  bd_0_i/hls_inst/inst/mul_32s_32s_54_2_1_U1/dout_reg__0/CLK

Slack:                    inf
  Source:                 bd_0_i/hls_inst/inst/mul_32s_32s_54_2_1_U1/tmp_product__0/ACOUT[11]
                            (internal pin)
  Destination:            bd_0_i/hls_inst/inst/mul_32s_32s_54_2_1_U1/dout_reg__0/ACIN[11]
                            (rising edge-triggered cell DSP48E1 clocked by ap_clk  {rise@0.000ns fall@5.000ns period=10.000ns})
  Path Group:             (none)
  Path Type:              Hold (Min at Slow Process Corner)
  Data Path Delay:        0.002ns  (logic 0.000ns (0.000%)  route 0.002ns (100.000%))
  Logic Levels:           0  
  Clock Uncertainty:      0.025ns  ((TSJ^2 + TIJ^2)^1/2 + DJ) / 2 + PE
    Total System Jitter     (TSJ):    0.050ns
    Total Input Jitter      (TIJ):    0.000ns
    Discrete Jitter          (DJ):    0.000ns
    Phase Error              (PE):    0.000ns

    Location             Delay type                Incr(ns)  Path(ns)    Netlist Resource(s)
  -------------------------------------------------------------------    -------------------
    DSP48_X2Y30          DSP48E1                      0.000     0.000 r  bd_0_i/hls_inst/inst/mul_32s_32s_54_2_1_U1/tmp_product__0/ACOUT[11]
                         net (fo=1, routed)           0.002     0.002    bd_0_i/hls_inst/inst/mul_32s_32s_54_2_1_U1/tmp_product__0_n_42
    DSP48_X2Y31          DSP48E1                                      r  bd_0_i/hls_inst/inst/mul_32s_32s_54_2_1_U1/dout_reg__0/ACIN[11]
  -------------------------------------------------------------------    -------------------

                         (clock ap_clk rise edge)     0.000     0.000 r  
                                                      0.000     0.000 r  ap_clk (IN)
                         net (fo=533, unset)          0.973     0.973    bd_0_i/hls_inst/inst/mul_32s_32s_54_2_1_U1/ap_clk
    DSP48_X2Y31          DSP48E1                                      r  bd_0_i/hls_inst/inst/mul_32s_32s_54_2_1_U1/dout_reg__0/CLK

Slack:                    inf
  Source:                 bd_0_i/hls_inst/inst/mul_32s_32s_54_2_1_U1/tmp_product__0/ACOUT[12]
                            (internal pin)
  Destination:            bd_0_i/hls_inst/inst/mul_32s_32s_54_2_1_U1/dout_reg__0/ACIN[12]
                            (rising edge-triggered cell DSP48E1 clocked by ap_clk  {rise@0.000ns fall@5.000ns period=10.000ns})
  Path Group:             (none)
  Path Type:              Hold (Min at Slow Process Corner)
  Data Path Delay:        0.002ns  (logic 0.000ns (0.000%)  route 0.002ns (100.000%))
  Logic Levels:           0  
  Clock Uncertainty:      0.025ns  ((TSJ^2 + TIJ^2)^1/2 + DJ) / 2 + PE
    Total System Jitter     (TSJ):    0.050ns
    Total Input Jitter      (TIJ):    0.000ns
    Discrete Jitter          (DJ):    0.000ns
    Phase Error              (PE):    0.000ns

    Location             Delay type                Incr(ns)  Path(ns)    Netlist Resource(s)
  -------------------------------------------------------------------    -------------------
    DSP48_X2Y30          DSP48E1                      0.000     0.000 r  bd_0_i/hls_inst/inst/mul_32s_32s_54_2_1_U1/tmp_product__0/ACOUT[12]
                         net (fo=1, routed)           0.002     0.002    bd_0_i/hls_inst/inst/mul_32s_32s_54_2_1_U1/tmp_product__0_n_41
    DSP48_X2Y31          DSP48E1                                      r  bd_0_i/hls_inst/inst/mul_32s_32s_54_2_1_U1/dout_reg__0/ACIN[12]
  -------------------------------------------------------------------    -------------------

                         (clock ap_clk rise edge)     0.000     0.000 r  
                                                      0.000     0.000 r  ap_clk (IN)
                         net (fo=533, unset)          0.973     0.973    bd_0_i/hls_inst/inst/mul_32s_32s_54_2_1_U1/ap_clk
    DSP48_X2Y31          DSP48E1                                      r  bd_0_i/hls_inst/inst/mul_32s_32s_54_2_1_U1/dout_reg__0/CLK

Slack:                    inf
  Source:                 bd_0_i/hls_inst/inst/mul_32s_32s_54_2_1_U1/tmp_product__0/ACOUT[13]
                            (internal pin)
  Destination:            bd_0_i/hls_inst/inst/mul_32s_32s_54_2_1_U1/dout_reg__0/ACIN[13]
                            (rising edge-triggered cell DSP48E1 clocked by ap_clk  {rise@0.000ns fall@5.000ns period=10.000ns})
  Path Group:             (none)
  Path Type:              Hold (Min at Slow Process Corner)
  Data Path Delay:        0.002ns  (logic 0.000ns (0.000%)  route 0.002ns (100.000%))
  Logic Levels:           0  
  Clock Uncertainty:      0.025ns  ((TSJ^2 + TIJ^2)^1/2 + DJ) / 2 + PE
    Total System Jitter     (TSJ):    0.050ns
    Total Input Jitter      (TIJ):    0.000ns
    Discrete Jitter          (DJ):    0.000ns
    Phase Error              (PE):    0.000ns

    Location             Delay type                Incr(ns)  Path(ns)    Netlist Resource(s)
  -------------------------------------------------------------------    -------------------
    DSP48_X2Y30          DSP48E1                      0.000     0.000 r  bd_0_i/hls_inst/inst/mul_32s_32s_54_2_1_U1/tmp_product__0/ACOUT[13]
                         net (fo=1, routed)           0.002     0.002    bd_0_i/hls_inst/inst/mul_32s_32s_54_2_1_U1/tmp_product__0_n_40
    DSP48_X2Y31          DSP48E1                                      r  bd_0_i/hls_inst/inst/mul_32s_32s_54_2_1_U1/dout_reg__0/ACIN[13]
  -------------------------------------------------------------------    -------------------

                         (clock ap_clk rise edge)     0.000     0.000 r  
                                                      0.000     0.000 r  ap_clk (IN)
                         net (fo=533, unset)          0.973     0.973    bd_0_i/hls_inst/inst/mul_32s_32s_54_2_1_U1/ap_clk
    DSP48_X2Y31          DSP48E1                                      r  bd_0_i/hls_inst/inst/mul_32s_32s_54_2_1_U1/dout_reg__0/CLK

Slack:                    inf
  Source:                 bd_0_i/hls_inst/inst/mul_32s_32s_54_2_1_U1/tmp_product__0/ACOUT[14]
                            (internal pin)
  Destination:            bd_0_i/hls_inst/inst/mul_32s_32s_54_2_1_U1/dout_reg__0/ACIN[14]
                            (rising edge-triggered cell DSP48E1 clocked by ap_clk  {rise@0.000ns fall@5.000ns period=10.000ns})
  Path Group:             (none)
  Path Type:              Hold (Min at Slow Process Corner)
  Data Path Delay:        0.002ns  (logic 0.000ns (0.000%)  route 0.002ns (100.000%))
  Logic Levels:           0  
  Clock Uncertainty:      0.025ns  ((TSJ^2 + TIJ^2)^1/2 + DJ) / 2 + PE
    Total System Jitter     (TSJ):    0.050ns
    Total Input Jitter      (TIJ):    0.000ns
    Discrete Jitter          (DJ):    0.000ns
    Phase Error              (PE):    0.000ns

    Location             Delay type                Incr(ns)  Path(ns)    Netlist Resource(s)
  -------------------------------------------------------------------    -------------------
    DSP48_X2Y30          DSP48E1                      0.000     0.000 r  bd_0_i/hls_inst/inst/mul_32s_32s_54_2_1_U1/tmp_product__0/ACOUT[14]
                         net (fo=1, routed)           0.002     0.002    bd_0_i/hls_inst/inst/mul_32s_32s_54_2_1_U1/tmp_product__0_n_39
    DSP48_X2Y31          DSP48E1                                      r  bd_0_i/hls_inst/inst/mul_32s_32s_54_2_1_U1/dout_reg__0/ACIN[14]
  -------------------------------------------------------------------    -------------------

                         (clock ap_clk rise edge)     0.000     0.000 r  
                                                      0.000     0.000 r  ap_clk (IN)
                         net (fo=533, unset)          0.973     0.973    bd_0_i/hls_inst/inst/mul_32s_32s_54_2_1_U1/ap_clk
    DSP48_X2Y31          DSP48E1                                      r  bd_0_i/hls_inst/inst/mul_32s_32s_54_2_1_U1/dout_reg__0/CLK

Slack:                    inf
  Source:                 bd_0_i/hls_inst/inst/mul_32s_32s_54_2_1_U1/tmp_product__0/ACOUT[15]
                            (internal pin)
  Destination:            bd_0_i/hls_inst/inst/mul_32s_32s_54_2_1_U1/dout_reg__0/ACIN[15]
                            (rising edge-triggered cell DSP48E1 clocked by ap_clk  {rise@0.000ns fall@5.000ns period=10.000ns})
  Path Group:             (none)
  Path Type:              Hold (Min at Slow Process Corner)
  Data Path Delay:        0.002ns  (logic 0.000ns (0.000%)  route 0.002ns (100.000%))
  Logic Levels:           0  
  Clock Uncertainty:      0.025ns  ((TSJ^2 + TIJ^2)^1/2 + DJ) / 2 + PE
    Total System Jitter     (TSJ):    0.050ns
    Total Input Jitter      (TIJ):    0.000ns
    Discrete Jitter          (DJ):    0.000ns
    Phase Error              (PE):    0.000ns

    Location             Delay type                Incr(ns)  Path(ns)    Netlist Resource(s)
  -------------------------------------------------------------------    -------------------
    DSP48_X2Y30          DSP48E1                      0.000     0.000 r  bd_0_i/hls_inst/inst/mul_32s_32s_54_2_1_U1/tmp_product__0/ACOUT[15]
                         net (fo=1, routed)           0.002     0.002    bd_0_i/hls_inst/inst/mul_32s_32s_54_2_1_U1/tmp_product__0_n_38
    DSP48_X2Y31          DSP48E1                                      r  bd_0_i/hls_inst/inst/mul_32s_32s_54_2_1_U1/dout_reg__0/ACIN[15]
  -------------------------------------------------------------------    -------------------

                         (clock ap_clk rise edge)     0.000     0.000 r  
                                                      0.000     0.000 r  ap_clk (IN)
                         net (fo=533, unset)          0.973     0.973    bd_0_i/hls_inst/inst/mul_32s_32s_54_2_1_U1/ap_clk
    DSP48_X2Y31          DSP48E1                                      r  bd_0_i/hls_inst/inst/mul_32s_32s_54_2_1_U1/dout_reg__0/CLK

Slack:                    inf
  Source:                 bd_0_i/hls_inst/inst/mul_32s_32s_54_2_1_U1/tmp_product__0/ACOUT[16]
                            (internal pin)
  Destination:            bd_0_i/hls_inst/inst/mul_32s_32s_54_2_1_U1/dout_reg__0/ACIN[16]
                            (rising edge-triggered cell DSP48E1 clocked by ap_clk  {rise@0.000ns fall@5.000ns period=10.000ns})
  Path Group:             (none)
  Path Type:              Hold (Min at Slow Process Corner)
  Data Path Delay:        0.002ns  (logic 0.000ns (0.000%)  route 0.002ns (100.000%))
  Logic Levels:           0  
  Clock Uncertainty:      0.025ns  ((TSJ^2 + TIJ^2)^1/2 + DJ) / 2 + PE
    Total System Jitter     (TSJ):    0.050ns
    Total Input Jitter      (TIJ):    0.000ns
    Discrete Jitter          (DJ):    0.000ns
    Phase Error              (PE):    0.000ns

    Location             Delay type                Incr(ns)  Path(ns)    Netlist Resource(s)
  -------------------------------------------------------------------    -------------------
    DSP48_X2Y30          DSP48E1                      0.000     0.000 r  bd_0_i/hls_inst/inst/mul_32s_32s_54_2_1_U1/tmp_product__0/ACOUT[16]
                         net (fo=1, routed)           0.002     0.002    bd_0_i/hls_inst/inst/mul_32s_32s_54_2_1_U1/tmp_product__0_n_37
    DSP48_X2Y31          DSP48E1                                      r  bd_0_i/hls_inst/inst/mul_32s_32s_54_2_1_U1/dout_reg__0/ACIN[16]
  -------------------------------------------------------------------    -------------------

                         (clock ap_clk rise edge)     0.000     0.000 r  
                                                      0.000     0.000 r  ap_clk (IN)
                         net (fo=533, unset)          0.973     0.973    bd_0_i/hls_inst/inst/mul_32s_32s_54_2_1_U1/ap_clk
    DSP48_X2Y31          DSP48E1                                      r  bd_0_i/hls_inst/inst/mul_32s_32s_54_2_1_U1/dout_reg__0/CLK

Slack:                    inf
  Source:                 bd_0_i/hls_inst/inst/mul_32s_32s_54_2_1_U1/tmp_product__0/ACOUT[17]
                            (internal pin)
  Destination:            bd_0_i/hls_inst/inst/mul_32s_32s_54_2_1_U1/dout_reg__0/ACIN[17]
                            (rising edge-triggered cell DSP48E1 clocked by ap_clk  {rise@0.000ns fall@5.000ns period=10.000ns})
  Path Group:             (none)
  Path Type:              Hold (Min at Slow Process Corner)
  Data Path Delay:        0.002ns  (logic 0.000ns (0.000%)  route 0.002ns (100.000%))
  Logic Levels:           0  
  Clock Uncertainty:      0.025ns  ((TSJ^2 + TIJ^2)^1/2 + DJ) / 2 + PE
    Total System Jitter     (TSJ):    0.050ns
    Total Input Jitter      (TIJ):    0.000ns
    Discrete Jitter          (DJ):    0.000ns
    Phase Error              (PE):    0.000ns

    Location             Delay type                Incr(ns)  Path(ns)    Netlist Resource(s)
  -------------------------------------------------------------------    -------------------
    DSP48_X2Y30          DSP48E1                      0.000     0.000 r  bd_0_i/hls_inst/inst/mul_32s_32s_54_2_1_U1/tmp_product__0/ACOUT[17]
                         net (fo=1, routed)           0.002     0.002    bd_0_i/hls_inst/inst/mul_32s_32s_54_2_1_U1/tmp_product__0_n_36
    DSP48_X2Y31          DSP48E1                                      r  bd_0_i/hls_inst/inst/mul_32s_32s_54_2_1_U1/dout_reg__0/ACIN[17]
  -------------------------------------------------------------------    -------------------

                         (clock ap_clk rise edge)     0.000     0.000 r  
                                                      0.000     0.000 r  ap_clk (IN)
                         net (fo=533, unset)          0.973     0.973    bd_0_i/hls_inst/inst/mul_32s_32s_54_2_1_U1/ap_clk
    DSP48_X2Y31          DSP48E1                                      r  bd_0_i/hls_inst/inst/mul_32s_32s_54_2_1_U1/dout_reg__0/CLK

Slack:                    inf
  Source:                 bd_0_i/hls_inst/inst/mul_32s_32s_54_2_1_U1/tmp_product__0/ACOUT[18]
                            (internal pin)
  Destination:            bd_0_i/hls_inst/inst/mul_32s_32s_54_2_1_U1/dout_reg__0/ACIN[18]
                            (rising edge-triggered cell DSP48E1 clocked by ap_clk  {rise@0.000ns fall@5.000ns period=10.000ns})
  Path Group:             (none)
  Path Type:              Hold (Min at Slow Process Corner)
  Data Path Delay:        0.002ns  (logic 0.000ns (0.000%)  route 0.002ns (100.000%))
  Logic Levels:           0  
  Clock Uncertainty:      0.025ns  ((TSJ^2 + TIJ^2)^1/2 + DJ) / 2 + PE
    Total System Jitter     (TSJ):    0.050ns
    Total Input Jitter      (TIJ):    0.000ns
    Discrete Jitter          (DJ):    0.000ns
    Phase Error              (PE):    0.000ns

    Location             Delay type                Incr(ns)  Path(ns)    Netlist Resource(s)
  -------------------------------------------------------------------    -------------------
    DSP48_X2Y30          DSP48E1                      0.000     0.000 r  bd_0_i/hls_inst/inst/mul_32s_32s_54_2_1_U1/tmp_product__0/ACOUT[18]
                         net (fo=1, routed)           0.002     0.002    bd_0_i/hls_inst/inst/mul_32s_32s_54_2_1_U1/tmp_product__0_n_35
    DSP48_X2Y31          DSP48E1                                      r  bd_0_i/hls_inst/inst/mul_32s_32s_54_2_1_U1/dout_reg__0/ACIN[18]
  -------------------------------------------------------------------    -------------------

                         (clock ap_clk rise edge)     0.000     0.000 r  
                                                      0.000     0.000 r  ap_clk (IN)
                         net (fo=533, unset)          0.973     0.973    bd_0_i/hls_inst/inst/mul_32s_32s_54_2_1_U1/ap_clk
    DSP48_X2Y31          DSP48E1                                      r  bd_0_i/hls_inst/inst/mul_32s_32s_54_2_1_U1/dout_reg__0/CLK





