Copyright 1986-2022 Xilinx, Inc. All Rights Reserved.
---------------------------------------------------------------------------------------------------------------------------------------------------------------------------------------------------------------------------------
| Tool Version : Vivado v.2022.1 (win64) Build 3526262 Mon Apr 18 15:48:16 MDT 2022
| Date         : Sat Sep 26 05:29:40 2026
| Host         : ndrswcy running 64-bit major release  (build 9200)
| Command      : report_timing_summary -max_paths 10 -report_unconstrained -file bd_0_wrapper_timing_summary_routed.rpt -pb bd_0_wrapper_timing_summary_routed.pb -rpx bd_0_wrapper_timing_summary_routed.rpx -warn_on_violation
| Design       : bd_0_wrapper
| Device       : 7z020-clg400
| Speed File   : -1  PRODUCTION 1.12 2019-11-22
---------------------------------------------------------------------------------------------------------------------------------------------------------------------------------------------------------------------------------

Timing Summary Report

------------------------------------------------------------------------------------------------
| Timer Settings
| --------------
------------------------------------------------------------------------------------------------

  Enable Multi Corner Analysis               :  Yes
  Enable Pessimism Removal                   :  Yes
  Pessimism Removal Resolution               :  Nearest Common Node
  Enable Input Delay Default Clock           :  No
  Enable Preset / Clear Arcs                 :  No
  Disable Flight Delays                      :  No
  Ignore I/O Paths                           :  No
  Timing Early Launch at Borrowing Latches   :  No
  Borrow Time for Max Delay Exceptions       :  Yes
  Merge Timing Exceptions                    :  Yes

  Corner  Analyze    Analyze    
  Name    Max Paths  Min Paths  
  ------  ---------  ---------  
  Slow    Yes        Yes        
  Fast    Yes        Yes        


------------------------------------------------------------------------------------------------
| Report Methodology
| ------------------
------------------------------------------------------------------------------------------------

Rule       Severity  Description                    Violations  
---------  --------  -----------------------------  ----------  
TIMING-18  Warning   Missing input or output delay  47          

Note: This report is based on the most recent report_methodology run and may not be up-to-date. Run report_methodology on the current design for the latest report.



check_timing report

Table of Contents
-----------------
1. checking no_clock (0)
2. checking constant_clock (0)
3. checking pulse_width_clock (0)
4. checking unconstrained_internal_endpoints (0)
5. checking no_input_delay (12)
6. checking no_output_delay (35)
7. checking multiple_clock (0)
8. checking generated_clocks (0)
9. checking loops (0)
10. checking partial_input_delay (0)
11. checking partial_output_delay (0)
12. checking latch_loops (0)

1. checking no_clock (0)
------------------------
 There are 0 register/latch pins with no clock.


2. checking constant_clock (0)
------------------------------
 There are 0 register/latch pins with constant_clock.


3. checking pulse_width_clock (0)
---------------------------------
 There are 0 register/latch pins which need pulse_width check


4. checking unconstrained_internal_endpoints (0)
------------------------------------------------
 There are 0 pins that are not constrained for maximum delay.

 There are 0 pins that are not constrained for maximum delay due to constant clock.


5. checking no_input_delay (12)
-------------------------------
 There are 12 input ports with no input delay specified. (HIGH)

 There are 0 input ports with no input delay but user has a false path constraint.


6. checking no_output_delay (35)
--------------------------------
 There are 35 ports with no output delay specified. (HIGH)

 There are 0 ports with no output delay but user has a false path constraint

 There are 0 ports with no output delay but with a timing clock defined on it or propagating through it


7. checking multiple_clock (0)
------------------------------
 There are 0 register/latch pins with multiple clocks.


8. checking generated_clocks (0)
--------------------------------
 There are 0 generated clocks that are not connected to a clock source.


9. checking loops (0)
---------------------
 There are 0 combinational loops in the design.


10. checking partial_input_delay (0)
------------------------------------
 There are 0 input ports with partial input delay specified.


11. checking partial_output_delay (0)
-------------------------------------
 There are 0 ports with partial output delay specified.


12. checking latch_loops (0)
----------------------------
 There are 0 combinational latch loops in the design through latch input



------------------------------------------------------------------------------------------------
| Design Timing Summary
| ---------------------
------------------------------------------------------------------------------------------------

    WNS(ns)      TNS(ns)  TNS Failing Endpoints  TNS Total Endpoints      WHS(ns)      THS(ns)  THS Failing Endpoints  THS Total Endpoints     WPWS(ns)     TPWS(ns)  TPWS Failing Endpoints  TPWS Total Endpoints  
    -------      -------  ---------------------  -------------------      -------      -------  ---------------------  -------------------     --------     --------  ----------------------  --------------------  
      3.484        0.000                      0                 1095        0.101        0.000                      0                 1095        4.500        0.000                       0                   369  


All user specified timing constraints are met.


------------------------------------------------------------------------------------------------
| Clock Summary
| -------------
------------------------------------------------------------------------------------------------

Clock   Waveform(ns)       Period(ns)      Frequency(MHz)
-----   ------------       ----------      --------------
ap_clk  {0.000 5.000}      10.000          100.000         


------------------------------------------------------------------------------------------------
| Intra Clock Table
| -----------------
------------------------------------------------------------------------------------------------

Clock             WNS(ns)      TNS(ns)  TNS Failing Endpoints  TNS Total Endpoints      WHS(ns)      THS(ns)  THS Failing Endpoints  THS Total Endpoints     WPWS(ns)     TPWS(ns)  TPWS Failing Endpoints  TPWS Total Endpoints  
-----             -------      -------  ---------------------  -------------------      -------      -------  ---------------------  -------------------     --------     --------  ----------------------  --------------------  
ap_clk              3.484        0.000                      0                 1095        0.101        0.000                      0                 1095        4.500        0.000                       0                   369  


------------------------------------------------------------------------------------------------
| Inter Clock Table
| -----------------
------------------------------------------------------------------------------------------------

From Clock    To Clock          WNS(ns)      TNS(ns)  TNS Failing Endpoints  TNS Total Endpoints      WHS(ns)      THS(ns)  THS Failing Endpoints  THS Total Endpoints  
----------    --------          -------      -------  ---------------------  -------------------      -------      -------  ---------------------  -------------------  


------------------------------------------------------------------------------------------------
| Other Path Groups Table
| -----------------------
------------------------------------------------------------------------------------------------

Path Group    From Clock    To Clock          WNS(ns)      TNS(ns)  TNS Failing Endpoints  TNS Total Endpoints      WHS(ns)      THS(ns)  THS Failing Endpoints  THS Total Endpoints  
----------    ----------    --------          -------      -------  ---------------------  -------------------      -------      -------  ---------------------  -------------------  


------------------------------------------------------------------------------------------------
| User Ignored Path Table
| -----------------------
------------------------------------------------------------------------------------------------

Path Group    From Clock    To Clock    
----------    ----------    --------    


------------------------------------------------------------------------------------------------
| Unconstrained Path Table
| ------------------------
------------------------------------------------------------------------------------------------

Path Group    From Clock    To Clock    
----------    ----------    --------    
(none)        ap_clk                      
(none)                      ap_clk        


------------------------------------------------------------------------------------------------
| Timing Details
| --------------
------------------------------------------------------------------------------------------------


---------------------------------------------------------------------------------------------------
From Clock:  ap_clk
  To Clock:  ap_clk

Setup :            0  Failing Endpoints,  Worst Slack        3.484ns,  Total Violation        0.000ns
Hold  :            0  Failing Endpoints,  Worst Slack        0.101ns,  Total Violation        0.000ns
PW    :            0  Failing Endpoints,  Worst Slack        4.500ns,  Total Violation        0.000ns
---------------------------------------------------------------------------------------------------


Max Delay Paths
--------------------------------------------------------------------------------------
Slack (MET) :             3.484ns  (required time - arrival time)
  Source:                 bd_0_i/hls_inst/inst/count_V_reg[1]/C
                            (rising edge-triggered cell FDRE clocked by ap_clk  {rise@0.000ns fall@5.000ns period=10.000ns})
  Destination:            bd_0_i/hls_inst/inst/mac_muladd_16s_8s_25s_25_4_1_U14/fir_decimation_filter_mac_muladd_16s_8s_25s_25_4_1_DSP48_2_U/p_reg_reg/B[0]
                            (rising edge-triggered cell DSP48E1 clocked by ap_clk  {rise@0.000ns fall@5.000ns period=10.000ns})
  Path Group:             ap_clk
  Path Type:              Setup (Max at Slow Process Corner)
  Requirement:            10.000ns  (ap_clk rise@10.000ns - ap_clk rise@0.000ns)
  Data Path Delay:        5.982ns  (logic 0.704ns (11.769%)  route 5.278ns (88.231%))
  Logic Levels:           2  (LUT5=1 LUT6=1)
  Clock Path Skew:        -0.049ns (DCD - SCD + CPR)
    Destination Clock Delay (DCD):    0.924ns = ( 10.924 - 10.000 ) 
    Source Clock Delay      (SCD):    0.973ns
    Clock Pessimism Removal (CPR):    0.000ns
  Clock Uncertainty:      0.035ns  ((TSJ^2 + TIJ^2)^1/2 + DJ) / 2 + PE
    Total System Jitter     (TSJ):    0.071ns
    Total Input Jitter      (TIJ):    0.000ns
    Discrete Jitter          (DJ):    0.000ns
    Phase Error              (PE):    0.000ns

    Location             Delay type                Incr(ns)  Path(ns)    Netlist Resource(s)
  -------------------------------------------------------------------    -------------------
                         (clock ap_clk rise edge)     0.000     0.000 r  
                                                      0.000     0.000 r  ap_clk (IN)
                         net (fo=368, unset)          0.973     0.973    bd_0_i/hls_inst/inst/ap_clk
    SLICE_X28Y65         FDRE                                         r  bd_0_i/hls_inst/inst/count_V_reg[1]/C
  -------------------------------------------------------------------    -------------------
    SLICE_X28Y65         FDRE (Prop_fdre_C_Q)         0.456     1.429 r  bd_0_i/hls_inst/inst/count_V_reg[1]/Q
                         net (fo=92, routed)          3.425     4.854    bd_0_i/hls_inst/inst/mac_muladd_16s_8s_25s_25_4_1_U14/fir_decimation_filter_mac_muladd_16s_8s_25s_25_4_1_DSP48_2_U/p_reg_reg_1
    SLICE_X33Y57         LUT6 (Prop_lut6_I3_O)        0.124     4.978 r  bd_0_i/hls_inst/inst/mac_muladd_16s_8s_25s_25_4_1_U14/fir_decimation_filter_mac_muladd_16s_8s_25s_25_4_1_DSP48_2_U/p_ZZ21fir_decimation_filterRN3hls6streamINS_4axisI8ap_fixedILi8ELi1EL9ap_q_mode5E_5[0]_i_2/O
                         net (fo=1, routed)           0.665     5.644    bd_0_i/hls_inst/inst/mac_muladd_16s_8s_25s_25_4_1_U14/fir_decimation_filter_mac_muladd_16s_8s_25s_25_4_1_DSP48_2_U/mux_2_0__0[0]
    SLICE_X33Y57         LUT5 (Prop_lut5_I0_O)        0.124     5.768 r  bd_0_i/hls_inst/inst/mac_muladd_16s_8s_25s_25_4_1_U14/fir_decimation_filter_mac_muladd_16s_8s_25s_25_4_1_DSP48_2_U/p_ZZ21fir_decimation_filterRN3hls6streamINS_4axisI8ap_fixedILi8ELi1EL9ap_q_mode5E_5[0]_i_1/O
                         net (fo=6, routed)           1.187     6.955    bd_0_i/hls_inst/inst/mac_muladd_16s_8s_25s_25_4_1_U14/fir_decimation_filter_mac_muladd_16s_8s_25s_25_4_1_DSP48_2_U/B[0]
    DSP48_X2Y24          DSP48E1                                      r  bd_0_i/hls_inst/inst/mac_muladd_16s_8s_25s_25_4_1_U14/fir_decimation_filter_mac_muladd_16s_8s_25s_25_4_1_DSP48_2_U/p_reg_reg/B[0]
  -------------------------------------------------------------------    -------------------

                         (clock ap_clk rise edge)    10.000    10.000 r  
                                                      0.000    10.000 r  ap_clk (IN)
                         net (fo=368, unset)          0.924    10.924    bd_0_i/hls_inst/inst/mac_muladd_16s_8s_25s_25_4_1_U14/fir_decimation_filter_mac_muladd_16s_8s_25s_25_4_1_DSP48_2_U/ap_clk
    DSP48_X2Y24          DSP48E1                                      r  bd_0_i/hls_inst/inst/mac_muladd_16s_8s_25s_25_4_1_U14/fir_decimation_filter_mac_muladd_16s_8s_25s_25_4_1_DSP48_2_U/p_reg_reg/CLK
                         clock pessimism              0.000    10.924    
                         clock uncertainty           -0.035    10.889    
    DSP48_X2Y24          DSP48E1 (Setup_dsp48e1_CLK_B[0])
                                                     -0.450    10.439    bd_0_i/hls_inst/inst/mac_muladd_16s_8s_25s_25_4_1_U14/fir_decimation_filter_mac_muladd_16s_8s_25s_25_4_1_DSP48_2_U/p_reg_reg
  -------------------------------------------------------------------
                         required time                         10.439    
                         arrival time                          -6.955    
  -------------------------------------------------------------------
                         slack                                  3.484    

Slack (MET) :             4.036ns  (required time - arrival time)
  Source:                 bd_0_i/hls_inst/inst/count_V_reg[1]/C
                            (rising edge-triggered cell FDRE clocked by ap_clk  {rise@0.000ns fall@5.000ns period=10.000ns})
  Destination:            bd_0_i/hls_inst/inst/mac_muladd_16s_8s_25s_25_4_1_U14/fir_decimation_filter_mac_muladd_16s_8s_25s_25_4_1_DSP48_2_U/p_reg_reg/B[3]
                            (rising edge-triggered cell DSP48E1 clocked by ap_clk  {rise@0.000ns fall@5.000ns period=10.000ns})
  Path Group:             ap_clk
  Path Type:              Setup (Max at Slow Process Corner)
  Requirement:            10.000ns  (ap_clk rise@10.000ns - ap_clk rise@0.000ns)
  Data Path Delay:        5.430ns  (logic 0.704ns (12.965%)  route 4.726ns (87.035%))
  Logic Levels:           2  (LUT5=1 LUT6=1)
  Clock Path Skew:        -0.049ns (DCD - SCD + CPR)
    Destination Clock Delay (DCD):    0.924ns = ( 10.924 - 10.000 ) 
    Source Clock Delay      (SCD):    0.973ns
    Clock Pessimism Removal (CPR):    0.000ns
  Clock Uncertainty:      0.035ns  ((TSJ^2 + TIJ^2)^1/2 + DJ) / 2 + PE
    Total System Jitter     (TSJ):    0.071ns
    Total Input Jitter      (TIJ):    0.000ns
    Discrete Jitter          (DJ):    0.000ns
    Phase Error              (PE):    0.000ns

    Location             Delay type                Incr(ns)  Path(ns)    Netlist Resource(s)
  -------------------------------------------------------------------    -------------------
                         (clock ap_clk rise edge)     0.000     0.000 r  
                                                      0.000     0.000 r  ap_clk (IN)
                         net (fo=368, unset)          0.973     0.973    bd_0_i/hls_inst/inst/ap_clk
    SLICE_X28Y65         FDRE                                         r  bd_0_i/hls_inst/inst/count_V_reg[1]/C
  -------------------------------------------------------------------    -------------------
    SLICE_X28Y65         FDRE (Prop_fdre_C_Q)         0.456     1.429 r  bd_0_i/hls_inst/inst/count_V_reg[1]/Q
                         net (fo=92, routed)          3.424     4.853    bd_0_i/hls_inst/inst/mac_muladd_16s_8s_25s_25_4_1_U14/fir_decimation_filter_mac_muladd_16s_8s_25s_25_4_1_DSP48_2_U/p_reg_reg_1
    SLICE_X33Y57         LUT6 (Prop_lut6_I3_O)        0.124     4.977 r  bd_0_i/hls_inst/inst/mac_muladd_16s_8s_25s_25_4_1_U14/fir_decimation_filter_mac_muladd_16s_8s_25s_25_4_1_DSP48_2_U/p_ZZ21fir_decimation_filterRN3hls6streamINS_4axisI8ap_fixedILi8ELi1EL9ap_q_mode5E_5[3]_i_2/O
                         net (fo=1, routed)           0.154     5.131    bd_0_i/hls_inst/inst/mac_muladd_16s_8s_25s_25_4_1_U14/fir_decimation_filter_mac_muladd_16s_8s_25s_25_4_1_DSP48_2_U/mux_2_0__0[3]
    SLICE_X33Y57         LUT5 (Prop_lut5_I0_O)        0.124     5.255 r  bd_0_i/hls_inst/inst/mac_muladd_16s_8s_25s_25_4_1_U14/fir_decimation_filter_mac_muladd_16s_8s_25s_25_4_1_DSP48_2_U/p_ZZ21fir_decimation_filterRN3hls6streamINS_4axisI8ap_fixedILi8ELi1EL9ap_q_mode5E_5[3]_i_1/O
                         net (fo=6, routed)           1.148     6.403    bd_0_i/hls_inst/inst/mac_muladd_16s_8s_25s_25_4_1_U14/fir_decimation_filter_mac_muladd_16s_8s_25s_25_4_1_DSP48_2_U/B[3]
    DSP48_X2Y24          DSP48E1                                      r  bd_0_i/hls_inst/inst/mac_muladd_16s_8s_25s_25_4_1_U14/fir_decimation_filter_mac_muladd_16s_8s_25s_25_4_1_DSP48_2_U/p_reg_reg/B[3]
  -------------------------------------------------------------------    -------------------

                         (clock ap_clk rise edge)    10.000    10.000 r  
                                                      0.000    10.000 r  ap_clk (IN)
                         net (fo=368, unset)          0.924    10.924    bd_0_i/hls_inst/inst/mac_muladd_16s_8s_25s_25_4_1_U14/fir_decimation_filter_mac_muladd_16s_8s_25s_25_4_1_DSP48_2_U/ap_clk
    DSP48_X2Y24          DSP48E1                                      r  bd_0_i/hls_inst/inst/mac_muladd_16s_8s_25s_25_4_1_U14/fir_decimation_filter_mac_muladd_16s_8s_25s_25_4_1_DSP48_2_U/p_reg_reg/CLK
                         clock pessimism              0.000    10.924    
                         clock uncertainty           -0.035    10.889    
    DSP48_X2Y24          DSP48E1 (Setup_dsp48e1_CLK_B[3])
                                                     -0.450    10.439    bd_0_i/hls_inst/inst/mac_muladd_16s_8s_25s_25_4_1_U14/fir_decimation_filter_mac_muladd_16s_8s_25s_25_4_1_DSP48_2_U/p_reg_reg
  -------------------------------------------------------------------
                         required time                         10.439    
                         arrival time                          -6.403    
  -------------------------------------------------------------------
                         slack                                  4.036    

Slack (MET) :             4.123ns  (required time - arrival time)
  Source:                 bd_0_i/hls_inst/inst/count_V_reg[1]/C
                            (rising edge-triggered cell FDRE clocked by ap_clk  {rise@0.000ns fall@5.000ns period=10.000ns})
  Destination:            bd_0_i/hls_inst/inst/p_ZZ21fir_decimation_filterRN3hls6streamINS_4axisI8ap_fixedILi8ELi1EL9ap_q_mode5E_5_reg[0]/D
                            (rising edge-triggered cell FDRE clocked by ap_clk  {rise@0.000ns fall@5.000ns period=10.000ns})
  Path Group:             ap_clk
  Path Type:              Setup (Max at Slow Process Corner)
  Requirement:            10.000ns  (ap_clk rise@10.000ns - ap_clk rise@0.000ns)
  Data Path Delay:        5.762ns  (logic 0.704ns (12.218%)  route 5.058ns (87.782%))
  Logic Levels:           2  (LUT5=1 LUT6=1)
  Clock Path Skew:        -0.049ns (DCD - SCD + CPR)
    Destination Clock Delay (DCD):    0.924ns = ( 10.924 - 10.000 ) 
    Source Clock Delay      (SCD):    0.973ns
    Clock Pessimism Removal (CPR):    0.000ns
  Clock Uncertainty:      0.035ns  ((TSJ^2 + TIJ^2)^1/2 + DJ) / 2 + PE
    Total System Jitter     (TSJ):    0.071ns
    Total Input Jitter      (TIJ):    0.000ns
    Discrete Jitter          (DJ):    0.000ns
    Phase Error              (PE):    0.000ns

    Location             Delay type                Incr(ns)  Path(ns)    Netlist Resource(s)
  -------------------------------------------------------------------    -------------------
                         (clock ap_clk rise edge)     0.000     0.000 r  
                                                      0.000     0.000 r  ap_clk (IN)
                         net (fo=368, unset)          0.973     0.973    bd_0_i/hls_inst/inst/ap_clk
    SLICE_X28Y65         FDRE                                         r  bd_0_i/hls_inst/inst/count_V_reg[1]/C
  -------------------------------------------------------------------    -------------------
    SLICE_X28Y65         FDRE (Prop_fdre_C_Q)         0.456     1.429 r  bd_0_i/hls_inst/inst/count_V_reg[1]/Q
                         net (fo=92, routed)          3.425     4.854    bd_0_i/hls_inst/inst/mac_muladd_16s_8s_25s_25_4_1_U14/fir_decimation_filter_mac_muladd_16s_8s_25s_25_4_1_DSP48_2_U/p_reg_reg_1
    SLICE_X33Y57         LUT6 (Prop_lut6_I3_O)        0.124     4.978 r  bd_0_i/hls_inst/inst/mac_muladd_16s_8s_25s_25_4_1_U14/fir_decimation_filter_mac_muladd_16s_8s_25s_25_4_1_DSP48_2_U/p_ZZ21fir_decimation_filterRN3hls6streamINS_4axisI8ap_fixedILi8ELi1EL9ap_q_mode5E_5[0]_i_2/O
                         net (fo=1, routed)           0.665     5.644    bd_0_i/hls_inst/inst/mac_muladd_16s_8s_25s_25_4_1_U14/fir_decimation_filter_mac_muladd_16s_8s_25s_25_4_1_DSP48_2_U/mux_2_0__0[0]
    SLICE_X33Y57         LUT5 (Prop_lut5_I0_O)        0.124     5.768 r  bd_0_i/hls_inst/inst/mac_muladd_16s_8s_25s_25_4_1_U14/fir_decimation_filter_mac_muladd_16s_8s_25s_25_4_1_DSP48_2_U/p_ZZ21fir_decimation_filterRN3hls6streamINS_4axisI8ap_fixedILi8ELi1EL9ap_q_mode5E_5[0]_i_1/O
                         net (fo=6, routed)           0.967     6.735    bd_0_i/hls_inst/inst/r_V_3_fu_322_p7[0]
    SLICE_X38Y58         FDRE                                         r  bd_0_i/hls_inst/inst/p_ZZ21fir_decimation_filterRN3hls6streamINS_4axisI8ap_fixedILi8ELi1EL9ap_q_mode5E_5_reg[0]/D
  -------------------------------------------------------------------    -------------------

                         (clock ap_clk rise edge)    10.000    10.000 r  
                                                      0.000    10.000 r  ap_clk (IN)
                         net (fo=368, unset)          0.924    10.924    bd_0_i/hls_inst/inst/ap_clk
    SLICE_X38Y58         FDRE                                         r  bd_0_i/hls_inst/inst/p_ZZ21fir_decimation_filterRN3hls6streamINS_4axisI8ap_fixedILi8ELi1EL9ap_q_mode5E_5_reg[0]/C
                         clock pessimism              0.000    10.924    
                         clock uncertainty           -0.035    10.889    
    SLICE_X38Y58         FDRE (Setup_fdre_C_D)       -0.031    10.858    bd_0_i/hls_inst/inst/p_ZZ21fir_decimation_filterRN3hls6streamINS_4axisI8ap_fixedILi8ELi1EL9ap_q_mode5E_5_reg[0]
  -------------------------------------------------------------------
                         required time                         10.858    
                         arrival time                          -6.735    
  -------------------------------------------------------------------
                         slack                                  4.123    

Slack (MET) :             4.127ns  (required time - arrival time)
  Source:                 bd_0_i/hls_inst/inst/count_V_reg[1]/C
                            (rising edge-triggered cell FDRE clocked by ap_clk  {rise@0.000ns fall@5.000ns period=10.000ns})
  Destination:            bd_0_i/hls_inst/inst/p_ZZ21fir_decimation_filterRN3hls6streamINS_4axisI8ap_fixedILi8ELi1EL9ap_q_mode5E_1_reg[0]/D
                            (rising edge-triggered cell FDRE clocked by ap_clk  {rise@0.000ns fall@5.000ns period=10.000ns})
  Path Group:             ap_clk
  Path Type:              Setup (Max at Slow Process Corner)
  Requirement:            10.000ns  (ap_clk rise@10.000ns - ap_clk rise@0.000ns)
  Data Path Delay:        5.757ns  (logic 0.704ns (12.228%)  route 5.053ns (87.772%))
  Logic Levels:           2  (LUT5=1 LUT6=1)
  Clock Path Skew:        -0.049ns (DCD - SCD + CPR)
    Destination Clock Delay (DCD):    0.924ns = ( 10.924 - 10.000 ) 
    Source Clock Delay      (SCD):    0.973ns
    Clock Pessimism Removal (CPR):    0.000ns
  Clock Uncertainty:      0.035ns  ((TSJ^2 + TIJ^2)^1/2 + DJ) / 2 + PE
    Total System Jitter     (TSJ):    0.071ns
    Total Input Jitter      (TIJ):    0.000ns
    Discrete Jitter          (DJ):    0.000ns
    Phase Error              (PE):    0.000ns

    Location             Delay type                Incr(ns)  Path(ns)    Netlist Resource(s)
  -------------------------------------------------------------------    -------------------
                         (clock ap_clk rise edge)     0.000     0.000 r  
                                                      0.000     0.000 r  ap_clk (IN)
                         net (fo=368, unset)          0.973     0.973    bd_0_i/hls_inst/inst/ap_clk
    SLICE_X28Y65         FDRE                                         r  bd_0_i/hls_inst/inst/count_V_reg[1]/C
  -------------------------------------------------------------------    -------------------
    SLICE_X28Y65         FDRE (Prop_fdre_C_Q)         0.456     1.429 r  bd_0_i/hls_inst/inst/count_V_reg[1]/Q
                         net (fo=92, routed)          3.425     4.854    bd_0_i/hls_inst/inst/mac_muladd_16s_8s_25s_25_4_1_U14/fir_decimation_filter_mac_muladd_16s_8s_25s_25_4_1_DSP48_2_U/p_reg_reg_1
    SLICE_X33Y57         LUT6 (Prop_lut6_I3_O)        0.124     4.978 r  bd_0_i/hls_inst/inst/mac_muladd_16s_8s_25s_25_4_1_U14/fir_decimation_filter_mac_muladd_16s_8s_25s_25_4_1_DSP48_2_U/p_ZZ21fir_decimation_filterRN3hls6streamINS_4axisI8ap_fixedILi8ELi1EL9ap_q_mode5E_5[0]_i_2/O
                         net (fo=1, routed)           0.665     5.644    bd_0_i/hls_inst/inst/mac_muladd_16s_8s_25s_25_4_1_U14/fir_decimation_filter_mac_muladd_16s_8s_25s_25_4_1_DSP48_2_U/mux_2_0__0[0]
    SLICE_X33Y57         LUT5 (Prop_lut5_I0_O)        0.124     5.768 r  bd_0_i/hls_inst/inst/mac_muladd_16s_8s_25s_25_4_1_U14/fir_decimation_filter_mac_muladd_16s_8s_25s_25_4_1_DSP48_2_U/p_ZZ21fir_decimation_filterRN3hls6streamINS_4axisI8ap_fixedILi8ELi1EL9ap_q_mode5E_5[0]_i_1/O
                         net (fo=6, routed)           0.963     6.730    bd_0_i/hls_inst/inst/r_V_3_fu_322_p7[0]
    SLICE_X36Y60         FDRE                                         r  bd_0_i/hls_inst/inst/p_ZZ21fir_decimation_filterRN3hls6streamINS_4axisI8ap_fixedILi8ELi1EL9ap_q_mode5E_1_reg[0]/D
  -------------------------------------------------------------------    -------------------

                         (clock ap_clk rise edge)    10.000    10.000 r  
                                                      0.000    10.000 r  ap_clk (IN)
                         net (fo=368, unset)          0.924    10.924    bd_0_i/hls_inst/inst/ap_clk
    SLICE_X36Y60         FDRE                                         r  bd_0_i/hls_inst/inst/p_ZZ21fir_decimation_filterRN3hls6streamINS_4axisI8ap_fixedILi8ELi1EL9ap_q_mode5E_1_reg[0]/C
                         clock pessimism              0.000    10.924    
                         clock uncertainty           -0.035    10.889    
    SLICE_X36Y60         FDRE (Setup_fdre_C_D)       -0.031    10.858    bd_0_i/hls_inst/inst/p_ZZ21fir_decimation_filterRN3hls6streamINS_4axisI8ap_fixedILi8ELi1EL9ap_q_mode5E_1_reg[0]
  -------------------------------------------------------------------
                         required time                         10.858    
                         arrival time                          -6.730    
  -------------------------------------------------------------------
                         slack                                  4.127    

Slack (MET) :             4.131ns  (required time - arrival time)
  Source:                 bd_0_i/hls_inst/inst/count_V_reg[0]/C
                            (rising edge-triggered cell FDRE clocked by ap_clk  {rise@0.000ns fall@5.000ns period=10.000ns})
  Destination:            bd_0_i/hls_inst/inst/mac_muladd_16s_8s_24s_25_4_1_U12/fir_decimation_filter_mac_muladd_16s_8s_24s_25_4_1_DSP48_1_U/m_reg_reg/B[10]
                            (rising edge-triggered cell DSP48E1 clocked by ap_clk  {rise@0.000ns fall@5.000ns period=10.000ns})
  Path Group:             ap_clk
  Path Type:              Setup (Max at Slow Process Corner)
  Requirement:            10.000ns  (ap_clk rise@10.000ns - ap_clk rise@0.000ns)
  Data Path Delay:        5.335ns  (logic 0.704ns (13.196%)  route 4.631ns (86.804%))
  Logic Levels:           2  (LUT5=1 LUT6=1)
  Clock Path Skew:        -0.049ns (DCD - SCD + CPR)
    Destination Clock Delay (DCD):    0.924ns = ( 10.924 - 10.000 ) 
    Source Clock Delay      (SCD):    0.973ns
    Clock Pessimism Removal (CPR):    0.000ns
  Clock Uncertainty:      0.035ns  ((TSJ^2 + TIJ^2)^1/2 + DJ) / 2 + PE
    Total System Jitter     (TSJ):    0.071ns
    Total Input Jitter      (TIJ):    0.000ns
    Discrete Jitter          (DJ):    0.000ns
    Phase Error              (PE):    0.000ns

    Location             Delay type                Incr(ns)  Path(ns)    Netlist Resource(s)
  -------------------------------------------------------------------    -------------------
                         (clock ap_clk rise edge)     0.000     0.000 r  
                                                      0.000     0.000 r  ap_clk (IN)
                         net (fo=368, unset)          0.973     0.973    bd_0_i/hls_inst/inst/ap_clk
    SLICE_X28Y65         FDRE                                         r  bd_0_i/hls_inst/inst/count_V_reg[0]/C
  -------------------------------------------------------------------    -------------------
    SLICE_X28Y65         FDRE (Prop_fdre_C_Q)         0.456     1.429 r  bd_0_i/hls_inst/inst/count_V_reg[0]/Q
                         net (fo=92, routed)          2.443     3.872    bd_0_i/hls_inst/inst/mac_muladd_16s_8s_24s_25_4_1_U12/fir_decimation_filter_mac_muladd_16s_8s_24s_25_4_1_DSP48_1_U/p_reg_reg_3
    SLICE_X29Y60         LUT6 (Prop_lut6_I2_O)        0.124     3.996 r  bd_0_i/hls_inst/inst/mac_muladd_16s_8s_24s_25_4_1_U12/fir_decimation_filter_mac_muladd_16s_8s_24s_25_4_1_DSP48_1_U/p_ZZ21fir_decimation_filterRN3hls6streamINS_4axisI8ap_fixedILi8ELi1EL9ap_q_mode5E_6[7]_i_2/O
                         net (fo=1, routed)           0.294     4.290    bd_0_i/hls_inst/inst/mac_muladd_16s_8s_24s_25_4_1_U12/fir_decimation_filter_mac_muladd_16s_8s_24s_25_4_1_DSP48_1_U/mux_2_0[7]
    SLICE_X29Y61         LUT5 (Prop_lut5_I0_O)        0.124     4.414 r  bd_0_i/hls_inst/inst/mac_muladd_16s_8s_24s_25_4_1_U12/fir_decimation_filter_mac_muladd_16s_8s_24s_25_4_1_DSP48_1_U/p_ZZ21fir_decimation_filterRN3hls6streamINS_4axisI8ap_fixedILi8ELi1EL9ap_q_mode5E_6[7]_i_1/O
                         net (fo=16, routed)          1.893     6.308    bd_0_i/hls_inst/inst/mac_muladd_16s_8s_24s_25_4_1_U12/fir_decimation_filter_mac_muladd_16s_8s_24s_25_4_1_DSP48_1_U/B[7]
    DSP48_X2Y22          DSP48E1                                      r  bd_0_i/hls_inst/inst/mac_muladd_16s_8s_24s_25_4_1_U12/fir_decimation_filter_mac_muladd_16s_8s_24s_25_4_1_DSP48_1_U/m_reg_reg/B[10]
  -------------------------------------------------------------------    -------------------

                         (clock ap_clk rise edge)    10.000    10.000 r  
                                                      0.000    10.000 r  ap_clk (IN)
                         net (fo=368, unset)          0.924    10.924    bd_0_i/hls_inst/inst/mac_muladd_16s_8s_24s_25_4_1_U12/fir_decimation_filter_mac_muladd_16s_8s_24s_25_4_1_DSP48_1_U/ap_clk
    DSP48_X2Y22          DSP48E1                                      r  bd_0_i/hls_inst/inst/mac_muladd_16s_8s_24s_25_4_1_U12/fir_decimation_filter_mac_muladd_16s_8s_24s_25_4_1_DSP48_1_U/m_reg_reg/CLK
                         clock pessimism              0.000    10.924    
                         clock uncertainty           -0.035    10.889    
    DSP48_X2Y22          DSP48E1 (Setup_dsp48e1_CLK_B[10])
                                                     -0.450    10.439    bd_0_i/hls_inst/inst/mac_muladd_16s_8s_24s_25_4_1_U12/fir_decimation_filter_mac_muladd_16s_8s_24s_25_4_1_DSP48_1_U/m_reg_reg
  -------------------------------------------------------------------
                         required time                         10.439    
                         arrival time                          -6.308    
  -------------------------------------------------------------------
                         slack                                  4.131    

Slack (MET) :             4.145ns  (required time - arrival time)
  Source:                 bd_0_i/hls_inst/inst/count_V_reg[0]/C
                            (rising edge-triggered cell FDRE clocked by ap_clk  {rise@0.000ns fall@5.000ns period=10.000ns})
  Destination:            bd_0_i/hls_inst/inst/mac_muladd_16s_8s_24s_25_4_1_U12/fir_decimation_filter_mac_muladd_16s_8s_24s_25_4_1_DSP48_1_U/m_reg_reg/B[8]
                            (rising edge-triggered cell DSP48E1 clocked by ap_clk  {rise@0.000ns fall@5.000ns period=10.000ns})
  Path Group:             ap_clk
  Path Type:              Setup (Max at Slow Process Corner)
  Requirement:            10.000ns  (ap_clk rise@10.000ns - ap_clk rise@0.000ns)
  Data Path Delay:        5.321ns  (logic 0.704ns (13.231%)  route 4.617ns (86.769%))
  Logic Levels:           2  (LUT5=1 LUT6=1)
  Clock Path Skew:        -0.049ns (DCD - SCD + CPR)
    Destination Clock Delay (DCD):    0.924ns = ( 10.924 - 10.000 ) 
    Source Clock Delay      (SCD):    0.973ns
    Clock Pessimism Removal (CPR):    0.000ns
  Clock Uncertainty:      0.035ns  ((TSJ^2 + TIJ^2)^1/2 + DJ) / 2 + PE
    Total System Jitter     (TSJ):    0.071ns
    Total Input Jitter      (TIJ):    0.000ns
    Discrete Jitter          (DJ):    0.000ns
    Phase Error              (PE):    0.000ns

    Location             Delay type                Incr(ns)  Path(ns)    Netlist Resource(s)
  -------------------------------------------------------------------    -------------------
                         (clock ap_clk rise edge)     0.000     0.000 r  
                                                      0.000     0.000 r  ap_clk (IN)
                         net (fo=368, unset)          0.973     0.973    bd_0_i/hls_inst/inst/ap_clk
    SLICE_X28Y65         FDRE                                         r  bd_0_i/hls_inst/inst/count_V_reg[0]/C
  -------------------------------------------------------------------    -------------------
    SLICE_X28Y65         FDRE (Prop_fdre_C_Q)         0.456     1.429 r  bd_0_i/hls_inst/inst/count_V_reg[0]/Q
                         net (fo=92, routed)          2.443     3.872    bd_0_i/hls_inst/inst/mac_muladd_16s_8s_24s_25_4_1_U12/fir_decimation_filter_mac_muladd_16s_8s_24s_25_4_1_DSP48_1_U/p_reg_reg_3
    SLICE_X29Y60         LUT6 (Prop_lut6_I2_O)        0.124     3.996 r  bd_0_i/hls_inst/inst/mac_muladd_16s_8s_24s_25_4_1_U12/fir_decimation_filter_mac_muladd_16s_8s_24s_25_4_1_DSP48_1_U/p_ZZ21fir_decimation_filterRN3hls6streamINS_4axisI8ap_fixedILi8ELi1EL9ap_q_mode5E_6[7]_i_2/O
                         net (fo=1, routed)           0.294     4.290    bd_0_i/hls_inst/inst/mac_muladd_16s_8s_24s_25_4_1_U12/fir_decimation_filter_mac_muladd_16s_8s_24s_25_4_1_DSP48_1_U/mux_2_0[7]
    SLICE_X29Y61         LUT5 (Prop_lut5_I0_O)        0.124     4.414 r  bd_0_i/hls_inst/inst/mac_muladd_16s_8s_24s_25_4_1_U12/fir_decimation_filter_mac_muladd_16s_8s_24s_25_4_1_DSP48_1_U/p_ZZ21fir_decimation_filterRN3hls6streamINS_4axisI8ap_fixedILi8ELi1EL9ap_q_mode5E_6[7]_i_1/O
                         net (fo=16, routed)          1.879     6.294    bd_0_i/hls_inst/inst/mac_muladd_16s_8s_24s_25_4_1_U12/fir_decimation_filter_mac_muladd_16s_8s_24s_25_4_1_DSP48_1_U/B[7]
    DSP48_X2Y22          DSP48E1                                      r  bd_0_i/hls_inst/inst/mac_muladd_16s_8s_24s_25_4_1_U12/fir_decimation_filter_mac_muladd_16s_8s_24s_25_4_1_DSP48_1_U/m_reg_reg/B[8]
  -------------------------------------------------------------------    -------------------

                         (clock ap_clk rise edge)    10.000    10.000 r  
                                                      0.000    10.000 r  ap_clk (IN)
                         net (fo=368, unset)          0.924    10.924    bd_0_i/hls_inst/inst/mac_muladd_16s_8s_24s_25_4_1_U12/fir_decimation_filter_mac_muladd_16s_8s_24s_25_4_1_DSP48_1_U/ap_clk
    DSP48_X2Y22          DSP48E1                                      r  bd_0_i/hls_inst/inst/mac_muladd_16s_8s_24s_25_4_1_U12/fir_decimation_filter_mac_muladd_16s_8s_24s_25_4_1_DSP48_1_U/m_reg_reg/CLK
                         clock pessimism              0.000    10.924    
                         clock uncertainty           -0.035    10.889    
    DSP48_X2Y22          DSP48E1 (Setup_dsp48e1_CLK_B[8])
                                                     -0.450    10.439    bd_0_i/hls_inst/inst/mac_muladd_16s_8s_24s_25_4_1_U12/fir_decimation_filter_mac_muladd_16s_8s_24s_25_4_1_DSP48_1_U/m_reg_reg
  -------------------------------------------------------------------
                         required time                         10.439    
                         arrival time                          -6.294    
  -------------------------------------------------------------------
                         slack                                  4.145    

Slack (MET) :             4.148ns  (required time - arrival time)
  Source:                 bd_0_i/hls_inst/inst/count_V_reg[0]/C
                            (rising edge-triggered cell FDRE clocked by ap_clk  {rise@0.000ns fall@5.000ns period=10.000ns})
  Destination:            bd_0_i/hls_inst/inst/mac_muladd_16s_8s_24s_25_4_1_U13/fir_decimation_filter_mac_muladd_16s_8s_24s_25_4_1_DSP48_1_U/p_reg_reg/B[16]
                            (rising edge-triggered cell DSP48E1 clocked by ap_clk  {rise@0.000ns fall@5.000ns period=10.000ns})
  Path Group:             ap_clk
  Path Type:              Setup (Max at Slow Process Corner)
  Requirement:            10.000ns  (ap_clk rise@10.000ns - ap_clk rise@0.000ns)
  Data Path Delay:        5.318ns  (logic 0.704ns (13.239%)  route 4.614ns (86.761%))
  Logic Levels:           2  (LUT5=1 LUT6=1)
  Clock Path Skew:        -0.049ns (DCD - SCD + CPR)
    Destination Clock Delay (DCD):    0.924ns = ( 10.924 - 10.000 ) 
    Source Clock Delay      (SCD):    0.973ns
    Clock Pessimism Removal (CPR):    0.000ns
  Clock Uncertainty:      0.035ns  ((TSJ^2 + TIJ^2)^1/2 + DJ) / 2 + PE
    Total System Jitter     (TSJ):    0.071ns
    Total Input Jitter      (TIJ):    0.000ns
    Discrete Jitter          (DJ):    0.000ns
    Phase Error              (PE):    0.000ns

    Location             Delay type                Incr(ns)  Path(ns)    Netlist Resource(s)
  -------------------------------------------------------------------    -------------------
                         (clock ap_clk rise edge)     0.000     0.000 r  
                                                      0.000     0.000 r  ap_clk (IN)
                         net (fo=368, unset)          0.973     0.973    bd_0_i/hls_inst/inst/ap_clk
    SLICE_X28Y65         FDRE                                         r  bd_0_i/hls_inst/inst/count_V_reg[0]/C
  -------------------------------------------------------------------    -------------------
    SLICE_X28Y65         FDRE (Prop_fdre_C_Q)         0.456     1.429 r  bd_0_i/hls_inst/inst/count_V_reg[0]/Q
                         net (fo=92, routed)          2.261     3.690    bd_0_i/hls_inst/inst/mac_muladd_16s_8s_24s_25_4_1_U13/fir_decimation_filter_mac_muladd_16s_8s_24s_25_4_1_DSP48_1_U/p_reg_reg_2
    SLICE_X33Y62         LUT6 (Prop_lut6_I2_O)        0.124     3.814 r  bd_0_i/hls_inst/inst/mac_muladd_16s_8s_24s_25_4_1_U13/fir_decimation_filter_mac_muladd_16s_8s_24s_25_4_1_DSP48_1_U/p_ZZ21fir_decimation_filterRN3hls6streamINS_4axisI8ap_fixedILi8ELi1EL9ap_q_mode5E_4[7]_i_2/O
                         net (fo=1, routed)           0.577     4.391    bd_0_i/hls_inst/inst/mac_muladd_16s_8s_24s_25_4_1_U13/fir_decimation_filter_mac_muladd_16s_8s_24s_25_4_1_DSP48_1_U/mux_2_0__1[7]
    SLICE_X35Y62         LUT5 (Prop_lut5_I0_O)        0.124     4.515 r  bd_0_i/hls_inst/inst/mac_muladd_16s_8s_24s_25_4_1_U13/fir_decimation_filter_mac_muladd_16s_8s_24s_25_4_1_DSP48_1_U/p_ZZ21fir_decimation_filterRN3hls6streamINS_4axisI8ap_fixedILi8ELi1EL9ap_q_mode5E_4[7]_i_1/O
                         net (fo=16, routed)          1.775     6.291    bd_0_i/hls_inst/inst/mac_muladd_16s_8s_24s_25_4_1_U13/fir_decimation_filter_mac_muladd_16s_8s_24s_25_4_1_DSP48_1_U/B[7]
    DSP48_X2Y27          DSP48E1                                      r  bd_0_i/hls_inst/inst/mac_muladd_16s_8s_24s_25_4_1_U13/fir_decimation_filter_mac_muladd_16s_8s_24s_25_4_1_DSP48_1_U/p_reg_reg/B[16]
  -------------------------------------------------------------------    -------------------

                         (clock ap_clk rise edge)    10.000    10.000 r  
                                                      0.000    10.000 r  ap_clk (IN)
                         net (fo=368, unset)          0.924    10.924    bd_0_i/hls_inst/inst/mac_muladd_16s_8s_24s_25_4_1_U13/fir_decimation_filter_mac_muladd_16s_8s_24s_25_4_1_DSP48_1_U/ap_clk
    DSP48_X2Y27          DSP48E1                                      r  bd_0_i/hls_inst/inst/mac_muladd_16s_8s_24s_25_4_1_U13/fir_decimation_filter_mac_muladd_16s_8s_24s_25_4_1_DSP48_1_U/p_reg_reg/CLK
                         clock pessimism              0.000    10.924    
                         clock uncertainty           -0.035    10.889    
    DSP48_X2Y27          DSP48E1 (Setup_dsp48e1_CLK_B[16])
                                                     -0.450    10.439    bd_0_i/hls_inst/inst/mac_muladd_16s_8s_24s_25_4_1_U13/fir_decimation_filter_mac_muladd_16s_8s_24s_25_4_1_DSP48_1_U/p_reg_reg
  -------------------------------------------------------------------
                         required time                         10.439    
                         arrival time                          -6.291    
  -------------------------------------------------------------------
                         slack                                  4.148    

Slack (MET) :             4.148ns  (required time - arrival time)
  Source:                 bd_0_i/hls_inst/inst/count_V_reg[0]/C
                            (rising edge-triggered cell FDRE clocked by ap_clk  {rise@0.000ns fall@5.000ns period=10.000ns})
  Destination:            bd_0_i/hls_inst/inst/mac_muladd_16s_8s_24s_25_4_1_U13/fir_decimation_filter_mac_muladd_16s_8s_24s_25_4_1_DSP48_1_U/p_reg_reg/B[17]
                            (rising edge-triggered cell DSP48E1 clocked by ap_clk  {rise@0.000ns fall@5.000ns period=10.000ns})
  Path Group:             ap_clk
  Path Type:              Setup (Max at Slow Process Corner)
  Requirement:            10.000ns  (ap_clk rise@10.000ns - ap_clk rise@0.000ns)
  Data Path Delay:        5.318ns  (logic 0.704ns (13.239%)  route 4.614ns (86.761%))
  Logic Levels:           2  (LUT5=1 LUT6=1)
  Clock Path Skew:        -0.049ns (DCD - SCD + CPR)
    Destination Clock Delay (DCD):    0.924ns = ( 10.924 - 10.000 ) 
    Source Clock Delay      (SCD):    0.973ns
    Clock Pessimism Removal (CPR):    0.000ns
  Clock Uncertainty:      0.035ns  ((TSJ^2 + TIJ^2)^1/2 + DJ) / 2 + PE
    Total System Jitter     (TSJ):    0.071ns
    Total Input Jitter      (TIJ):    0.000ns
    Discrete Jitter          (DJ):    0.000ns
    Phase Error              (PE):    0.000ns

    Location             Delay type                Incr(ns)  Path(ns)    Netlist Resource(s)
  -------------------------------------------------------------------    -------------------
                         (clock ap_clk rise edge)     0.000     0.000 r  
                                                      0.000     0.000 r  ap_clk (IN)
                         net (fo=368, unset)          0.973     0.973    bd_0_i/hls_inst/inst/ap_clk
    SLICE_X28Y65         FDRE                                         r  bd_0_i/hls_inst/inst/count_V_reg[0]/C
  -------------------------------------------------------------------    -------------------
    SLICE_X28Y65         FDRE (Prop_fdre_C_Q)         0.456     1.429 r  bd_0_i/hls_inst/inst/count_V_reg[0]/Q
                         net (fo=92, routed)          2.261     3.690    bd_0_i/hls_inst/inst/mac_muladd_16s_8s_24s_25_4_1_U13/fir_decimation_filter_mac_muladd_16s_8s_24s_25_4_1_DSP48_1_U/p_reg_reg_2
    SLICE_X33Y62         LUT6 (Prop_lut6_I2_O)        0.124     3.814 r  bd_0_i/hls_inst/inst/mac_muladd_16s_8s_24s_25_4_1_U13/fir_decimation_filter_mac_muladd_16s_8s_24s_25_4_1_DSP48_1_U/p_ZZ21fir_decimation_filterRN3hls6streamINS_4axisI8ap_fixedILi8ELi1EL9ap_q_mode5E_4[7]_i_2/O
                         net (fo=1, routed)           0.577     4.391    bd_0_i/hls_inst/inst/mac_muladd_16s_8s_24s_25_4_1_U13/fir_decimation_filter_mac_muladd_16s_8s_24s_25_4_1_DSP48_1_U/mux_2_0__1[7]
    SLICE_X35Y62         LUT5 (Prop_lut5_I0_O)        0.124     4.515 r  bd_0_i/hls_inst/inst/mac_muladd_16s_8s_24s_25_4_1_U13/fir_decimation_filter_mac_muladd_16s_8s_24s_25_4_1_DSP48_1_U/p_ZZ21fir_decimation_filterRN3hls6streamINS_4axisI8ap_fixedILi8ELi1EL9ap_q_mode5E_4[7]_i_1/O
                         net (fo=16, routed)          1.775     6.291    bd_0_i/hls_inst/inst/mac_muladd_16s_8s_24s_25_4_1_U13/fir_decimation_filter_mac_muladd_16s_8s_24s_25_4_1_DSP48_1_U/B[7]
    DSP48_X2Y27          DSP48E1                                      r  bd_0_i/hls_inst/inst/mac_muladd_16s_8s_24s_25_4_1_U13/fir_decimation_filter_mac_muladd_16s_8s_24s_25_4_1_DSP48_1_U/p_reg_reg/B[17]
  -------------------------------------------------------------------    -------------------

                         (clock ap_clk rise edge)    10.000    10.000 r  
                                                      0.000    10.000 r  ap_clk (IN)
                         net (fo=368, unset)          0.924    10.924    bd_0_i/hls_inst/inst/mac_muladd_16s_8s_24s_25_4_1_U13/fir_decimation_filter_mac_muladd_16s_8s_24s_25_4_1_DSP48_1_U/ap_clk
    DSP48_X2Y27          DSP48E1                                      r  bd_0_i/hls_inst/inst/mac_muladd_16s_8s_24s_25_4_1_U13/fir_decimation_filter_mac_muladd_16s_8s_24s_25_4_1_DSP48_1_U/p_reg_reg/CLK
                         clock pessimism              0.000    10.924    
                         clock uncertainty           -0.035    10.889    
    DSP48_X2Y27          DSP48E1 (Setup_dsp48e1_CLK_B[17])
                                                     -0.450    10.439    bd_0_i/hls_inst/inst/mac_muladd_16s_8s_24s_25_4_1_U13/fir_decimation_filter_mac_muladd_16s_8s_24s_25_4_1_DSP48_1_U/p_reg_reg
  -------------------------------------------------------------------
                         required time                         10.439    
                         arrival time                          -6.291    
  -------------------------------------------------------------------
                         slack                                  4.148    

Slack (MET) :             4.184ns  (required time - arrival time)
  Source:                 bd_0_i/hls_inst/inst/count_V_reg[0]/C
                            (rising edge-triggered cell FDRE clocked by ap_clk  {rise@0.000ns fall@5.000ns period=10.000ns})
  Destination:            bd_0_i/hls_inst/inst/mac_muladd_16s_8s_24s_25_4_1_U12/fir_decimation_filter_mac_muladd_16s_8s_24s_25_4_1_DSP48_1_U/m_reg_reg/B[16]
                            (rising edge-triggered cell DSP48E1 clocked by ap_clk  {rise@0.000ns fall@5.000ns period=10.000ns})
  Path Group:             ap_clk
  Path Type:              Setup (Max at Slow Process Corner)
  Requirement:            10.000ns  (ap_clk rise@10.000ns - ap_clk rise@0.000ns)
  Data Path Delay:        5.282ns  (logic 0.704ns (13.330%)  route 4.578ns (86.670%))
  Logic Levels:           2  (LUT5=1 LUT6=1)
  Clock Path Skew:        -0.049ns (DCD - SCD + CPR)
    Destination Clock Delay (DCD):    0.924ns = ( 10.924 - 10.000 ) 
    Source Clock Delay      (SCD):    0.973ns
    Clock Pessimism Removal (CPR):    0.000ns
  Clock Uncertainty:      0.035ns  ((TSJ^2 + TIJ^2)^1/2 + DJ) / 2 + PE
    Total System Jitter     (TSJ):    0.071ns
    Total Input Jitter      (TIJ):    0.000ns
    Discrete Jitter          (DJ):    0.000ns
    Phase Error              (PE):    0.000ns

    Location             Delay type                Incr(ns)  Path(ns)    Netlist Resource(s)
  -------------------------------------------------------------------    -------------------
                         (clock ap_clk rise edge)     0.000     0.000 r  
                                                      0.000     0.000 r  ap_clk (IN)
                         net (fo=368, unset)          0.973     0.973    bd_0_i/hls_inst/inst/ap_clk
    SLICE_X28Y65         FDRE                                         r  bd_0_i/hls_inst/inst/count_V_reg[0]/C
  -------------------------------------------------------------------    -------------------
    SLICE_X28Y65         FDRE (Prop_fdre_C_Q)         0.456     1.429 r  bd_0_i/hls_inst/inst/count_V_reg[0]/Q
                         net (fo=92, routed)          2.443     3.872    bd_0_i/hls_inst/inst/mac_muladd_16s_8s_24s_25_4_1_U12/fir_decimation_filter_mac_muladd_16s_8s_24s_25_4_1_DSP48_1_U/p_reg_reg_3
    SLICE_X29Y60         LUT6 (Prop_lut6_I2_O)        0.124     3.996 r  bd_0_i/hls_inst/inst/mac_muladd_16s_8s_24s_25_4_1_U12/fir_decimation_filter_mac_muladd_16s_8s_24s_25_4_1_DSP48_1_U/p_ZZ21fir_decimation_filterRN3hls6streamINS_4axisI8ap_fixedILi8ELi1EL9ap_q_mode5E_6[7]_i_2/O
                         net (fo=1, routed)           0.294     4.290    bd_0_i/hls_inst/inst/mac_muladd_16s_8s_24s_25_4_1_U12/fir_decimation_filter_mac_muladd_16s_8s_24s_25_4_1_DSP48_1_U/mux_2_0[7]
    SLICE_X29Y61         LUT5 (Prop_lut5_I0_O)        0.124     4.414 r  bd_0_i/hls_inst/inst/mac_muladd_16s_8s_24s_25_4_1_U12/fir_decimation_filter_mac_muladd_16s_8s_24s_25_4_1_DSP48_1_U/p_ZZ21fir_decimation_filterRN3hls6streamINS_4axisI8ap_fixedILi8ELi1EL9ap_q_mode5E_6[7]_i_1/O
                         net (fo=16, routed)          1.840     6.255    bd_0_i/hls_inst/inst/mac_muladd_16s_8s_24s_25_4_1_U12/fir_decimation_filter_mac_muladd_16s_8s_24s_25_4_1_DSP48_1_U/B[7]
    DSP48_X2Y22          DSP48E1                                      r  bd_0_i/hls_inst/inst/mac_muladd_16s_8s_24s_25_4_1_U12/fir_decimation_filter_mac_muladd_16s_8s_24s_25_4_1_DSP48_1_U/m_reg_reg/B[16]
  -------------------------------------------------------------------    -------------------

                         (clock ap_clk rise edge)    10.000    10.000 r  
                                                      0.000    10.000 r  ap_clk (IN)
                         net (fo=368, unset)          0.924    10.924    bd_0_i/hls_inst/inst/mac_muladd_16s_8s_24s_25_4_1_U12/fir_decimation_filter_mac_muladd_16s_8s_24s_25_4_1_DSP48_1_U/ap_clk
    DSP48_X2Y22          DSP48E1                                      r  bd_0_i/hls_inst/inst/mac_muladd_16s_8s_24s_25_4_1_U12/fir_decimation_filter_mac_muladd_16s_8s_24s_25_4_1_DSP48_1_U/m_reg_reg/CLK
                         clock pessimism              0.000    10.924    
                         clock uncertainty           -0.035    10.889    
    DSP48_X2Y22          DSP48E1 (Setup_dsp48e1_CLK_B[16])
                                                     -0.450    10.439    bd_0_i/hls_inst/inst/mac_muladd_16s_8s_24s_25_4_1_U12/fir_decimation_filter_mac_muladd_16s_8s_24s_25_4_1_DSP48_1_U/m_reg_reg
  -------------------------------------------------------------------
                         required time                         10.439    
                         arrival time                          -6.255    
  -------------------------------------------------------------------
                         slack                                  4.184    

Slack (MET) :             4.184ns  (required time - arrival time)
  Source:                 bd_0_i/hls_inst/inst/count_V_reg[0]/C
                            (rising edge-triggered cell FDRE clocked by ap_clk  {rise@0.000ns fall@5.000ns period=10.000ns})
  Destination:            bd_0_i/hls_inst/inst/mac_muladd_16s_8s_24s_25_4_1_U12/fir_decimation_filter_mac_muladd_16s_8s_24s_25_4_1_DSP48_1_U/m_reg_reg/B[17]
                            (rising edge-triggered cell DSP48E1 clocked by ap_clk  {rise@0.000ns fall@5.000ns period=10.000ns})
  Path Group:             ap_clk
  Path Type:              Setup (Max at Slow Process Corner)
  Requirement:            10.000ns  (ap_clk rise@10.000ns - ap_clk rise@0.000ns)
  Data Path Delay:        5.282ns  (logic 0.704ns (13.330%)  route 4.578ns (86.670%))
  Logic Levels:           2  (LUT5=1 LUT6=1)
  Clock Path Skew:        -0.049ns (DCD - SCD + CPR)
    Destination Clock Delay (DCD):    0.924ns = ( 10.924 - 10.000 ) 
    Source Clock Delay      (SCD):    0.973ns
    Clock Pessimism Removal (CPR):    0.000ns
  Clock Uncertainty:      0.035ns  ((TSJ^2 + TIJ^2)^1/2 + DJ) / 2 + PE
    Total System Jitter     (TSJ):    0.071ns
    Total Input Jitter      (TIJ):    0.000ns
    Discrete Jitter          (DJ):    0.000ns
    Phase Error              (PE):    0.000ns

    Location             Delay type                Incr(ns)  Path(ns)    Netlist Resource(s)
  -------------------------------------------------------------------    -------------------
                         (clock ap_clk rise edge)     0.000     0.000 r  
                                                      0.000     0.000 r  ap_clk (IN)
                         net (fo=368, unset)          0.973     0.973    bd_0_i/hls_inst/inst/ap_clk
    SLICE_X28Y65         FDRE                                         r  bd_0_i/hls_inst/inst/count_V_reg[0]/C
  -------------------------------------------------------------------    -------------------
    SLICE_X28Y65         FDRE (Prop_fdre_C_Q)         0.456     1.429 r  bd_0_i/hls_inst/inst/count_V_reg[0]/Q
                         net (fo=92, routed)          2.443     3.872    bd_0_i/hls_inst/inst/mac_muladd_16s_8s_24s_25_4_1_U12/fir_decimation_filter_mac_muladd_16s_8s_24s_25_4_1_DSP48_1_U/p_reg_reg_3
    SLICE_X29Y60         LUT6 (Prop_lut6_I2_O)        0.124     3.996 r  bd_0_i/hls_inst/inst/mac_muladd_16s_8s_24s_25_4_1_U12/fir_decimation_filter_mac_muladd_16s_8s_24s_25_4_1_DSP48_1_U/p_ZZ21fir_decimation_filterRN3hls6streamINS_4axisI8ap_fixedILi8ELi1EL9ap_q_mode5E_6[7]_i_2/O
                         net (fo=1, routed)           0.294     4.290    bd_0_i/hls_inst/inst/mac_muladd_16s_8s_24s_25_4_1_U12/fir_decimation_filter_mac_muladd_16s_8s_24s_25_4_1_DSP48_1_U/mux_2_0[7]
    SLICE_X29Y61         LUT5 (Prop_lut5_I0_O)        0.124     4.414 r  bd_0_i/hls_inst/inst/mac_muladd_16s_8s_24s_25_4_1_U12/fir_decimation_filter_mac_muladd_16s_8s_24s_25_4_1_DSP48_1_U/p_ZZ21fir_decimation_filterRN3hls6streamINS_4axisI8ap_fixedILi8ELi1EL9ap_q_mode5E_6[7]_i_1/O
                         net (fo=16, routed)          1.840     6.255    bd_0_i/hls_inst/inst/mac_muladd_16s_8s_24s_25_4_1_U12/fir_decimation_filter_mac_muladd_16s_8s_24s_25_4_1_DSP48_1_U/B[7]
    DSP48_X2Y22          DSP48E1                                      r  bd_0_i/hls_inst/inst/mac_muladd_16s_8s_24s_25_4_1_U12/fir_decimation_filter_mac_muladd_16s_8s_24s_25_4_1_DSP48_1_U/m_reg_reg/B[17]
  -------------------------------------------------------------------    -------------------

                         (clock ap_clk rise edge)    10.000    10.000 r  
                                                      0.000    10.000 r  ap_clk (IN)
                         net (fo=368, unset)          0.924    10.924    bd_0_i/hls_inst/inst/mac_muladd_16s_8s_24s_25_4_1_U12/fir_decimation_filter_mac_muladd_16s_8s_24s_25_4_1_DSP48_1_U/ap_clk
    DSP48_X2Y22          DSP48E1                                      r  bd_0_i/hls_inst/inst/mac_muladd_16s_8s_24s_25_4_1_U12/fir_decimation_filter_mac_muladd_16s_8s_24s_25_4_1_DSP48_1_U/m_reg_reg/CLK
                         clock pessimism              0.000    10.924    
                         clock uncertainty           -0.035    10.889    
    DSP48_X2Y22          DSP48E1 (Setup_dsp48e1_CLK_B[17])
                                                     -0.450    10.439    bd_0_i/hls_inst/inst/mac_muladd_16s_8s_24s_25_4_1_U12/fir_decimation_filter_mac_muladd_16s_8s_24s_25_4_1_DSP48_1_U/m_reg_reg
  -------------------------------------------------------------------
                         required time                         10.439    
                         arrival time                          -6.255    
  -------------------------------------------------------------------
                         slack                                  4.184    





Min Delay Paths
--------------------------------------------------------------------------------------
Slack (MET) :             0.101ns  (arrival time - required time)
  Source:                 bd_0_i/hls_inst/inst/p_ZZ21fir_decimation_filterRN3hls6streamINS_4axisI8ap_fixedILi8ELi1EL9ap_q_mode5E_3_reg[2]/C
                            (rising edge-triggered cell FDRE clocked by ap_clk  {rise@0.000ns fall@5.000ns period=10.000ns})
  Destination:            bd_0_i/hls_inst/inst/p_ZZ21fir_decimation_filterRN3hls6streamINS_4axisI8ap_fixedILi8ELi1EL9ap_q_mode5E_18_reg[2]/D
                            (rising edge-triggered cell FDRE clocked by ap_clk  {rise@0.000ns fall@5.000ns period=10.000ns})
  Path Group:             ap_clk
  Path Type:              Hold (Min at Fast Process Corner)
  Requirement:            0.000ns  (ap_clk rise@0.000ns - ap_clk rise@0.000ns)
  Data Path Delay:        0.242ns  (logic 0.186ns (76.826%)  route 0.056ns (23.173%))
  Logic Levels:           1  (LUT5=1)
  Clock Path Skew:        0.022ns (DCD - SCD - CPR)
    Destination Clock Delay (DCD):    0.432ns
    Source Clock Delay      (SCD):    0.410ns
    Clock Pessimism Removal (CPR):    -0.000ns

    Location             Delay type                Incr(ns)  Path(ns)    Netlist Resource(s)
  -------------------------------------------------------------------    -------------------
                         (clock ap_clk rise edge)     0.000     0.000 r  
                                                      0.000     0.000 r  ap_clk (IN)
                         net (fo=368, unset)          0.410     0.410    bd_0_i/hls_inst/inst/ap_clk
    SLICE_X31Y57         FDRE                                         r  bd_0_i/hls_inst/inst/p_ZZ21fir_decimation_filterRN3hls6streamINS_4axisI8ap_fixedILi8ELi1EL9ap_q_mode5E_3_reg[2]/C
  -------------------------------------------------------------------    -------------------
    SLICE_X31Y57         FDRE (Prop_fdre_C_Q)         0.141     0.551 r  bd_0_i/hls_inst/inst/p_ZZ21fir_decimation_filterRN3hls6streamINS_4axisI8ap_fixedILi8ELi1EL9ap_q_mode5E_3_reg[2]/Q
                         net (fo=1, routed)           0.056     0.607    bd_0_i/hls_inst/inst/mac_muladd_16s_8s_24s_25_4_1_U12/fir_decimation_filter_mac_muladd_16s_8s_24s_25_4_1_DSP48_1_U/m_reg_reg_0[2]
    SLICE_X30Y57         LUT5 (Prop_lut5_I4_O)        0.045     0.652 r  bd_0_i/hls_inst/inst/mac_muladd_16s_8s_24s_25_4_1_U12/fir_decimation_filter_mac_muladd_16s_8s_24s_25_4_1_DSP48_1_U/p_ZZ21fir_decimation_filterRN3hls6streamINS_4axisI8ap_fixedILi8ELi1EL9ap_q_mode5E_6[2]_i_1/O
                         net (fo=6, routed)           0.000     0.652    bd_0_i/hls_inst/inst/r_V_fu_388_p7[2]
    SLICE_X30Y57         FDRE                                         r  bd_0_i/hls_inst/inst/p_ZZ21fir_decimation_filterRN3hls6streamINS_4axisI8ap_fixedILi8ELi1EL9ap_q_mode5E_18_reg[2]/D
  -------------------------------------------------------------------    -------------------

                         (clock ap_clk rise edge)     0.000     0.000 r  
                                                      0.000     0.000 r  ap_clk (IN)
                         net (fo=368, unset)          0.432     0.432    bd_0_i/hls_inst/inst/ap_clk
    SLICE_X30Y57         FDRE                                         r  bd_0_i/hls_inst/inst/p_ZZ21fir_decimation_filterRN3hls6streamINS_4axisI8ap_fixedILi8ELi1EL9ap_q_mode5E_18_reg[2]/C
                         clock pessimism              0.000     0.432    
    SLICE_X30Y57         FDRE (Hold_fdre_C_D)         0.120     0.552    bd_0_i/hls_inst/inst/p_ZZ21fir_decimation_filterRN3hls6streamINS_4axisI8ap_fixedILi8ELi1EL9ap_q_mode5E_18_reg[2]
  -------------------------------------------------------------------
                         required time                         -0.552    
                         arrival time                           0.652    
  -------------------------------------------------------------------
                         slack                                  0.101    

Slack (MET) :             0.171ns  (arrival time - required time)
  Source:                 bd_0_i/hls_inst/inst/regslice_both_input_r_V_last_V_U/B_V_data_1_state_reg[0]/C
                            (rising edge-triggered cell FDRE clocked by ap_clk  {rise@0.000ns fall@5.000ns period=10.000ns})
  Destination:            bd_0_i/hls_inst/inst/regslice_both_input_r_V_last_V_U/B_V_data_1_sel_rd_reg/D
                            (rising edge-triggered cell FDRE clocked by ap_clk  {rise@0.000ns fall@5.000ns period=10.000ns})
  Path Group:             ap_clk
  Path Type:              Hold (Min at Fast Process Corner)
  Requirement:            0.000ns  (ap_clk rise@0.000ns - ap_clk rise@0.000ns)
  Data Path Delay:        0.283ns  (logic 0.209ns (73.799%)  route 0.074ns (26.201%))
  Logic Levels:           1  (LUT4=1)
  Clock Path Skew:        0.022ns (DCD - SCD - CPR)
    Destination Clock Delay (DCD):    0.432ns
    Source Clock Delay      (SCD):    0.410ns
    Clock Pessimism Removal (CPR):    -0.000ns

    Location             Delay type                Incr(ns)  Path(ns)    Netlist Resource(s)
  -------------------------------------------------------------------    -------------------
                         (clock ap_clk rise edge)     0.000     0.000 r  
                                                      0.000     0.000 r  ap_clk (IN)
                         net (fo=368, unset)          0.410     0.410    bd_0_i/hls_inst/inst/regslice_both_input_r_V_last_V_U/ap_clk
    SLICE_X26Y64         FDRE                                         r  bd_0_i/hls_inst/inst/regslice_both_input_r_V_last_V_U/B_V_data_1_state_reg[0]/C
  -------------------------------------------------------------------    -------------------
    SLICE_X26Y64         FDRE (Prop_fdre_C_Q)         0.164     0.574 r  bd_0_i/hls_inst/inst/regslice_both_input_r_V_last_V_U/B_V_data_1_state_reg[0]/Q
                         net (fo=5, routed)           0.074     0.648    bd_0_i/hls_inst/inst/regslice_both_input_r_V_last_V_U/B_V_data_1_state_reg_n_0_[0]
    SLICE_X27Y64         LUT4 (Prop_lut4_I2_O)        0.045     0.693 r  bd_0_i/hls_inst/inst/regslice_both_input_r_V_last_V_U/B_V_data_1_sel_rd_i_1__0/O
                         net (fo=1, routed)           0.000     0.693    bd_0_i/hls_inst/inst/regslice_both_input_r_V_last_V_U/B_V_data_1_sel_rd_i_1__0_n_0
    SLICE_X27Y64         FDRE                                         r  bd_0_i/hls_inst/inst/regslice_both_input_r_V_last_V_U/B_V_data_1_sel_rd_reg/D
  -------------------------------------------------------------------    -------------------

                         (clock ap_clk rise edge)     0.000     0.000 r  
                                                      0.000     0.000 r  ap_clk (IN)
                         net (fo=368, unset)          0.432     0.432    bd_0_i/hls_inst/inst/regslice_both_input_r_V_last_V_U/ap_clk
    SLICE_X27Y64         FDRE                                         r  bd_0_i/hls_inst/inst/regslice_both_input_r_V_last_V_U/B_V_data_1_sel_rd_reg/C
                         clock pessimism              0.000     0.432    
    SLICE_X27Y64         FDRE (Hold_fdre_C_D)         0.091     0.523    bd_0_i/hls_inst/inst/regslice_both_input_r_V_last_V_U/B_V_data_1_sel_rd_reg
  -------------------------------------------------------------------
                         required time                         -0.523    
                         arrival time                           0.693    
  -------------------------------------------------------------------
                         slack                                  0.171    

Slack (MET) :             0.180ns  (arrival time - required time)
  Source:                 bd_0_i/hls_inst/inst/output_temp_data_V_reg_781_reg[16]/C
                            (rising edge-triggered cell FDRE clocked by ap_clk  {rise@0.000ns fall@5.000ns period=10.000ns})
  Destination:            bd_0_i/hls_inst/inst/sum_V_reg[16]/D
                            (rising edge-triggered cell FDRE clocked by ap_clk  {rise@0.000ns fall@5.000ns period=10.000ns})
  Path Group:             ap_clk
  Path Type:              Hold (Min at Fast Process Corner)
  Requirement:            0.000ns  (ap_clk rise@0.000ns - ap_clk rise@0.000ns)
  Data Path Delay:        0.276ns  (logic 0.164ns (59.383%)  route 0.112ns (40.617%))
  Logic Levels:           0  
  Clock Path Skew:        0.022ns (DCD - SCD - CPR)
    Destination Clock Delay (DCD):    0.432ns
    Source Clock Delay      (SCD):    0.410ns
    Clock Pessimism Removal (CPR):    -0.000ns

    Location             Delay type                Incr(ns)  Path(ns)    Netlist Resource(s)
  -------------------------------------------------------------------    -------------------
                         (clock ap_clk rise edge)     0.000     0.000 r  
                                                      0.000     0.000 r  ap_clk (IN)
                         net (fo=368, unset)          0.410     0.410    bd_0_i/hls_inst/inst/ap_clk
    SLICE_X32Y68         FDRE                                         r  bd_0_i/hls_inst/inst/output_temp_data_V_reg_781_reg[16]/C
  -------------------------------------------------------------------    -------------------
    SLICE_X32Y68         FDRE (Prop_fdre_C_Q)         0.164     0.574 r  bd_0_i/hls_inst/inst/output_temp_data_V_reg_781_reg[16]/Q
                         net (fo=1, routed)           0.112     0.686    bd_0_i/hls_inst/inst/output_temp_data_V_reg_781[16]
    SLICE_X32Y67         FDRE                                         r  bd_0_i/hls_inst/inst/sum_V_reg[16]/D
  -------------------------------------------------------------------    -------------------

                         (clock ap_clk rise edge)     0.000     0.000 r  
                                                      0.000     0.000 r  ap_clk (IN)
                         net (fo=368, unset)          0.432     0.432    bd_0_i/hls_inst/inst/ap_clk
    SLICE_X32Y67         FDRE                                         r  bd_0_i/hls_inst/inst/sum_V_reg[16]/C
                         clock pessimism              0.000     0.432    
    SLICE_X32Y67         FDRE (Hold_fdre_C_D)         0.075     0.507    bd_0_i/hls_inst/inst/sum_V_reg[16]
  -------------------------------------------------------------------
                         required time                         -0.507    
                         arrival time                           0.686    
  -------------------------------------------------------------------
                         slack                                  0.180    

Slack (MET) :             0.180ns  (arrival time - required time)
  Source:                 bd_0_i/hls_inst/inst/output_temp_data_V_reg_781_reg[24]/C
                            (rising edge-triggered cell FDRE clocked by ap_clk  {rise@0.000ns fall@5.000ns period=10.000ns})
  Destination:            bd_0_i/hls_inst/inst/sum_V_reg[24]/D
                            (rising edge-triggered cell FDRE clocked by ap_clk  {rise@0.000ns fall@5.000ns period=10.000ns})
  Path Group:             ap_clk
  Path Type:              Hold (Min at Fast Process Corner)
  Requirement:            0.000ns  (ap_clk rise@0.000ns - ap_clk rise@0.000ns)
  Data Path Delay:        0.276ns  (logic 0.164ns (59.383%)  route 0.112ns (40.617%))
  Logic Levels:           0  
  Clock Path Skew:        0.022ns (DCD - SCD - CPR)
    Destination Clock Delay (DCD):    0.432ns
    Source Clock Delay      (SCD):    0.410ns
    Clock Pessimism Removal (CPR):    -0.000ns

    Location             Delay type                Incr(ns)  Path(ns)    Netlist Resource(s)
  -------------------------------------------------------------------    -------------------
                         (clock ap_clk rise edge)     0.000     0.000 r  
                                                      0.000     0.000 r  ap_clk (IN)
                         net (fo=368, unset)          0.410     0.410    bd_0_i/hls_inst/inst/ap_clk
    SLICE_X32Y71         FDRE                                         r  bd_0_i/hls_inst/inst/output_temp_data_V_reg_781_reg[24]/C
  -------------------------------------------------------------------    -------------------
    SLICE_X32Y71         FDRE (Prop_fdre_C_Q)         0.164     0.574 r  bd_0_i/hls_inst/inst/output_temp_data_V_reg_781_reg[24]/Q
                         net (fo=1, routed)           0.112     0.686    bd_0_i/hls_inst/inst/output_temp_data_V_reg_781[24]
    SLICE_X32Y70         FDRE                                         r  bd_0_i/hls_inst/inst/sum_V_reg[24]/D
  -------------------------------------------------------------------    -------------------

                         (clock ap_clk rise edge)     0.000     0.000 r  
                                                      0.000     0.000 r  ap_clk (IN)
                         net (fo=368, unset)          0.432     0.432    bd_0_i/hls_inst/inst/ap_clk
    SLICE_X32Y70         FDRE                                         r  bd_0_i/hls_inst/inst/sum_V_reg[24]/C
                         clock pessimism              0.000     0.432    
    SLICE_X32Y70         FDRE (Hold_fdre_C_D)         0.075     0.507    bd_0_i/hls_inst/inst/sum_V_reg[24]
  -------------------------------------------------------------------
                         required time                         -0.507    
                         arrival time                           0.686    
  -------------------------------------------------------------------
                         slack                                  0.180    

Slack (MET) :             0.181ns  (arrival time - required time)
  Source:                 bd_0_i/hls_inst/inst/regslice_both_output_r_V_last_V_U/B_V_data_1_state_reg[1]/C
                            (rising edge-triggered cell FDRE clocked by ap_clk  {rise@0.000ns fall@5.000ns period=10.000ns})
  Destination:            bd_0_i/hls_inst/inst/regslice_both_output_r_V_last_V_U/B_V_data_1_sel_wr_reg/D
                            (rising edge-triggered cell FDRE clocked by ap_clk  {rise@0.000ns fall@5.000ns period=10.000ns})
  Path Group:             ap_clk
  Path Type:              Hold (Min at Fast Process Corner)
  Requirement:            0.000ns  (ap_clk rise@0.000ns - ap_clk rise@0.000ns)
  Data Path Delay:        0.295ns  (logic 0.227ns (77.066%)  route 0.068ns (22.934%))
  Logic Levels:           1  (LUT3=1)
  Clock Path Skew:        0.022ns (DCD - SCD - CPR)
    Destination Clock Delay (DCD):    0.432ns
    Source Clock Delay      (SCD):    0.410ns
    Clock Pessimism Removal (CPR):    -0.000ns

    Location             Delay type                Incr(ns)  Path(ns)    Netlist Resource(s)
  -------------------------------------------------------------------    -------------------
                         (clock ap_clk rise edge)     0.000     0.000 r  
                                                      0.000     0.000 r  ap_clk (IN)
                         net (fo=368, unset)          0.410     0.410    bd_0_i/hls_inst/inst/regslice_both_output_r_V_last_V_U/ap_clk
    SLICE_X27Y67         FDRE                                         r  bd_0_i/hls_inst/inst/regslice_both_output_r_V_last_V_U/B_V_data_1_state_reg[1]/C
  -------------------------------------------------------------------    -------------------
    SLICE_X27Y67         FDRE (Prop_fdre_C_Q)         0.128     0.538 r  bd_0_i/hls_inst/inst/regslice_both_output_r_V_last_V_U/B_V_data_1_state_reg[1]/Q
                         net (fo=5, routed)           0.068     0.606    bd_0_i/hls_inst/inst/regslice_both_output_r_V_last_V_U/B_V_data_1_state_reg_n_0_[1]
    SLICE_X27Y67         LUT3 (Prop_lut3_I1_O)        0.099     0.705 r  bd_0_i/hls_inst/inst/regslice_both_output_r_V_last_V_U/B_V_data_1_sel_wr_i_1__2/O
                         net (fo=1, routed)           0.000     0.705    bd_0_i/hls_inst/inst/regslice_both_output_r_V_last_V_U/B_V_data_1_sel_wr_i_1__2_n_0
    SLICE_X27Y67         FDRE                                         r  bd_0_i/hls_inst/inst/regslice_both_output_r_V_last_V_U/B_V_data_1_sel_wr_reg/D
  -------------------------------------------------------------------    -------------------

                         (clock ap_clk rise edge)     0.000     0.000 r  
                                                      0.000     0.000 r  ap_clk (IN)
                         net (fo=368, unset)          0.432     0.432    bd_0_i/hls_inst/inst/regslice_both_output_r_V_last_V_U/ap_clk
    SLICE_X27Y67         FDRE                                         r  bd_0_i/hls_inst/inst/regslice_both_output_r_V_last_V_U/B_V_data_1_sel_wr_reg/C
                         clock pessimism              0.000     0.432    
    SLICE_X27Y67         FDRE (Hold_fdre_C_D)         0.092     0.524    bd_0_i/hls_inst/inst/regslice_both_output_r_V_last_V_U/B_V_data_1_sel_wr_reg
  -------------------------------------------------------------------
                         required time                         -0.524    
                         arrival time                           0.705    
  -------------------------------------------------------------------
                         slack                                  0.181    

Slack (MET) :             0.181ns  (arrival time - required time)
  Source:                 bd_0_i/hls_inst/inst/regslice_both_input_r_V_data_V_U/B_V_data_1_state_reg[0]/C
                            (rising edge-triggered cell FDRE clocked by ap_clk  {rise@0.000ns fall@5.000ns period=10.000ns})
  Destination:            bd_0_i/hls_inst/inst/regslice_both_input_r_V_last_V_U/B_V_data_1_state_reg[1]/D
                            (rising edge-triggered cell FDRE clocked by ap_clk  {rise@0.000ns fall@5.000ns period=10.000ns})
  Path Group:             ap_clk
  Path Type:              Hold (Min at Fast Process Corner)
  Requirement:            0.000ns  (ap_clk rise@0.000ns - ap_clk rise@0.000ns)
  Data Path Delay:        0.324ns  (logic 0.186ns (57.482%)  route 0.138ns (42.518%))
  Logic Levels:           1  (LUT5=1)
  Clock Path Skew:        0.022ns (DCD - SCD - CPR)
    Destination Clock Delay (DCD):    0.432ns
    Source Clock Delay      (SCD):    0.410ns
    Clock Pessimism Removal (CPR):    -0.000ns

    Location             Delay type                Incr(ns)  Path(ns)    Netlist Resource(s)
  -------------------------------------------------------------------    -------------------
                         (clock ap_clk rise edge)     0.000     0.000 r  
                                                      0.000     0.000 r  ap_clk (IN)
                         net (fo=368, unset)          0.410     0.410    bd_0_i/hls_inst/inst/regslice_both_input_r_V_data_V_U/ap_clk
    SLICE_X27Y63         FDRE                                         r  bd_0_i/hls_inst/inst/regslice_both_input_r_V_data_V_U/B_V_data_1_state_reg[0]/C
  -------------------------------------------------------------------    -------------------
    SLICE_X27Y63         FDRE (Prop_fdre_C_Q)         0.141     0.551 r  bd_0_i/hls_inst/inst/regslice_both_input_r_V_data_V_U/B_V_data_1_state_reg[0]/Q
                         net (fo=16, routed)          0.138     0.689    bd_0_i/hls_inst/inst/regslice_both_input_r_V_last_V_U/input_r_TVALID_int_regslice
    SLICE_X26Y63         LUT5 (Prop_lut5_I0_O)        0.045     0.734 r  bd_0_i/hls_inst/inst/regslice_both_input_r_V_last_V_U/B_V_data_1_state[1]_i_1__2/O
                         net (fo=1, routed)           0.000     0.734    bd_0_i/hls_inst/inst/regslice_both_input_r_V_last_V_U/B_V_data_1_state[1]_i_1__2_n_0
    SLICE_X26Y63         FDRE                                         r  bd_0_i/hls_inst/inst/regslice_both_input_r_V_last_V_U/B_V_data_1_state_reg[1]/D
  -------------------------------------------------------------------    -------------------

                         (clock ap_clk rise edge)     0.000     0.000 r  
                                                      0.000     0.000 r  ap_clk (IN)
                         net (fo=368, unset)          0.432     0.432    bd_0_i/hls_inst/inst/regslice_both_input_r_V_last_V_U/ap_clk
    SLICE_X26Y63         FDRE                                         r  bd_0_i/hls_inst/inst/regslice_both_input_r_V_last_V_U/B_V_data_1_state_reg[1]/C
                         clock pessimism              0.000     0.432    
    SLICE_X26Y63         FDRE (Hold_fdre_C_D)         0.121     0.553    bd_0_i/hls_inst/inst/regslice_both_input_r_V_last_V_U/B_V_data_1_state_reg[1]
  -------------------------------------------------------------------
                         required time                         -0.553    
                         arrival time                           0.734    
  -------------------------------------------------------------------
                         slack                                  0.181    

Slack (MET) :             0.188ns  (arrival time - required time)
  Source:                 bd_0_i/hls_inst/inst/regslice_both_output_r_V_data_V_U/B_V_data_1_sel_wr_reg/C
                            (rising edge-triggered cell FDRE clocked by ap_clk  {rise@0.000ns fall@5.000ns period=10.000ns})
  Destination:            bd_0_i/hls_inst/inst/regslice_both_output_r_V_data_V_U/B_V_data_1_sel_wr_reg/D
                            (rising edge-triggered cell FDRE clocked by ap_clk  {rise@0.000ns fall@5.000ns period=10.000ns})
  Path Group:             ap_clk
  Path Type:              Hold (Min at Fast Process Corner)
  Requirement:            0.000ns  (ap_clk rise@0.000ns - ap_clk rise@0.000ns)
  Data Path Delay:        0.300ns  (logic 0.186ns (61.957%)  route 0.114ns (38.043%))
  Logic Levels:           1  (LUT6=1)
  Clock Path Skew:        0.022ns (DCD - SCD - CPR)
    Destination Clock Delay (DCD):    0.432ns
    Source Clock Delay      (SCD):    0.410ns
    Clock Pessimism Removal (CPR):    -0.000ns

    Location             Delay type                Incr(ns)  Path(ns)    Netlist Resource(s)
  -------------------------------------------------------------------    -------------------
                         (clock ap_clk rise edge)     0.000     0.000 r  
                                                      0.000     0.000 r  ap_clk (IN)
                         net (fo=368, unset)          0.410     0.410    bd_0_i/hls_inst/inst/regslice_both_output_r_V_data_V_U/ap_clk
    SLICE_X29Y66         FDRE                                         r  bd_0_i/hls_inst/inst/regslice_both_output_r_V_data_V_U/B_V_data_1_sel_wr_reg/C
  -------------------------------------------------------------------    -------------------
    SLICE_X29Y66         FDRE (Prop_fdre_C_Q)         0.141     0.551 r  bd_0_i/hls_inst/inst/regslice_both_output_r_V_data_V_U/B_V_data_1_sel_wr_reg/Q
                         net (fo=3, routed)           0.114     0.665    bd_0_i/hls_inst/inst/regslice_both_output_r_V_data_V_U/B_V_data_1_sel_wr
    SLICE_X29Y66         LUT6 (Prop_lut6_I5_O)        0.045     0.710 r  bd_0_i/hls_inst/inst/regslice_both_output_r_V_data_V_U/B_V_data_1_sel_wr_i_1__1/O
                         net (fo=1, routed)           0.000     0.710    bd_0_i/hls_inst/inst/regslice_both_output_r_V_data_V_U/B_V_data_1_sel_wr_i_1__1_n_0
    SLICE_X29Y66         FDRE                                         r  bd_0_i/hls_inst/inst/regslice_both_output_r_V_data_V_U/B_V_data_1_sel_wr_reg/D
  -------------------------------------------------------------------    -------------------

                         (clock ap_clk rise edge)     0.000     0.000 r  
                                                      0.000     0.000 r  ap_clk (IN)
                         net (fo=368, unset)          0.432     0.432    bd_0_i/hls_inst/inst/regslice_both_output_r_V_data_V_U/ap_clk
    SLICE_X29Y66         FDRE                                         r  bd_0_i/hls_inst/inst/regslice_both_output_r_V_data_V_U/B_V_data_1_sel_wr_reg/C
                         clock pessimism              0.000     0.432    
    SLICE_X29Y66         FDRE (Hold_fdre_C_D)         0.091     0.523    bd_0_i/hls_inst/inst/regslice_both_output_r_V_data_V_U/B_V_data_1_sel_wr_reg
  -------------------------------------------------------------------
                         required time                         -0.523    
                         arrival time                           0.710    
  -------------------------------------------------------------------
                         slack                                  0.188    

Slack (MET) :             0.189ns  (arrival time - required time)
  Source:                 bd_0_i/hls_inst/inst/output_temp_data_V_reg_781_reg[2]/C
                            (rising edge-triggered cell FDRE clocked by ap_clk  {rise@0.000ns fall@5.000ns period=10.000ns})
  Destination:            bd_0_i/hls_inst/inst/sum_V_reg[2]/D
                            (rising edge-triggered cell FDRE clocked by ap_clk  {rise@0.000ns fall@5.000ns period=10.000ns})
  Path Group:             ap_clk
  Path Type:              Hold (Min at Fast Process Corner)
  Requirement:            0.000ns  (ap_clk rise@0.000ns - ap_clk rise@0.000ns)
  Data Path Delay:        0.274ns  (logic 0.164ns (59.853%)  route 0.110ns (40.147%))
  Logic Levels:           0  
  Clock Path Skew:        0.022ns (DCD - SCD - CPR)
    Destination Clock Delay (DCD):    0.432ns
    Source Clock Delay      (SCD):    0.410ns
    Clock Pessimism Removal (CPR):    -0.000ns

    Location             Delay type                Incr(ns)  Path(ns)    Netlist Resource(s)
  -------------------------------------------------------------------    -------------------
                         (clock ap_clk rise edge)     0.000     0.000 r  
                                                      0.000     0.000 r  ap_clk (IN)
                         net (fo=368, unset)          0.410     0.410    bd_0_i/hls_inst/inst/ap_clk
    SLICE_X32Y64         FDRE                                         r  bd_0_i/hls_inst/inst/output_temp_data_V_reg_781_reg[2]/C
  -------------------------------------------------------------------    -------------------
    SLICE_X32Y64         FDRE (Prop_fdre_C_Q)         0.164     0.574 r  bd_0_i/hls_inst/inst/output_temp_data_V_reg_781_reg[2]/Q
                         net (fo=1, routed)           0.110     0.684    bd_0_i/hls_inst/inst/output_temp_data_V_reg_781[2]
    SLICE_X32Y63         FDRE                                         r  bd_0_i/hls_inst/inst/sum_V_reg[2]/D
  -------------------------------------------------------------------    -------------------

                         (clock ap_clk rise edge)     0.000     0.000 r  
                                                      0.000     0.000 r  ap_clk (IN)
                         net (fo=368, unset)          0.432     0.432    bd_0_i/hls_inst/inst/ap_clk
    SLICE_X32Y63         FDRE                                         r  bd_0_i/hls_inst/inst/sum_V_reg[2]/C
                         clock pessimism              0.000     0.432    
    SLICE_X32Y63         FDRE (Hold_fdre_C_D)         0.063     0.495    bd_0_i/hls_inst/inst/sum_V_reg[2]
  -------------------------------------------------------------------
                         required time                         -0.495    
                         arrival time                           0.684    
  -------------------------------------------------------------------
                         slack                                  0.189    

Slack (MET) :             0.189ns  (arrival time - required time)
  Source:                 bd_0_i/hls_inst/inst/output_temp_data_V_reg_781_reg[3]/C
                            (rising edge-triggered cell FDRE clocked by ap_clk  {rise@0.000ns fall@5.000ns period=10.000ns})
  Destination:            bd_0_i/hls_inst/inst/sum_V_reg[3]/D
                            (rising edge-triggered cell FDRE clocked by ap_clk  {rise@0.000ns fall@5.000ns period=10.000ns})
  Path Group:             ap_clk
  Path Type:              Hold (Min at Fast Process Corner)
  Requirement:            0.000ns  (ap_clk rise@0.000ns - ap_clk rise@0.000ns)
  Data Path Delay:        0.274ns  (logic 0.164ns (59.853%)  route 0.110ns (40.147%))
  Logic Levels:           0  
  Clock Path Skew:        0.022ns (DCD - SCD - CPR)
    Destination Clock Delay (DCD):    0.432ns
    Source Clock Delay      (SCD):    0.410ns
    Clock Pessimism Removal (CPR):    -0.000ns

    Location             Delay type                Incr(ns)  Path(ns)    Netlist Resource(s)
  -------------------------------------------------------------------    -------------------
                         (clock ap_clk rise edge)     0.000     0.000 r  
                                                      0.000     0.000 r  ap_clk (IN)
                         net (fo=368, unset)          0.410     0.410    bd_0_i/hls_inst/inst/ap_clk
    SLICE_X32Y64         FDRE                                         r  bd_0_i/hls_inst/inst/output_temp_data_V_reg_781_reg[3]/C
  -------------------------------------------------------------------    -------------------
    SLICE_X32Y64         FDRE (Prop_fdre_C_Q)         0.164     0.574 r  bd_0_i/hls_inst/inst/output_temp_data_V_reg_781_reg[3]/Q
                         net (fo=1, routed)           0.110     0.684    bd_0_i/hls_inst/inst/output_temp_data_V_reg_781[3]
    SLICE_X32Y63         FDRE                                         r  bd_0_i/hls_inst/inst/sum_V_reg[3]/D
  -------------------------------------------------------------------    -------------------

                         (clock ap_clk rise edge)     0.000     0.000 r  
                                                      0.000     0.000 r  ap_clk (IN)
                         net (fo=368, unset)          0.432     0.432    bd_0_i/hls_inst/inst/ap_clk
    SLICE_X32Y63         FDRE                                         r  bd_0_i/hls_inst/inst/sum_V_reg[3]/C
                         clock pessimism              0.000     0.432    
    SLICE_X32Y63         FDRE (Hold_fdre_C_D)         0.063     0.495    bd_0_i/hls_inst/inst/sum_V_reg[3]
  -------------------------------------------------------------------
                         required time                         -0.495    
                         arrival time                           0.684    
  -------------------------------------------------------------------
                         slack                                  0.189    

Slack (MET) :             0.199ns  (arrival time - required time)
  Source:                 bd_0_i/hls_inst/inst/output_temp_data_V_reg_781_reg[0]/C
                            (rising edge-triggered cell FDRE clocked by ap_clk  {rise@0.000ns fall@5.000ns period=10.000ns})
  Destination:            bd_0_i/hls_inst/inst/sum_V_reg[0]/D
                            (rising edge-triggered cell FDRE clocked by ap_clk  {rise@0.000ns fall@5.000ns period=10.000ns})
  Path Group:             ap_clk
  Path Type:              Hold (Min at Fast Process Corner)
  Requirement:            0.000ns  (ap_clk rise@0.000ns - ap_clk rise@0.000ns)
  Data Path Delay:        0.305ns  (logic 0.164ns (53.740%)  route 0.141ns (46.260%))
  Logic Levels:           0  
  Clock Path Skew:        0.022ns (DCD - SCD - CPR)
    Destination Clock Delay (DCD):    0.432ns
    Source Clock Delay      (SCD):    0.410ns
    Clock Pessimism Removal (CPR):    -0.000ns

    Location             Delay type                Incr(ns)  Path(ns)    Netlist Resource(s)
  -------------------------------------------------------------------    -------------------
                         (clock ap_clk rise edge)     0.000     0.000 r  
                                                      0.000     0.000 r  ap_clk (IN)
                         net (fo=368, unset)          0.410     0.410    bd_0_i/hls_inst/inst/ap_clk
    SLICE_X32Y64         FDRE                                         r  bd_0_i/hls_inst/inst/output_temp_data_V_reg_781_reg[0]/C
  -------------------------------------------------------------------    -------------------
    SLICE_X32Y64         FDRE (Prop_fdre_C_Q)         0.164     0.574 r  bd_0_i/hls_inst/inst/output_temp_data_V_reg_781_reg[0]/Q
                         net (fo=1, routed)           0.141     0.715    bd_0_i/hls_inst/inst/output_temp_data_V_reg_781[0]
    SLICE_X32Y63         FDRE                                         r  bd_0_i/hls_inst/inst/sum_V_reg[0]/D
  -------------------------------------------------------------------    -------------------

                         (clock ap_clk rise edge)     0.000     0.000 r  
                                                      0.000     0.000 r  ap_clk (IN)
                         net (fo=368, unset)          0.432     0.432    bd_0_i/hls_inst/inst/ap_clk
    SLICE_X32Y63         FDRE                                         r  bd_0_i/hls_inst/inst/sum_V_reg[0]/C
                         clock pessimism              0.000     0.432    
    SLICE_X32Y63         FDRE (Hold_fdre_C_D)         0.085     0.517    bd_0_i/hls_inst/inst/sum_V_reg[0]
  -------------------------------------------------------------------
                         required time                         -0.517    
                         arrival time                           0.715    
  -------------------------------------------------------------------
                         slack                                  0.199    





Pulse Width Checks
--------------------------------------------------------------------------------------
Clock Name:         ap_clk
Waveform(ns):       { 0.000 5.000 }
Period(ns):         10.000
Sources:            { ap_clk }

Check Type        Corner  Lib Pin      Reference Pin  Required(ns)  Actual(ns)  Slack(ns)  Location      Pin
Min Period        n/a     DSP48E1/CLK  n/a            3.884         10.000      6.116      DSP48_X2Y22   bd_0_i/hls_inst/inst/mac_muladd_16s_8s_24s_25_4_1_U12/fir_decimation_filter_mac_muladd_16s_8s_24s_25_4_1_DSP48_1_U/m_reg_reg/CLK
Min Period        n/a     DSP48E1/CLK  n/a            3.884         10.000      6.116      DSP48_X2Y26   bd_0_i/hls_inst/inst/mac_muladd_16s_8s_24s_25_4_1_U13/fir_decimation_filter_mac_muladd_16s_8s_24s_25_4_1_DSP48_1_U/m_reg_reg/CLK
Min Period        n/a     DSP48E1/CLK  n/a            2.154         10.000      7.846      DSP48_X2Y23   bd_0_i/hls_inst/inst/mac_muladd_16s_8s_24s_25_4_1_U12/fir_decimation_filter_mac_muladd_16s_8s_24s_25_4_1_DSP48_1_U/p_reg_reg/CLK
Min Period        n/a     DSP48E1/CLK  n/a            2.154         10.000      7.846      DSP48_X2Y27   bd_0_i/hls_inst/inst/mac_muladd_16s_8s_24s_25_4_1_U13/fir_decimation_filter_mac_muladd_16s_8s_24s_25_4_1_DSP48_1_U/p_reg_reg/CLK
Min Period        n/a     DSP48E1/CLK  n/a            2.154         10.000      7.846      DSP48_X2Y24   bd_0_i/hls_inst/inst/mac_muladd_16s_8s_25s_25_4_1_U14/fir_decimation_filter_mac_muladd_16s_8s_25s_25_4_1_DSP48_2_U/p_reg_reg/CLK
Min Period        n/a     FDRE/C       n/a            1.000         10.000      9.000      SLICE_X34Y64  bd_0_i/hls_inst/inst/add_ln859_reg_771_reg[0]/C
Min Period        n/a     FDRE/C       n/a            1.000         10.000      9.000      SLICE_X34Y65  bd_0_i/hls_inst/inst/add_ln859_reg_771_reg[10]/C
Min Period        n/a     FDRE/C       n/a            1.000         10.000      9.000      SLICE_X34Y65  bd_0_i/hls_inst/inst/add_ln859_reg_771_reg[11]/C
Min Period        n/a     FDRE/C       n/a            1.000         10.000      9.000      SLICE_X35Y67  bd_0_i/hls_inst/inst/add_ln859_reg_771_reg[12]/C
Min Period        n/a     FDRE/C       n/a            1.000         10.000      9.000      SLICE_X35Y66  bd_0_i/hls_inst/inst/add_ln859_reg_771_reg[13]/C
Low Pulse Width   Slow    FDRE/C       n/a            0.500         5.000       4.500      SLICE_X34Y64  bd_0_i/hls_inst/inst/add_ln859_reg_771_reg[0]/C
Low Pulse Width   Fast    FDRE/C       n/a            0.500         5.000       4.500      SLICE_X34Y64  bd_0_i/hls_inst/inst/add_ln859_reg_771_reg[0]/C
Low Pulse Width   Slow    FDRE/C       n/a            0.500         5.000       4.500      SLICE_X34Y65  bd_0_i/hls_inst/inst/add_ln859_reg_771_reg[10]/C
Low Pulse Width   Fast    FDRE/C       n/a            0.500         5.000       4.500      SLICE_X34Y65  bd_0_i/hls_inst/inst/add_ln859_reg_771_reg[10]/C
Low Pulse Width   Slow    FDRE/C       n/a            0.500         5.000       4.500      SLICE_X34Y65  bd_0_i/hls_inst/inst/add_ln859_reg_771_reg[11]/C
Low Pulse Width   Fast    FDRE/C       n/a            0.500         5.000       4.500      SLICE_X34Y65  bd_0_i/hls_inst/inst/add_ln859_reg_771_reg[11]/C
Low Pulse Width   Slow    FDRE/C       n/a            0.500         5.000       4.500      SLICE_X35Y67  bd_0_i/hls_inst/inst/add_ln859_reg_771_reg[12]/C
Low Pulse Width   Fast    FDRE/C       n/a            0.500         5.000       4.500      SLICE_X35Y67  bd_0_i/hls_inst/inst/add_ln859_reg_771_reg[12]/C
Low Pulse Width   Slow    FDRE/C       n/a            0.500         5.000       4.500      SLICE_X35Y66  bd_0_i/hls_inst/inst/add_ln859_reg_771_reg[13]/C
Low Pulse Width   Fast    FDRE/C       n/a            0.500         5.000       4.500      SLICE_X35Y66  bd_0_i/hls_inst/inst/add_ln859_reg_771_reg[13]/C
High Pulse Width  Slow    FDRE/C       n/a            0.500         5.000       4.500      SLICE_X34Y64  bd_0_i/hls_inst/inst/add_ln859_reg_771_reg[0]/C
High Pulse Width  Fast    FDRE/C       n/a            0.500         5.000       4.500      SLICE_X34Y64  bd_0_i/hls_inst/inst/add_ln859_reg_771_reg[0]/C
High Pulse Width  Slow    FDRE/C       n/a            0.500         5.000       4.500      SLICE_X34Y65  bd_0_i/hls_inst/inst/add_ln859_reg_771_reg[10]/C
High Pulse Width  Fast    FDRE/C       n/a            0.500         5.000       4.500      SLICE_X34Y65  bd_0_i/hls_inst/inst/add_ln859_reg_771_reg[10]/C
High Pulse Width  Slow    FDRE/C       n/a            0.500         5.000       4.500      SLICE_X34Y65  bd_0_i/hls_inst/inst/add_ln859_reg_771_reg[11]/C
High Pulse Width  Fast    FDRE/C       n/a            0.500         5.000       4.500      SLICE_X34Y65  bd_0_i/hls_inst/inst/add_ln859_reg_771_reg[11]/C
High Pulse Width  Slow    FDRE/C       n/a            0.500         5.000       4.500      SLICE_X35Y67  bd_0_i/hls_inst/inst/add_ln859_reg_771_reg[12]/C
High Pulse Width  Fast    FDRE/C       n/a            0.500         5.000       4.500      SLICE_X35Y67  bd_0_i/hls_inst/inst/add_ln859_reg_771_reg[12]/C
High Pulse Width  Slow    FDRE/C       n/a            0.500         5.000       4.500      SLICE_X35Y66  bd_0_i/hls_inst/inst/add_ln859_reg_771_reg[13]/C
High Pulse Width  Fast    FDRE/C       n/a            0.500         5.000       4.500      SLICE_X35Y66  bd_0_i/hls_inst/inst/add_ln859_reg_771_reg[13]/C



--------------------------------------------------------------------------------------
Path Group:  (none)
From Clock:  ap_clk
  To Clock:  

Max Delay            35 Endpoints
Min Delay            35 Endpoints
--------------------------------------------------------------------------------------


Max Delay Paths
--------------------------------------------------------------------------------------
Slack:                    inf
  Source:                 bd_0_i/hls_inst/inst/regslice_both_output_r_V_data_V_U/B_V_data_1_sel_rd_reg/C
                            (rising edge-triggered cell FDRE clocked by ap_clk  {rise@0.000ns fall@5.000ns period=10.000ns})
  Destination:            output_r_tdata[31]
                            (output port)
  Path Group:             (none)
  Path Type:              Max at Slow Process Corner
  Data Path Delay:        3.347ns  (logic 0.608ns (18.164%)  route 2.739ns (81.836%))
  Logic Levels:           1  (LUT3=1)
  Clock Uncertainty:      0.025ns  ((TSJ^2 + TIJ^2)^1/2 + DJ) / 2 + PE
    Total System Jitter     (TSJ):    0.050ns
    Total Input Jitter      (TIJ):    0.000ns
    Discrete Jitter          (DJ):    0.000ns
    Phase Error              (PE):    0.000ns

    Location             Delay type                Incr(ns)  Path(ns)    Netlist Resource(s)
  -------------------------------------------------------------------    -------------------
                         (clock ap_clk rise edge)     0.000     0.000 r  
                                                      0.000     0.000 r  ap_clk (IN)
                         net (fo=368, unset)          0.973     0.973    bd_0_i/hls_inst/inst/regslice_both_output_r_V_data_V_U/ap_clk
    SLICE_X28Y66         FDRE                                         r  bd_0_i/hls_inst/inst/regslice_both_output_r_V_data_V_U/B_V_data_1_sel_rd_reg/C
  -------------------------------------------------------------------    -------------------
    SLICE_X28Y66         FDRE (Prop_fdre_C_Q)         0.456     1.429 r  bd_0_i/hls_inst/inst/regslice_both_output_r_V_data_V_U/B_V_data_1_sel_rd_reg/Q
                         net (fo=33, routed)          1.766     3.195    bd_0_i/hls_inst/inst/regslice_both_output_r_V_data_V_U/B_V_data_1_sel_rd_reg_n_0
    SLICE_X33Y71         LUT3 (Prop_lut3_I2_O)        0.152     3.347 r  bd_0_i/hls_inst/inst/regslice_both_output_r_V_data_V_U/output_r_TDATA[31]_INST_0/O
                         net (fo=0)                   0.973     4.320    output_r_tdata[31]
                                                                      r  output_r_tdata[31] (OUT)
  -------------------------------------------------------------------    -------------------

Slack:                    inf
  Source:                 bd_0_i/hls_inst/inst/regslice_both_output_r_V_data_V_U/B_V_data_1_sel_rd_reg/C
                            (rising edge-triggered cell FDRE clocked by ap_clk  {rise@0.000ns fall@5.000ns period=10.000ns})
  Destination:            output_r_tdata[30]
                            (output port)
  Path Group:             (none)
  Path Type:              Max at Slow Process Corner
  Data Path Delay:        3.319ns  (logic 0.580ns (17.473%)  route 2.739ns (82.527%))
  Logic Levels:           1  (LUT3=1)
  Clock Uncertainty:      0.025ns  ((TSJ^2 + TIJ^2)^1/2 + DJ) / 2 + PE
    Total System Jitter     (TSJ):    0.050ns
    Total Input Jitter      (TIJ):    0.000ns
    Discrete Jitter          (DJ):    0.000ns
    Phase Error              (PE):    0.000ns

    Location             Delay type                Incr(ns)  Path(ns)    Netlist Resource(s)
  -------------------------------------------------------------------    -------------------
                         (clock ap_clk rise edge)     0.000     0.000 r  
                                                      0.000     0.000 r  ap_clk (IN)
                         net (fo=368, unset)          0.973     0.973    bd_0_i/hls_inst/inst/regslice_both_output_r_V_data_V_U/ap_clk
    SLICE_X28Y66         FDRE                                         r  bd_0_i/hls_inst/inst/regslice_both_output_r_V_data_V_U/B_V_data_1_sel_rd_reg/C
  -------------------------------------------------------------------    -------------------
    SLICE_X28Y66         FDRE (Prop_fdre_C_Q)         0.456     1.429 r  bd_0_i/hls_inst/inst/regslice_both_output_r_V_data_V_U/B_V_data_1_sel_rd_reg/Q
                         net (fo=33, routed)          1.766     3.195    bd_0_i/hls_inst/inst/regslice_both_output_r_V_data_V_U/B_V_data_1_sel_rd_reg_n_0
    SLICE_X33Y71         LUT3 (Prop_lut3_I2_O)        0.124     3.319 r  bd_0_i/hls_inst/inst/regslice_both_output_r_V_data_V_U/output_r_TDATA[30]_INST_0/O
                         net (fo=0)                   0.973     4.292    output_r_tdata[30]
                                                                      r  output_r_tdata[30] (OUT)
  -------------------------------------------------------------------    -------------------

Slack:                    inf
  Source:                 bd_0_i/hls_inst/inst/regslice_both_output_r_V_data_V_U/B_V_data_1_sel_rd_reg/C
                            (rising edge-triggered cell FDRE clocked by ap_clk  {rise@0.000ns fall@5.000ns period=10.000ns})
  Destination:            output_r_tdata[29]
                            (output port)
  Path Group:             (none)
  Path Type:              Max at Slow Process Corner
  Data Path Delay:        3.168ns  (logic 0.608ns (19.193%)  route 2.560ns (80.807%))
  Logic Levels:           1  (LUT3=1)
  Clock Uncertainty:      0.025ns  ((TSJ^2 + TIJ^2)^1/2 + DJ) / 2 + PE
    Total System Jitter     (TSJ):    0.050ns
    Total Input Jitter      (TIJ):    0.000ns
    Discrete Jitter          (DJ):    0.000ns
    Phase Error              (PE):    0.000ns

    Location             Delay type                Incr(ns)  Path(ns)    Netlist Resource(s)
  -------------------------------------------------------------------    -------------------
                         (clock ap_clk rise edge)     0.000     0.000 r  
                                                      0.000     0.000 r  ap_clk (IN)
                         net (fo=368, unset)          0.973     0.973    bd_0_i/hls_inst/inst/regslice_both_output_r_V_data_V_U/ap_clk
    SLICE_X28Y66         FDRE                                         r  bd_0_i/hls_inst/inst/regslice_both_output_r_V_data_V_U/B_V_data_1_sel_rd_reg/C
  -------------------------------------------------------------------    -------------------
    SLICE_X28Y66         FDRE (Prop_fdre_C_Q)         0.456     1.429 r  bd_0_i/hls_inst/inst/regslice_both_output_r_V_data_V_U/B_V_data_1_sel_rd_reg/Q
                         net (fo=33, routed)          1.587     3.016    bd_0_i/hls_inst/inst/regslice_both_output_r_V_data_V_U/B_V_data_1_sel_rd_reg_n_0
    SLICE_X33Y71         LUT3 (Prop_lut3_I2_O)        0.152     3.168 r  bd_0_i/hls_inst/inst/regslice_both_output_r_V_data_V_U/output_r_TDATA[29]_INST_0/O
                         net (fo=0)                   0.973     4.141    output_r_tdata[29]
                                                                      r  output_r_tdata[29] (OUT)
  -------------------------------------------------------------------    -------------------

Slack:                    inf
  Source:                 bd_0_i/hls_inst/inst/regslice_both_output_r_V_data_V_U/B_V_data_1_sel_rd_reg/C
                            (rising edge-triggered cell FDRE clocked by ap_clk  {rise@0.000ns fall@5.000ns period=10.000ns})
  Destination:            output_r_tdata[28]
                            (output port)
  Path Group:             (none)
  Path Type:              Max at Slow Process Corner
  Data Path Delay:        3.140ns  (logic 0.580ns (18.472%)  route 2.560ns (81.528%))
  Logic Levels:           1  (LUT3=1)
  Clock Uncertainty:      0.025ns  ((TSJ^2 + TIJ^2)^1/2 + DJ) / 2 + PE
    Total System Jitter     (TSJ):    0.050ns
    Total Input Jitter      (TIJ):    0.000ns
    Discrete Jitter          (DJ):    0.000ns
    Phase Error              (PE):    0.000ns

    Location             Delay type                Incr(ns)  Path(ns)    Netlist Resource(s)
  -------------------------------------------------------------------    -------------------
                         (clock ap_clk rise edge)     0.000     0.000 r  
                                                      0.000     0.000 r  ap_clk (IN)
                         net (fo=368, unset)          0.973     0.973    bd_0_i/hls_inst/inst/regslice_both_output_r_V_data_V_U/ap_clk
    SLICE_X28Y66         FDRE                                         r  bd_0_i/hls_inst/inst/regslice_both_output_r_V_data_V_U/B_V_data_1_sel_rd_reg/C
  -------------------------------------------------------------------    -------------------
    SLICE_X28Y66         FDRE (Prop_fdre_C_Q)         0.456     1.429 r  bd_0_i/hls_inst/inst/regslice_both_output_r_V_data_V_U/B_V_data_1_sel_rd_reg/Q
                         net (fo=33, routed)          1.587     3.016    bd_0_i/hls_inst/inst/regslice_both_output_r_V_data_V_U/B_V_data_1_sel_rd_reg_n_0
    SLICE_X33Y71         LUT3 (Prop_lut3_I2_O)        0.124     3.140 r  bd_0_i/hls_inst/inst/regslice_both_output_r_V_data_V_U/output_r_TDATA[28]_INST_0/O
                         net (fo=0)                   0.973     4.113    output_r_tdata[28]
                                                                      r  output_r_tdata[28] (OUT)
  -------------------------------------------------------------------    -------------------

Slack:                    inf
  Source:                 bd_0_i/hls_inst/inst/regslice_both_output_r_V_data_V_U/B_V_data_1_sel_rd_reg/C
                            (rising edge-triggered cell FDRE clocked by ap_clk  {rise@0.000ns fall@5.000ns period=10.000ns})
  Destination:            output_r_tdata[25]
                            (output port)
  Path Group:             (none)
  Path Type:              Max at Slow Process Corner
  Data Path Delay:        3.009ns  (logic 0.606ns (20.137%)  route 2.403ns (79.863%))
  Logic Levels:           1  (LUT3=1)
  Clock Uncertainty:      0.025ns  ((TSJ^2 + TIJ^2)^1/2 + DJ) / 2 + PE
    Total System Jitter     (TSJ):    0.050ns
    Total Input Jitter      (TIJ):    0.000ns
    Discrete Jitter          (DJ):    0.000ns
    Phase Error              (PE):    0.000ns

    Location             Delay type                Incr(ns)  Path(ns)    Netlist Resource(s)
  -------------------------------------------------------------------    -------------------
                         (clock ap_clk rise edge)     0.000     0.000 r  
                                                      0.000     0.000 r  ap_clk (IN)
                         net (fo=368, unset)          0.973     0.973    bd_0_i/hls_inst/inst/regslice_both_output_r_V_data_V_U/ap_clk
    SLICE_X28Y66         FDRE                                         r  bd_0_i/hls_inst/inst/regslice_both_output_r_V_data_V_U/B_V_data_1_sel_rd_reg/C
  -------------------------------------------------------------------    -------------------
    SLICE_X28Y66         FDRE (Prop_fdre_C_Q)         0.456     1.429 r  bd_0_i/hls_inst/inst/regslice_both_output_r_V_data_V_U/B_V_data_1_sel_rd_reg/Q
                         net (fo=33, routed)          1.430     2.859    bd_0_i/hls_inst/inst/regslice_both_output_r_V_data_V_U/B_V_data_1_sel_rd_reg_n_0
    SLICE_X32Y69         LUT3 (Prop_lut3_I2_O)        0.150     3.009 r  bd_0_i/hls_inst/inst/regslice_both_output_r_V_data_V_U/output_r_TDATA[25]_INST_0/O
                         net (fo=0)                   0.973     3.982    output_r_tdata[25]
                                                                      r  output_r_tdata[25] (OUT)
  -------------------------------------------------------------------    -------------------

Slack:                    inf
  Source:                 bd_0_i/hls_inst/inst/regslice_both_output_r_V_data_V_U/B_V_data_1_sel_rd_reg/C
                            (rising edge-triggered cell FDRE clocked by ap_clk  {rise@0.000ns fall@5.000ns period=10.000ns})
  Destination:            output_r_tdata[24]
                            (output port)
  Path Group:             (none)
  Path Type:              Max at Slow Process Corner
  Data Path Delay:        2.983ns  (logic 0.580ns (19.441%)  route 2.403ns (80.559%))
  Logic Levels:           1  (LUT3=1)
  Clock Uncertainty:      0.025ns  ((TSJ^2 + TIJ^2)^1/2 + DJ) / 2 + PE
    Total System Jitter     (TSJ):    0.050ns
    Total Input Jitter      (TIJ):    0.000ns
    Discrete Jitter          (DJ):    0.000ns
    Phase Error              (PE):    0.000ns

    Location             Delay type                Incr(ns)  Path(ns)    Netlist Resource(s)
  -------------------------------------------------------------------    -------------------
                         (clock ap_clk rise edge)     0.000     0.000 r  
                                                      0.000     0.000 r  ap_clk (IN)
                         net (fo=368, unset)          0.973     0.973    bd_0_i/hls_inst/inst/regslice_both_output_r_V_data_V_U/ap_clk
    SLICE_X28Y66         FDRE                                         r  bd_0_i/hls_inst/inst/regslice_both_output_r_V_data_V_U/B_V_data_1_sel_rd_reg/C
  -------------------------------------------------------------------    -------------------
    SLICE_X28Y66         FDRE (Prop_fdre_C_Q)         0.456     1.429 r  bd_0_i/hls_inst/inst/regslice_both_output_r_V_data_V_U/B_V_data_1_sel_rd_reg/Q
                         net (fo=33, routed)          1.430     2.859    bd_0_i/hls_inst/inst/regslice_both_output_r_V_data_V_U/B_V_data_1_sel_rd_reg_n_0
    SLICE_X32Y69         LUT3 (Prop_lut3_I2_O)        0.124     2.983 r  bd_0_i/hls_inst/inst/regslice_both_output_r_V_data_V_U/output_r_TDATA[24]_INST_0/O
                         net (fo=0)                   0.973     3.956    output_r_tdata[24]
                                                                      r  output_r_tdata[24] (OUT)
  -------------------------------------------------------------------    -------------------

Slack:                    inf
  Source:                 bd_0_i/hls_inst/inst/regslice_both_output_r_V_data_V_U/B_V_data_1_sel_rd_reg/C
                            (rising edge-triggered cell FDRE clocked by ap_clk  {rise@0.000ns fall@5.000ns period=10.000ns})
  Destination:            output_r_tdata[17]
                            (output port)
  Path Group:             (none)
  Path Type:              Max at Slow Process Corner
  Data Path Delay:        2.743ns  (logic 0.606ns (22.090%)  route 2.137ns (77.910%))
  Logic Levels:           1  (LUT3=1)
  Clock Uncertainty:      0.025ns  ((TSJ^2 + TIJ^2)^1/2 + DJ) / 2 + PE
    Total System Jitter     (TSJ):    0.050ns
    Total Input Jitter      (TIJ):    0.000ns
    Discrete Jitter          (DJ):    0.000ns
    Phase Error              (PE):    0.000ns

    Location             Delay type                Incr(ns)  Path(ns)    Netlist Resource(s)
  -------------------------------------------------------------------    -------------------
                         (clock ap_clk rise edge)     0.000     0.000 r  
                                                      0.000     0.000 r  ap_clk (IN)
                         net (fo=368, unset)          0.973     0.973    bd_0_i/hls_inst/inst/regslice_both_output_r_V_data_V_U/ap_clk
    SLICE_X28Y66         FDRE                                         r  bd_0_i/hls_inst/inst/regslice_both_output_r_V_data_V_U/B_V_data_1_sel_rd_reg/C
  -------------------------------------------------------------------    -------------------
    SLICE_X28Y66         FDRE (Prop_fdre_C_Q)         0.456     1.429 r  bd_0_i/hls_inst/inst/regslice_both_output_r_V_data_V_U/B_V_data_1_sel_rd_reg/Q
                         net (fo=33, routed)          1.164     2.593    bd_0_i/hls_inst/inst/regslice_both_output_r_V_data_V_U/B_V_data_1_sel_rd_reg_n_0
    SLICE_X30Y68         LUT3 (Prop_lut3_I2_O)        0.150     2.743 r  bd_0_i/hls_inst/inst/regslice_both_output_r_V_data_V_U/output_r_TDATA[17]_INST_0/O
                         net (fo=0)                   0.973     3.716    output_r_tdata[17]
                                                                      r  output_r_tdata[17] (OUT)
  -------------------------------------------------------------------    -------------------

Slack:                    inf
  Source:                 bd_0_i/hls_inst/inst/regslice_both_output_r_V_data_V_U/B_V_data_1_sel_rd_reg/C
                            (rising edge-triggered cell FDRE clocked by ap_clk  {rise@0.000ns fall@5.000ns period=10.000ns})
  Destination:            output_r_tdata[27]
                            (output port)
  Path Group:             (none)
  Path Type:              Max at Slow Process Corner
  Data Path Delay:        2.729ns  (logic 0.606ns (22.207%)  route 2.123ns (77.793%))
  Logic Levels:           1  (LUT3=1)
  Clock Uncertainty:      0.025ns  ((TSJ^2 + TIJ^2)^1/2 + DJ) / 2 + PE
    Total System Jitter     (TSJ):    0.050ns
    Total Input Jitter      (TIJ):    0.000ns
    Discrete Jitter          (DJ):    0.000ns
    Phase Error              (PE):    0.000ns

    Location             Delay type                Incr(ns)  Path(ns)    Netlist Resource(s)
  -------------------------------------------------------------------    -------------------
                         (clock ap_clk rise edge)     0.000     0.000 r  
                                                      0.000     0.000 r  ap_clk (IN)
                         net (fo=368, unset)          0.973     0.973    bd_0_i/hls_inst/inst/regslice_both_output_r_V_data_V_U/ap_clk
    SLICE_X28Y66         FDRE                                         r  bd_0_i/hls_inst/inst/regslice_both_output_r_V_data_V_U/B_V_data_1_sel_rd_reg/C
  -------------------------------------------------------------------    -------------------
    SLICE_X28Y66         FDRE (Prop_fdre_C_Q)         0.456     1.429 r  bd_0_i/hls_inst/inst/regslice_both_output_r_V_data_V_U/B_V_data_1_sel_rd_reg/Q
                         net (fo=33, routed)          1.150     2.579    bd_0_i/hls_inst/inst/regslice_both_output_r_V_data_V_U/B_V_data_1_sel_rd_reg_n_0
    SLICE_X32Y69         LUT3 (Prop_lut3_I2_O)        0.150     2.729 r  bd_0_i/hls_inst/inst/regslice_both_output_r_V_data_V_U/output_r_TDATA[27]_INST_0/O
                         net (fo=0)                   0.973     3.702    output_r_tdata[27]
                                                                      r  output_r_tdata[27] (OUT)
  -------------------------------------------------------------------    -------------------

Slack:                    inf
  Source:                 bd_0_i/hls_inst/inst/regslice_both_output_r_V_data_V_U/B_V_data_1_sel_rd_reg/C
                            (rising edge-triggered cell FDRE clocked by ap_clk  {rise@0.000ns fall@5.000ns period=10.000ns})
  Destination:            output_r_tdata[16]
                            (output port)
  Path Group:             (none)
  Path Type:              Max at Slow Process Corner
  Data Path Delay:        2.717ns  (logic 0.580ns (21.345%)  route 2.137ns (78.655%))
  Logic Levels:           1  (LUT3=1)
  Clock Uncertainty:      0.025ns  ((TSJ^2 + TIJ^2)^1/2 + DJ) / 2 + PE
    Total System Jitter     (TSJ):    0.050ns
    Total Input Jitter      (TIJ):    0.000ns
    Discrete Jitter          (DJ):    0.000ns
    Phase Error              (PE):    0.000ns

    Location             Delay type                Incr(ns)  Path(ns)    Netlist Resource(s)
  -------------------------------------------------------------------    -------------------
                         (clock ap_clk rise edge)     0.000     0.000 r  
                                                      0.000     0.000 r  ap_clk (IN)
                         net (fo=368, unset)          0.973     0.973    bd_0_i/hls_inst/inst/regslice_both_output_r_V_data_V_U/ap_clk
    SLICE_X28Y66         FDRE                                         r  bd_0_i/hls_inst/inst/regslice_both_output_r_V_data_V_U/B_V_data_1_sel_rd_reg/C
  -------------------------------------------------------------------    -------------------
    SLICE_X28Y66         FDRE (Prop_fdre_C_Q)         0.456     1.429 r  bd_0_i/hls_inst/inst/regslice_both_output_r_V_data_V_U/B_V_data_1_sel_rd_reg/Q
                         net (fo=33, routed)          1.164     2.593    bd_0_i/hls_inst/inst/regslice_both_output_r_V_data_V_U/B_V_data_1_sel_rd_reg_n_0
    SLICE_X30Y68         LUT3 (Prop_lut3_I2_O)        0.124     2.717 r  bd_0_i/hls_inst/inst/regslice_both_output_r_V_data_V_U/output_r_TDATA[16]_INST_0/O
                         net (fo=0)                   0.973     3.690    output_r_tdata[16]
                                                                      r  output_r_tdata[16] (OUT)
  -------------------------------------------------------------------    -------------------

Slack:                    inf
  Source:                 bd_0_i/hls_inst/inst/regslice_both_output_r_V_data_V_U/B_V_data_1_payload_A_reg[23]/C
                            (rising edge-triggered cell FDRE clocked by ap_clk  {rise@0.000ns fall@5.000ns period=10.000ns})
  Destination:            output_r_tdata[23]
                            (output port)
  Path Group:             (none)
  Path Type:              Max at Slow Process Corner
  Data Path Delay:        2.714ns  (logic 0.746ns (27.486%)  route 1.968ns (72.514%))
  Logic Levels:           1  (LUT3=1)
  Clock Uncertainty:      0.025ns  ((TSJ^2 + TIJ^2)^1/2 + DJ) / 2 + PE
    Total System Jitter     (TSJ):    0.050ns
    Total Input Jitter      (TIJ):    0.000ns
    Discrete Jitter          (DJ):    0.000ns
    Phase Error              (PE):    0.000ns

    Location             Delay type                Incr(ns)  Path(ns)    Netlist Resource(s)
  -------------------------------------------------------------------    -------------------
                         (clock ap_clk rise edge)     0.000     0.000 r  
                                                      0.000     0.000 r  ap_clk (IN)
                         net (fo=368, unset)          0.973     0.973    bd_0_i/hls_inst/inst/regslice_both_output_r_V_data_V_U/ap_clk
    SLICE_X31Y68         FDRE                                         r  bd_0_i/hls_inst/inst/regslice_both_output_r_V_data_V_U/B_V_data_1_payload_A_reg[23]/C
  -------------------------------------------------------------------    -------------------
    SLICE_X31Y68         FDRE (Prop_fdre_C_Q)         0.419     1.392 r  bd_0_i/hls_inst/inst/regslice_both_output_r_V_data_V_U/B_V_data_1_payload_A_reg[23]/Q
                         net (fo=1, routed)           0.995     2.387    bd_0_i/hls_inst/inst/regslice_both_output_r_V_data_V_U/B_V_data_1_payload_A_reg_n_0_[23]
    SLICE_X31Y69         LUT3 (Prop_lut3_I1_O)        0.327     2.714 r  bd_0_i/hls_inst/inst/regslice_both_output_r_V_data_V_U/output_r_TDATA[23]_INST_0/O
                         net (fo=0)                   0.973     3.687    output_r_tdata[23]
                                                                      r  output_r_tdata[23] (OUT)
  -------------------------------------------------------------------    -------------------





Min Delay Paths
--------------------------------------------------------------------------------------
Slack:                    inf
  Source:                 bd_0_i/hls_inst/inst/regslice_both_input_r_V_data_V_U/B_V_data_1_state_reg[1]/C
                            (rising edge-triggered cell FDRE clocked by ap_clk  {rise@0.000ns fall@5.000ns period=10.000ns})
  Destination:            input_r_tready
                            (output port)
  Path Group:             (none)
  Path Type:              Min at Fast Process Corner
  Data Path Delay:        0.538ns  (logic 0.128ns (23.786%)  route 0.410ns (76.214%))
  Logic Levels:           0  
  Clock Uncertainty:      0.025ns  ((TSJ^2 + TIJ^2)^1/2 + DJ) / 2 + PE
    Total System Jitter     (TSJ):    0.050ns
    Total Input Jitter      (TIJ):    0.000ns
    Discrete Jitter          (DJ):    0.000ns
    Phase Error              (PE):    0.000ns

    Location             Delay type                Incr(ns)  Path(ns)    Netlist Resource(s)
  -------------------------------------------------------------------    -------------------
                         (clock ap_clk rise edge)     0.000     0.000 r  
                                                      0.000     0.000 r  ap_clk (IN)
                         net (fo=368, unset)          0.410     0.410    bd_0_i/hls_inst/inst/regslice_both_input_r_V_data_V_U/ap_clk
    SLICE_X28Y63         FDRE                                         r  bd_0_i/hls_inst/inst/regslice_both_input_r_V_data_V_U/B_V_data_1_state_reg[1]/C
  -------------------------------------------------------------------    -------------------
    SLICE_X28Y63         FDRE (Prop_fdre_C_Q)         0.128     0.538 r  bd_0_i/hls_inst/inst/regslice_both_input_r_V_data_V_U/B_V_data_1_state_reg[1]/Q
                         net (fo=5, unset)            0.410     0.948    input_r_tready
                                                                      r  input_r_tready (OUT)
  -------------------------------------------------------------------    -------------------

Slack:                    inf
  Source:                 bd_0_i/hls_inst/inst/regslice_both_output_r_V_data_V_U/B_V_data_1_state_reg[0]/C
                            (rising edge-triggered cell FDRE clocked by ap_clk  {rise@0.000ns fall@5.000ns period=10.000ns})
  Destination:            output_r_tvalid
                            (output port)
  Path Group:             (none)
  Path Type:              Min at Fast Process Corner
  Data Path Delay:        0.551ns  (logic 0.141ns (25.583%)  route 0.410ns (74.417%))
  Logic Levels:           0  
  Clock Uncertainty:      0.025ns  ((TSJ^2 + TIJ^2)^1/2 + DJ) / 2 + PE
    Total System Jitter     (TSJ):    0.050ns
    Total Input Jitter      (TIJ):    0.000ns
    Discrete Jitter          (DJ):    0.000ns
    Phase Error              (PE):    0.000ns

    Location             Delay type                Incr(ns)  Path(ns)    Netlist Resource(s)
  -------------------------------------------------------------------    -------------------
                         (clock ap_clk rise edge)     0.000     0.000 r  
                                                      0.000     0.000 r  ap_clk (IN)
                         net (fo=368, unset)          0.410     0.410    bd_0_i/hls_inst/inst/regslice_both_output_r_V_data_V_U/ap_clk
    SLICE_X27Y66         FDRE                                         r  bd_0_i/hls_inst/inst/regslice_both_output_r_V_data_V_U/B_V_data_1_state_reg[0]/C
  -------------------------------------------------------------------    -------------------
    SLICE_X27Y66         FDRE (Prop_fdre_C_Q)         0.141     0.551 r  bd_0_i/hls_inst/inst/regslice_both_output_r_V_data_V_U/B_V_data_1_state_reg[0]/Q
                         net (fo=7, unset)            0.410     0.961    output_r_tvalid
                                                                      r  output_r_tvalid (OUT)
  -------------------------------------------------------------------    -------------------

Slack:                    inf
  Source:                 bd_0_i/hls_inst/inst/regslice_both_output_r_V_data_V_U/B_V_data_1_payload_A_reg[10]/C
                            (rising edge-triggered cell FDRE clocked by ap_clk  {rise@0.000ns fall@5.000ns period=10.000ns})
  Destination:            output_r_tdata[10]
                            (output port)
  Path Group:             (none)
  Path Type:              Min at Fast Process Corner
  Data Path Delay:        0.683ns  (logic 0.186ns (27.223%)  route 0.497ns (72.777%))
  Logic Levels:           1  (LUT3=1)
  Clock Uncertainty:      0.025ns  ((TSJ^2 + TIJ^2)^1/2 + DJ) / 2 + PE
    Total System Jitter     (TSJ):    0.050ns
    Total Input Jitter      (TIJ):    0.000ns
    Discrete Jitter          (DJ):    0.000ns
    Phase Error              (PE):    0.000ns

    Location             Delay type                Incr(ns)  Path(ns)    Netlist Resource(s)
  -------------------------------------------------------------------    -------------------
                         (clock ap_clk rise edge)     0.000     0.000 r  
                                                      0.000     0.000 r  ap_clk (IN)
                         net (fo=368, unset)          0.410     0.410    bd_0_i/hls_inst/inst/regslice_both_output_r_V_data_V_U/ap_clk
    SLICE_X31Y65         FDRE                                         r  bd_0_i/hls_inst/inst/regslice_both_output_r_V_data_V_U/B_V_data_1_payload_A_reg[10]/C
  -------------------------------------------------------------------    -------------------
    SLICE_X31Y65         FDRE (Prop_fdre_C_Q)         0.141     0.551 r  bd_0_i/hls_inst/inst/regslice_both_output_r_V_data_V_U/B_V_data_1_payload_A_reg[10]/Q
                         net (fo=1, routed)           0.087     0.638    bd_0_i/hls_inst/inst/regslice_both_output_r_V_data_V_U/B_V_data_1_payload_A_reg_n_0_[10]
    SLICE_X30Y65         LUT3 (Prop_lut3_I1_O)        0.045     0.683 r  bd_0_i/hls_inst/inst/regslice_both_output_r_V_data_V_U/output_r_TDATA[10]_INST_0/O
                         net (fo=0)                   0.410     1.093    output_r_tdata[10]
                                                                      r  output_r_tdata[10] (OUT)
  -------------------------------------------------------------------    -------------------

Slack:                    inf
  Source:                 bd_0_i/hls_inst/inst/regslice_both_output_r_V_data_V_U/B_V_data_1_payload_A_reg[16]/C
                            (rising edge-triggered cell FDRE clocked by ap_clk  {rise@0.000ns fall@5.000ns period=10.000ns})
  Destination:            output_r_tdata[16]
                            (output port)
  Path Group:             (none)
  Path Type:              Min at Fast Process Corner
  Data Path Delay:        0.683ns  (logic 0.186ns (27.223%)  route 0.497ns (72.777%))
  Logic Levels:           1  (LUT3=1)
  Clock Uncertainty:      0.025ns  ((TSJ^2 + TIJ^2)^1/2 + DJ) / 2 + PE
    Total System Jitter     (TSJ):    0.050ns
    Total Input Jitter      (TIJ):    0.000ns
    Discrete Jitter          (DJ):    0.000ns
    Phase Error              (PE):    0.000ns

    Location             Delay type                Incr(ns)  Path(ns)    Netlist Resource(s)
  -------------------------------------------------------------------    -------------------
                         (clock ap_clk rise edge)     0.000     0.000 r  
                                                      0.000     0.000 r  ap_clk (IN)
                         net (fo=368, unset)          0.410     0.410    bd_0_i/hls_inst/inst/regslice_both_output_r_V_data_V_U/ap_clk
    SLICE_X31Y68         FDRE                                         r  bd_0_i/hls_inst/inst/regslice_both_output_r_V_data_V_U/B_V_data_1_payload_A_reg[16]/C
  -------------------------------------------------------------------    -------------------
    SLICE_X31Y68         FDRE (Prop_fdre_C_Q)         0.141     0.551 r  bd_0_i/hls_inst/inst/regslice_both_output_r_V_data_V_U/B_V_data_1_payload_A_reg[16]/Q
                         net (fo=1, routed)           0.087     0.638    bd_0_i/hls_inst/inst/regslice_both_output_r_V_data_V_U/B_V_data_1_payload_A_reg_n_0_[16]
    SLICE_X30Y68         LUT3 (Prop_lut3_I1_O)        0.045     0.683 r  bd_0_i/hls_inst/inst/regslice_both_output_r_V_data_V_U/output_r_TDATA[16]_INST_0/O
                         net (fo=0)                   0.410     1.093    output_r_tdata[16]
                                                                      r  output_r_tdata[16] (OUT)
  -------------------------------------------------------------------    -------------------

Slack:                    inf
  Source:                 bd_0_i/hls_inst/inst/regslice_both_output_r_V_data_V_U/B_V_data_1_payload_A_reg[24]/C
                            (rising edge-triggered cell FDRE clocked by ap_clk  {rise@0.000ns fall@5.000ns period=10.000ns})
  Destination:            output_r_tdata[24]
                            (output port)
  Path Group:             (none)
  Path Type:              Min at Fast Process Corner
  Data Path Delay:        0.683ns  (logic 0.186ns (27.223%)  route 0.497ns (72.777%))
  Logic Levels:           1  (LUT3=1)
  Clock Uncertainty:      0.025ns  ((TSJ^2 + TIJ^2)^1/2 + DJ) / 2 + PE
    Total System Jitter     (TSJ):    0.050ns
    Total Input Jitter      (TIJ):    0.000ns
    Discrete Jitter          (DJ):    0.000ns
    Phase Error              (PE):    0.000ns

    Location             Delay type                Incr(ns)  Path(ns)    Netlist Resource(s)
  -------------------------------------------------------------------    -------------------
                         (clock ap_clk rise edge)     0.000     0.000 r  
                                                      0.000     0.000 r  ap_clk (IN)
                         net (fo=368, unset)          0.410     0.410    bd_0_i/hls_inst/inst/regslice_both_output_r_V_data_V_U/ap_clk
    SLICE_X33Y69         FDRE                                         r  bd_0_i/hls_inst/inst/regslice_both_output_r_V_data_V_U/B_V_data_1_payload_A_reg[24]/C
  -------------------------------------------------------------------    -------------------
    SLICE_X33Y69         FDRE (Prop_fdre_C_Q)         0.141     0.551 r  bd_0_i/hls_inst/inst/regslice_both_output_r_V_data_V_U/B_V_data_1_payload_A_reg[24]/Q
                         net (fo=1, routed)           0.087     0.638    bd_0_i/hls_inst/inst/regslice_both_output_r_V_data_V_U/B_V_data_1_payload_A_reg_n_0_[24]
    SLICE_X32Y69         LUT3 (Prop_lut3_I1_O)        0.045     0.683 r  bd_0_i/hls_inst/inst/regslice_both_output_r_V_data_V_U/output_r_TDATA[24]_INST_0/O
                         net (fo=0)                   0.410     1.093    output_r_tdata[24]
                                                                      r  output_r_tdata[24] (OUT)
  -------------------------------------------------------------------    -------------------

Slack:                    inf
  Source:                 bd_0_i/hls_inst/inst/regslice_both_output_r_V_data_V_U/B_V_data_1_payload_A_reg[28]/C
                            (rising edge-triggered cell FDRE clocked by ap_clk  {rise@0.000ns fall@5.000ns period=10.000ns})
  Destination:            output_r_tdata[28]
                            (output port)
  Path Group:             (none)
  Path Type:              Min at Fast Process Corner
  Data Path Delay:        0.734ns  (logic 0.186ns (25.330%)  route 0.548ns (74.670%))
  Logic Levels:           1  (LUT3=1)
  Clock Uncertainty:      0.025ns  ((TSJ^2 + TIJ^2)^1/2 + DJ) / 2 + PE
    Total System Jitter     (TSJ):    0.050ns
    Total Input Jitter      (TIJ):    0.000ns
    Discrete Jitter          (DJ):    0.000ns
    Phase Error              (PE):    0.000ns

    Location             Delay type                Incr(ns)  Path(ns)    Netlist Resource(s)
  -------------------------------------------------------------------    -------------------
                         (clock ap_clk rise edge)     0.000     0.000 r  
                                                      0.000     0.000 r  ap_clk (IN)
                         net (fo=368, unset)          0.410     0.410    bd_0_i/hls_inst/inst/regslice_both_output_r_V_data_V_U/ap_clk
    SLICE_X33Y70         FDRE                                         r  bd_0_i/hls_inst/inst/regslice_both_output_r_V_data_V_U/B_V_data_1_payload_A_reg[28]/C
  -------------------------------------------------------------------    -------------------
    SLICE_X33Y70         FDRE (Prop_fdre_C_Q)         0.141     0.551 r  bd_0_i/hls_inst/inst/regslice_both_output_r_V_data_V_U/B_V_data_1_payload_A_reg[28]/Q
                         net (fo=1, routed)           0.138     0.689    bd_0_i/hls_inst/inst/regslice_both_output_r_V_data_V_U/B_V_data_1_payload_A_reg_n_0_[28]
    SLICE_X33Y71         LUT3 (Prop_lut3_I1_O)        0.045     0.734 r  bd_0_i/hls_inst/inst/regslice_both_output_r_V_data_V_U/output_r_TDATA[28]_INST_0/O
                         net (fo=0)                   0.410     1.144    output_r_tdata[28]
                                                                      r  output_r_tdata[28] (OUT)
  -------------------------------------------------------------------    -------------------

Slack:                    inf
  Source:                 bd_0_i/hls_inst/inst/regslice_both_output_r_V_data_V_U/B_V_data_1_payload_A_reg[11]/C
                            (rising edge-triggered cell FDRE clocked by ap_clk  {rise@0.000ns fall@5.000ns period=10.000ns})
  Destination:            output_r_tdata[11]
                            (output port)
  Path Group:             (none)
  Path Type:              Min at Fast Process Corner
  Data Path Delay:        0.737ns  (logic 0.187ns (25.365%)  route 0.550ns (74.635%))
  Logic Levels:           1  (LUT3=1)
  Clock Uncertainty:      0.025ns  ((TSJ^2 + TIJ^2)^1/2 + DJ) / 2 + PE
    Total System Jitter     (TSJ):    0.050ns
    Total Input Jitter      (TIJ):    0.000ns
    Discrete Jitter          (DJ):    0.000ns
    Phase Error              (PE):    0.000ns

    Location             Delay type                Incr(ns)  Path(ns)    Netlist Resource(s)
  -------------------------------------------------------------------    -------------------
                         (clock ap_clk rise edge)     0.000     0.000 r  
                                                      0.000     0.000 r  ap_clk (IN)
                         net (fo=368, unset)          0.410     0.410    bd_0_i/hls_inst/inst/regslice_both_output_r_V_data_V_U/ap_clk
    SLICE_X31Y65         FDRE                                         r  bd_0_i/hls_inst/inst/regslice_both_output_r_V_data_V_U/B_V_data_1_payload_A_reg[11]/C
  -------------------------------------------------------------------    -------------------
    SLICE_X31Y65         FDRE (Prop_fdre_C_Q)         0.141     0.551 r  bd_0_i/hls_inst/inst/regslice_both_output_r_V_data_V_U/B_V_data_1_payload_A_reg[11]/Q
                         net (fo=1, routed)           0.140     0.691    bd_0_i/hls_inst/inst/regslice_both_output_r_V_data_V_U/B_V_data_1_payload_A_reg_n_0_[11]
    SLICE_X30Y65         LUT3 (Prop_lut3_I1_O)        0.046     0.737 r  bd_0_i/hls_inst/inst/regslice_both_output_r_V_data_V_U/output_r_TDATA[11]_INST_0/O
                         net (fo=0)                   0.410     1.147    output_r_tdata[11]
                                                                      r  output_r_tdata[11] (OUT)
  -------------------------------------------------------------------    -------------------

Slack:                    inf
  Source:                 bd_0_i/hls_inst/inst/regslice_both_output_r_V_data_V_U/B_V_data_1_payload_A_reg[17]/C
                            (rising edge-triggered cell FDRE clocked by ap_clk  {rise@0.000ns fall@5.000ns period=10.000ns})
  Destination:            output_r_tdata[17]
                            (output port)
  Path Group:             (none)
  Path Type:              Min at Fast Process Corner
  Data Path Delay:        0.737ns  (logic 0.187ns (25.365%)  route 0.550ns (74.635%))
  Logic Levels:           1  (LUT3=1)
  Clock Uncertainty:      0.025ns  ((TSJ^2 + TIJ^2)^1/2 + DJ) / 2 + PE
    Total System Jitter     (TSJ):    0.050ns
    Total Input Jitter      (TIJ):    0.000ns
    Discrete Jitter          (DJ):    0.000ns
    Phase Error              (PE):    0.000ns

    Location             Delay type                Incr(ns)  Path(ns)    Netlist Resource(s)
  -------------------------------------------------------------------    -------------------
                         (clock ap_clk rise edge)     0.000     0.000 r  
                                                      0.000     0.000 r  ap_clk (IN)
                         net (fo=368, unset)          0.410     0.410    bd_0_i/hls_inst/inst/regslice_both_output_r_V_data_V_U/ap_clk
    SLICE_X31Y68         FDRE                                         r  bd_0_i/hls_inst/inst/regslice_both_output_r_V_data_V_U/B_V_data_1_payload_A_reg[17]/C
  -------------------------------------------------------------------    -------------------
    SLICE_X31Y68         FDRE (Prop_fdre_C_Q)         0.141     0.551 r  bd_0_i/hls_inst/inst/regslice_both_output_r_V_data_V_U/B_V_data_1_payload_A_reg[17]/Q
                         net (fo=1, routed)           0.140     0.691    bd_0_i/hls_inst/inst/regslice_both_output_r_V_data_V_U/B_V_data_1_payload_A_reg_n_0_[17]
    SLICE_X30Y68         LUT3 (Prop_lut3_I1_O)        0.046     0.737 r  bd_0_i/hls_inst/inst/regslice_both_output_r_V_data_V_U/output_r_TDATA[17]_INST_0/O
                         net (fo=0)                   0.410     1.147    output_r_tdata[17]
                                                                      r  output_r_tdata[17] (OUT)
  -------------------------------------------------------------------    -------------------

Slack:                    inf
  Source:                 bd_0_i/hls_inst/inst/regslice_both_output_r_V_data_V_U/B_V_data_1_payload_A_reg[25]/C
                            (rising edge-triggered cell FDRE clocked by ap_clk  {rise@0.000ns fall@5.000ns period=10.000ns})
  Destination:            output_r_tdata[25]
                            (output port)
  Path Group:             (none)
  Path Type:              Min at Fast Process Corner
  Data Path Delay:        0.737ns  (logic 0.187ns (25.365%)  route 0.550ns (74.635%))
  Logic Levels:           1  (LUT3=1)
  Clock Uncertainty:      0.025ns  ((TSJ^2 + TIJ^2)^1/2 + DJ) / 2 + PE
    Total System Jitter     (TSJ):    0.050ns
    Total Input Jitter      (TIJ):    0.000ns
    Discrete Jitter          (DJ):    0.000ns
    Phase Error              (PE):    0.000ns

    Location             Delay type                Incr(ns)  Path(ns)    Netlist Resource(s)
  -------------------------------------------------------------------    -------------------
                         (clock ap_clk rise edge)     0.000     0.000 r  
                                                      0.000     0.000 r  ap_clk (IN)
                         net (fo=368, unset)          0.410     0.410    bd_0_i/hls_inst/inst/regslice_both_output_r_V_data_V_U/ap_clk
    SLICE_X33Y69         FDRE                                         r  bd_0_i/hls_inst/inst/regslice_both_output_r_V_data_V_U/B_V_data_1_payload_A_reg[25]/C
  -------------------------------------------------------------------    -------------------
    SLICE_X33Y69         FDRE (Prop_fdre_C_Q)         0.141     0.551 r  bd_0_i/hls_inst/inst/regslice_both_output_r_V_data_V_U/B_V_data_1_payload_A_reg[25]/Q
                         net (fo=1, routed)           0.140     0.691    bd_0_i/hls_inst/inst/regslice_both_output_r_V_data_V_U/B_V_data_1_payload_A_reg_n_0_[25]
    SLICE_X32Y69         LUT3 (Prop_lut3_I1_O)        0.046     0.737 r  bd_0_i/hls_inst/inst/regslice_both_output_r_V_data_V_U/output_r_TDATA[25]_INST_0/O
                         net (fo=0)                   0.410     1.147    output_r_tdata[25]
                                                                      r  output_r_tdata[25] (OUT)
  -------------------------------------------------------------------    -------------------

Slack:                    inf
  Source:                 bd_0_i/hls_inst/inst/regslice_both_output_r_V_data_V_U/B_V_data_1_payload_B_reg[31]/C
                            (rising edge-triggered cell FDRE clocked by ap_clk  {rise@0.000ns fall@5.000ns period=10.000ns})
  Destination:            output_r_tdata[31]
                            (output port)
  Path Group:             (none)
  Path Type:              Min at Fast Process Corner
  Data Path Delay:        0.739ns  (logic 0.190ns (25.700%)  route 0.549ns (74.300%))
  Logic Levels:           1  (LUT3=1)
  Clock Uncertainty:      0.025ns  ((TSJ^2 + TIJ^2)^1/2 + DJ) / 2 + PE
    Total System Jitter     (TSJ):    0.050ns
    Total Input Jitter      (TIJ):    0.000ns
    Discrete Jitter          (DJ):    0.000ns
    Phase Error              (PE):    0.000ns

    Location             Delay type                Incr(ns)  Path(ns)    Netlist Resource(s)
  -------------------------------------------------------------------    -------------------
                         (clock ap_clk rise edge)     0.000     0.000 r  
                                                      0.000     0.000 r  ap_clk (IN)
                         net (fo=368, unset)          0.410     0.410    bd_0_i/hls_inst/inst/regslice_both_output_r_V_data_V_U/ap_clk
    SLICE_X33Y71         FDRE                                         r  bd_0_i/hls_inst/inst/regslice_both_output_r_V_data_V_U/B_V_data_1_payload_B_reg[31]/C
  -------------------------------------------------------------------    -------------------
    SLICE_X33Y71         FDRE (Prop_fdre_C_Q)         0.141     0.551 r  bd_0_i/hls_inst/inst/regslice_both_output_r_V_data_V_U/B_V_data_1_payload_B_reg[31]/Q
                         net (fo=1, routed)           0.139     0.690    bd_0_i/hls_inst/inst/regslice_both_output_r_V_data_V_U/B_V_data_1_payload_B_reg_n_0_[31]
    SLICE_X33Y71         LUT3 (Prop_lut3_I0_O)        0.049     0.739 r  bd_0_i/hls_inst/inst/regslice_both_output_r_V_data_V_U/output_r_TDATA[31]_INST_0/O
                         net (fo=0)                   0.410     1.149    output_r_tdata[31]
                                                                      r  output_r_tdata[31] (OUT)
  -------------------------------------------------------------------    -------------------





--------------------------------------------------------------------------------------
Path Group:  (none)
From Clock:  
  To Clock:  ap_clk

Max Delay           118 Endpoints
Min Delay           118 Endpoints
--------------------------------------------------------------------------------------


Max Delay Paths
--------------------------------------------------------------------------------------
Slack:                    inf
  Source:                 output_r_tready
                            (input port)
  Destination:            bd_0_i/hls_inst/inst/sum_V_reg[16]/R
                            (rising edge-triggered cell FDRE clocked by ap_clk  {rise@0.000ns fall@5.000ns period=10.000ns})
  Path Group:             (none)
  Path Type:              Setup (Max at Slow Process Corner)
  Data Path Delay:        2.759ns  (logic 0.124ns (4.494%)  route 2.635ns (95.506%))
  Logic Levels:           1  (LUT5=1)
  Clock Path Skew:        0.924ns (DCD - SCD + CPR)
    Destination Clock Delay (DCD):    0.924ns
    Source Clock Delay      (SCD):    0.000ns
    Clock Pessimism Removal (CPR):    0.000ns
  Clock Uncertainty:      0.025ns  ((TSJ^2 + TIJ^2)^1/2 + DJ) / 2 + PE
    Total System Jitter     (TSJ):    0.050ns
    Total Input Jitter      (TIJ):    0.000ns
    Discrete Jitter          (DJ):    0.000ns
    Phase Error              (PE):    0.000ns

    Location             Delay type                Incr(ns)  Path(ns)    Netlist Resource(s)
  -------------------------------------------------------------------    -------------------
                                                      0.000     0.000 r  output_r_tready (IN)
                         net (fo=7, unset)            0.973     0.973    bd_0_i/hls_inst/inst/regslice_both_output_r_V_data_V_U/output_r_TREADY
    SLICE_X28Y65         LUT5 (Prop_lut5_I1_O)        0.124     1.097 r  bd_0_i/hls_inst/inst/regslice_both_output_r_V_data_V_U/sum_V[31]_i_1/O
                         net (fo=32, routed)          1.662     2.759    bd_0_i/hls_inst/inst/sum_V
    SLICE_X32Y67         FDRE                                         r  bd_0_i/hls_inst/inst/sum_V_reg[16]/R
  -------------------------------------------------------------------    -------------------

                         (clock ap_clk rise edge)     0.000     0.000 r  
                                                      0.000     0.000 r  ap_clk (IN)
                         net (fo=368, unset)          0.924     0.924    bd_0_i/hls_inst/inst/ap_clk
    SLICE_X32Y67         FDRE                                         r  bd_0_i/hls_inst/inst/sum_V_reg[16]/C

Slack:                    inf
  Source:                 output_r_tready
                            (input port)
  Destination:            bd_0_i/hls_inst/inst/sum_V_reg[17]/R
                            (rising edge-triggered cell FDRE clocked by ap_clk  {rise@0.000ns fall@5.000ns period=10.000ns})
  Path Group:             (none)
  Path Type:              Setup (Max at Slow Process Corner)
  Data Path Delay:        2.759ns  (logic 0.124ns (4.494%)  route 2.635ns (95.506%))
  Logic Levels:           1  (LUT5=1)
  Clock Path Skew:        0.924ns (DCD - SCD + CPR)
    Destination Clock Delay (DCD):    0.924ns
    Source Clock Delay      (SCD):    0.000ns
    Clock Pessimism Removal (CPR):    0.000ns
  Clock Uncertainty:      0.025ns  ((TSJ^2 + TIJ^2)^1/2 + DJ) / 2 + PE
    Total System Jitter     (TSJ):    0.050ns
    Total Input Jitter      (TIJ):    0.000ns
    Discrete Jitter          (DJ):    0.000ns
    Phase Error              (PE):    0.000ns

    Location             Delay type                Incr(ns)  Path(ns)    Netlist Resource(s)
  -------------------------------------------------------------------    -------------------
                                                      0.000     0.000 r  output_r_tready (IN)
                         net (fo=7, unset)            0.973     0.973    bd_0_i/hls_inst/inst/regslice_both_output_r_V_data_V_U/output_r_TREADY
    SLICE_X28Y65         LUT5 (Prop_lut5_I1_O)        0.124     1.097 r  bd_0_i/hls_inst/inst/regslice_both_output_r_V_data_V_U/sum_V[31]_i_1/O
                         net (fo=32, routed)          1.662     2.759    bd_0_i/hls_inst/inst/sum_V
    SLICE_X32Y67         FDRE                                         r  bd_0_i/hls_inst/inst/sum_V_reg[17]/R
  -------------------------------------------------------------------    -------------------

                         (clock ap_clk rise edge)     0.000     0.000 r  
                                                      0.000     0.000 r  ap_clk (IN)
                         net (fo=368, unset)          0.924     0.924    bd_0_i/hls_inst/inst/ap_clk
    SLICE_X32Y67         FDRE                                         r  bd_0_i/hls_inst/inst/sum_V_reg[17]/C

Slack:                    inf
  Source:                 output_r_tready
                            (input port)
  Destination:            bd_0_i/hls_inst/inst/sum_V_reg[18]/R
                            (rising edge-triggered cell FDRE clocked by ap_clk  {rise@0.000ns fall@5.000ns period=10.000ns})
  Path Group:             (none)
  Path Type:              Setup (Max at Slow Process Corner)
  Data Path Delay:        2.759ns  (logic 0.124ns (4.494%)  route 2.635ns (95.506%))
  Logic Levels:           1  (LUT5=1)
  Clock Path Skew:        0.924ns (DCD - SCD + CPR)
    Destination Clock Delay (DCD):    0.924ns
    Source Clock Delay      (SCD):    0.000ns
    Clock Pessimism Removal (CPR):    0.000ns
  Clock Uncertainty:      0.025ns  ((TSJ^2 + TIJ^2)^1/2 + DJ) / 2 + PE
    Total System Jitter     (TSJ):    0.050ns
    Total Input Jitter      (TIJ):    0.000ns
    Discrete Jitter          (DJ):    0.000ns
    Phase Error              (PE):    0.000ns

    Location             Delay type                Incr(ns)  Path(ns)    Netlist Resource(s)
  -------------------------------------------------------------------    -------------------
                                                      0.000     0.000 r  output_r_tready (IN)
                         net (fo=7, unset)            0.973     0.973    bd_0_i/hls_inst/inst/regslice_both_output_r_V_data_V_U/output_r_TREADY
    SLICE_X28Y65         LUT5 (Prop_lut5_I1_O)        0.124     1.097 r  bd_0_i/hls_inst/inst/regslice_both_output_r_V_data_V_U/sum_V[31]_i_1/O
                         net (fo=32, routed)          1.662     2.759    bd_0_i/hls_inst/inst/sum_V
    SLICE_X32Y67         FDRE                                         r  bd_0_i/hls_inst/inst/sum_V_reg[18]/R
  -------------------------------------------------------------------    -------------------

                         (clock ap_clk rise edge)     0.000     0.000 r  
                                                      0.000     0.000 r  ap_clk (IN)
                         net (fo=368, unset)          0.924     0.924    bd_0_i/hls_inst/inst/ap_clk
    SLICE_X32Y67         FDRE                                         r  bd_0_i/hls_inst/inst/sum_V_reg[18]/C

Slack:                    inf
  Source:                 output_r_tready
                            (input port)
  Destination:            bd_0_i/hls_inst/inst/sum_V_reg[19]/R
                            (rising edge-triggered cell FDRE clocked by ap_clk  {rise@0.000ns fall@5.000ns period=10.000ns})
  Path Group:             (none)
  Path Type:              Setup (Max at Slow Process Corner)
  Data Path Delay:        2.759ns  (logic 0.124ns (4.494%)  route 2.635ns (95.506%))
  Logic Levels:           1  (LUT5=1)
  Clock Path Skew:        0.924ns (DCD - SCD + CPR)
    Destination Clock Delay (DCD):    0.924ns
    Source Clock Delay      (SCD):    0.000ns
    Clock Pessimism Removal (CPR):    0.000ns
  Clock Uncertainty:      0.025ns  ((TSJ^2 + TIJ^2)^1/2 + DJ) / 2 + PE
    Total System Jitter     (TSJ):    0.050ns
    Total Input Jitter      (TIJ):    0.000ns
    Discrete Jitter          (DJ):    0.000ns
    Phase Error              (PE):    0.000ns

    Location             Delay type                Incr(ns)  Path(ns)    Netlist Resource(s)
  -------------------------------------------------------------------    -------------------
                                                      0.000     0.000 r  output_r_tready (IN)
                         net (fo=7, unset)            0.973     0.973    bd_0_i/hls_inst/inst/regslice_both_output_r_V_data_V_U/output_r_TREADY
    SLICE_X28Y65         LUT5 (Prop_lut5_I1_O)        0.124     1.097 r  bd_0_i/hls_inst/inst/regslice_both_output_r_V_data_V_U/sum_V[31]_i_1/O
                         net (fo=32, routed)          1.662     2.759    bd_0_i/hls_inst/inst/sum_V
    SLICE_X32Y67         FDRE                                         r  bd_0_i/hls_inst/inst/sum_V_reg[19]/R
  -------------------------------------------------------------------    -------------------

                         (clock ap_clk rise edge)     0.000     0.000 r  
                                                      0.000     0.000 r  ap_clk (IN)
                         net (fo=368, unset)          0.924     0.924    bd_0_i/hls_inst/inst/ap_clk
    SLICE_X32Y67         FDRE                                         r  bd_0_i/hls_inst/inst/sum_V_reg[19]/C

Slack:                    inf
  Source:                 output_r_tready
                            (input port)
  Destination:            bd_0_i/hls_inst/inst/sum_V_reg[20]/R
                            (rising edge-triggered cell FDRE clocked by ap_clk  {rise@0.000ns fall@5.000ns period=10.000ns})
  Path Group:             (none)
  Path Type:              Setup (Max at Slow Process Corner)
  Data Path Delay:        2.759ns  (logic 0.124ns (4.494%)  route 2.635ns (95.506%))
  Logic Levels:           1  (LUT5=1)
  Clock Path Skew:        0.924ns (DCD - SCD + CPR)
    Destination Clock Delay (DCD):    0.924ns
    Source Clock Delay      (SCD):    0.000ns
    Clock Pessimism Removal (CPR):    0.000ns
  Clock Uncertainty:      0.025ns  ((TSJ^2 + TIJ^2)^1/2 + DJ) / 2 + PE
    Total System Jitter     (TSJ):    0.050ns
    Total Input Jitter      (TIJ):    0.000ns
    Discrete Jitter          (DJ):    0.000ns
    Phase Error              (PE):    0.000ns

    Location             Delay type                Incr(ns)  Path(ns)    Netlist Resource(s)
  -------------------------------------------------------------------    -------------------
                                                      0.000     0.000 r  output_r_tready (IN)
                         net (fo=7, unset)            0.973     0.973    bd_0_i/hls_inst/inst/regslice_both_output_r_V_data_V_U/output_r_TREADY
    SLICE_X28Y65         LUT5 (Prop_lut5_I1_O)        0.124     1.097 r  bd_0_i/hls_inst/inst/regslice_both_output_r_V_data_V_U/sum_V[31]_i_1/O
                         net (fo=32, routed)          1.662     2.759    bd_0_i/hls_inst/inst/sum_V
    SLICE_X32Y67         FDRE                                         r  bd_0_i/hls_inst/inst/sum_V_reg[20]/R
  -------------------------------------------------------------------    -------------------

                         (clock ap_clk rise edge)     0.000     0.000 r  
                                                      0.000     0.000 r  ap_clk (IN)
                         net (fo=368, unset)          0.924     0.924    bd_0_i/hls_inst/inst/ap_clk
    SLICE_X32Y67         FDRE                                         r  bd_0_i/hls_inst/inst/sum_V_reg[20]/C

Slack:                    inf
  Source:                 output_r_tready
                            (input port)
  Destination:            bd_0_i/hls_inst/inst/sum_V_reg[21]/R
                            (rising edge-triggered cell FDRE clocked by ap_clk  {rise@0.000ns fall@5.000ns period=10.000ns})
  Path Group:             (none)
  Path Type:              Setup (Max at Slow Process Corner)
  Data Path Delay:        2.759ns  (logic 0.124ns (4.494%)  route 2.635ns (95.506%))
  Logic Levels:           1  (LUT5=1)
  Clock Path Skew:        0.924ns (DCD - SCD + CPR)
    Destination Clock Delay (DCD):    0.924ns
    Source Clock Delay      (SCD):    0.000ns
    Clock Pessimism Removal (CPR):    0.000ns
  Clock Uncertainty:      0.025ns  ((TSJ^2 + TIJ^2)^1/2 + DJ) / 2 + PE
    Total System Jitter     (TSJ):    0.050ns
    Total Input Jitter      (TIJ):    0.000ns
    Discrete Jitter          (DJ):    0.000ns
    Phase Error              (PE):    0.000ns

    Location             Delay type                Incr(ns)  Path(ns)    Netlist Resource(s)
  -------------------------------------------------------------------    -------------------
                                                      0.000     0.000 r  output_r_tready (IN)
                         net (fo=7, unset)            0.973     0.973    bd_0_i/hls_inst/inst/regslice_both_output_r_V_data_V_U/output_r_TREADY
    SLICE_X28Y65         LUT5 (Prop_lut5_I1_O)        0.124     1.097 r  bd_0_i/hls_inst/inst/regslice_both_output_r_V_data_V_U/sum_V[31]_i_1/O
                         net (fo=32, routed)          1.662     2.759    bd_0_i/hls_inst/inst/sum_V
    SLICE_X32Y67         FDRE                                         r  bd_0_i/hls_inst/inst/sum_V_reg[21]/R
  -------------------------------------------------------------------    -------------------

                         (clock ap_clk rise edge)     0.000     0.000 r  
                                                      0.000     0.000 r  ap_clk (IN)
                         net (fo=368, unset)          0.924     0.924    bd_0_i/hls_inst/inst/ap_clk
    SLICE_X32Y67         FDRE                                         r  bd_0_i/hls_inst/inst/sum_V_reg[21]/C

Slack:                    inf
  Source:                 output_r_tready
                            (input port)
  Destination:            bd_0_i/hls_inst/inst/sum_V_reg[22]/R
                            (rising edge-triggered cell FDRE clocked by ap_clk  {rise@0.000ns fall@5.000ns period=10.000ns})
  Path Group:             (none)
  Path Type:              Setup (Max at Slow Process Corner)
  Data Path Delay:        2.759ns  (logic 0.124ns (4.494%)  route 2.635ns (95.506%))
  Logic Levels:           1  (LUT5=1)
  Clock Path Skew:        0.924ns (DCD - SCD + CPR)
    Destination Clock Delay (DCD):    0.924ns
    Source Clock Delay      (SCD):    0.000ns
    Clock Pessimism Removal (CPR):    0.000ns
  Clock Uncertainty:      0.025ns  ((TSJ^2 + TIJ^2)^1/2 + DJ) / 2 + PE
    Total System Jitter     (TSJ):    0.050ns
    Total Input Jitter      (TIJ):    0.000ns
    Discrete Jitter          (DJ):    0.000ns
    Phase Error              (PE):    0.000ns

    Location             Delay type                Incr(ns)  Path(ns)    Netlist Resource(s)
  -------------------------------------------------------------------    -------------------
                                                      0.000     0.000 r  output_r_tready (IN)
                         net (fo=7, unset)            0.973     0.973    bd_0_i/hls_inst/inst/regslice_both_output_r_V_data_V_U/output_r_TREADY
    SLICE_X28Y65         LUT5 (Prop_lut5_I1_O)        0.124     1.097 r  bd_0_i/hls_inst/inst/regslice_both_output_r_V_data_V_U/sum_V[31]_i_1/O
                         net (fo=32, routed)          1.662     2.759    bd_0_i/hls_inst/inst/sum_V
    SLICE_X32Y67         FDRE                                         r  bd_0_i/hls_inst/inst/sum_V_reg[22]/R
  -------------------------------------------------------------------    -------------------

                         (clock ap_clk rise edge)     0.000     0.000 r  
                                                      0.000     0.000 r  ap_clk (IN)
                         net (fo=368, unset)          0.924     0.924    bd_0_i/hls_inst/inst/ap_clk
    SLICE_X32Y67         FDRE                                         r  bd_0_i/hls_inst/inst/sum_V_reg[22]/C

Slack:                    inf
  Source:                 output_r_tready
                            (input port)
  Destination:            bd_0_i/hls_inst/inst/sum_V_reg[23]/R
                            (rising edge-triggered cell FDRE clocked by ap_clk  {rise@0.000ns fall@5.000ns period=10.000ns})
  Path Group:             (none)
  Path Type:              Setup (Max at Slow Process Corner)
  Data Path Delay:        2.759ns  (logic 0.124ns (4.494%)  route 2.635ns (95.506%))
  Logic Levels:           1  (LUT5=1)
  Clock Path Skew:        0.924ns (DCD - SCD + CPR)
    Destination Clock Delay (DCD):    0.924ns
    Source Clock Delay      (SCD):    0.000ns
    Clock Pessimism Removal (CPR):    0.000ns
  Clock Uncertainty:      0.025ns  ((TSJ^2 + TIJ^2)^1/2 + DJ) / 2 + PE
    Total System Jitter     (TSJ):    0.050ns
    Total Input Jitter      (TIJ):    0.000ns
    Discrete Jitter          (DJ):    0.000ns
    Phase Error              (PE):    0.000ns

    Location             Delay type                Incr(ns)  Path(ns)    Netlist Resource(s)
  -------------------------------------------------------------------    -------------------
                                                      0.000     0.000 r  output_r_tready (IN)
                         net (fo=7, unset)            0.973     0.973    bd_0_i/hls_inst/inst/regslice_both_output_r_V_data_V_U/output_r_TREADY
    SLICE_X28Y65         LUT5 (Prop_lut5_I1_O)        0.124     1.097 r  bd_0_i/hls_inst/inst/regslice_both_output_r_V_data_V_U/sum_V[31]_i_1/O
                         net (fo=32, routed)          1.662     2.759    bd_0_i/hls_inst/inst/sum_V
    SLICE_X32Y67         FDRE                                         r  bd_0_i/hls_inst/inst/sum_V_reg[23]/R
  -------------------------------------------------------------------    -------------------

                         (clock ap_clk rise edge)     0.000     0.000 r  
                                                      0.000     0.000 r  ap_clk (IN)
                         net (fo=368, unset)          0.924     0.924    bd_0_i/hls_inst/inst/ap_clk
    SLICE_X32Y67         FDRE                                         r  bd_0_i/hls_inst/inst/sum_V_reg[23]/C

Slack:                    inf
  Source:                 output_r_tready
                            (input port)
  Destination:            bd_0_i/hls_inst/inst/sum_V_reg[16]/CE
                            (rising edge-triggered cell FDRE clocked by ap_clk  {rise@0.000ns fall@5.000ns period=10.000ns})
  Path Group:             (none)
  Path Type:              Setup (Max at Slow Process Corner)
  Data Path Delay:        2.378ns  (logic 0.150ns (6.308%)  route 2.228ns (93.692%))
  Logic Levels:           1  (LUT5=1)
  Clock Path Skew:        0.924ns (DCD - SCD + CPR)
    Destination Clock Delay (DCD):    0.924ns
    Source Clock Delay      (SCD):    0.000ns
    Clock Pessimism Removal (CPR):    0.000ns
  Clock Uncertainty:      0.025ns  ((TSJ^2 + TIJ^2)^1/2 + DJ) / 2 + PE
    Total System Jitter     (TSJ):    0.050ns
    Total Input Jitter      (TIJ):    0.000ns
    Discrete Jitter          (DJ):    0.000ns
    Phase Error              (PE):    0.000ns

    Location             Delay type                Incr(ns)  Path(ns)    Netlist Resource(s)
  -------------------------------------------------------------------    -------------------
                                                      0.000     0.000 r  output_r_tready (IN)
                         net (fo=7, unset)            0.973     0.973    bd_0_i/hls_inst/inst/regslice_both_output_r_V_data_V_U/output_r_TREADY
    SLICE_X28Y65         LUT5 (Prop_lut5_I3_O)        0.150     1.123 r  bd_0_i/hls_inst/inst/regslice_both_output_r_V_data_V_U/sum_V[31]_i_2/O
                         net (fo=37, routed)          1.255     2.378    bd_0_i/hls_inst/inst/ap_NS_fsm1
    SLICE_X32Y67         FDRE                                         r  bd_0_i/hls_inst/inst/sum_V_reg[16]/CE
  -------------------------------------------------------------------    -------------------

                         (clock ap_clk rise edge)     0.000     0.000 r  
                                                      0.000     0.000 r  ap_clk (IN)
                         net (fo=368, unset)          0.924     0.924    bd_0_i/hls_inst/inst/ap_clk
    SLICE_X32Y67         FDRE                                         r  bd_0_i/hls_inst/inst/sum_V_reg[16]/C

Slack:                    inf
  Source:                 output_r_tready
                            (input port)
  Destination:            bd_0_i/hls_inst/inst/sum_V_reg[17]/CE
                            (rising edge-triggered cell FDRE clocked by ap_clk  {rise@0.000ns fall@5.000ns period=10.000ns})
  Path Group:             (none)
  Path Type:              Setup (Max at Slow Process Corner)
  Data Path Delay:        2.378ns  (logic 0.150ns (6.308%)  route 2.228ns (93.692%))
  Logic Levels:           1  (LUT5=1)
  Clock Path Skew:        0.924ns (DCD - SCD + CPR)
    Destination Clock Delay (DCD):    0.924ns
    Source Clock Delay      (SCD):    0.000ns
    Clock Pessimism Removal (CPR):    0.000ns
  Clock Uncertainty:      0.025ns  ((TSJ^2 + TIJ^2)^1/2 + DJ) / 2 + PE
    Total System Jitter     (TSJ):    0.050ns
    Total Input Jitter      (TIJ):    0.000ns
    Discrete Jitter          (DJ):    0.000ns
    Phase Error              (PE):    0.000ns

    Location             Delay type                Incr(ns)  Path(ns)    Netlist Resource(s)
  -------------------------------------------------------------------    -------------------
                                                      0.000     0.000 r  output_r_tready (IN)
                         net (fo=7, unset)            0.973     0.973    bd_0_i/hls_inst/inst/regslice_both_output_r_V_data_V_U/output_r_TREADY
    SLICE_X28Y65         LUT5 (Prop_lut5_I3_O)        0.150     1.123 r  bd_0_i/hls_inst/inst/regslice_both_output_r_V_data_V_U/sum_V[31]_i_2/O
                         net (fo=37, routed)          1.255     2.378    bd_0_i/hls_inst/inst/ap_NS_fsm1
    SLICE_X32Y67         FDRE                                         r  bd_0_i/hls_inst/inst/sum_V_reg[17]/CE
  -------------------------------------------------------------------    -------------------

                         (clock ap_clk rise edge)     0.000     0.000 r  
                                                      0.000     0.000 r  ap_clk (IN)
                         net (fo=368, unset)          0.924     0.924    bd_0_i/hls_inst/inst/ap_clk
    SLICE_X32Y67         FDRE                                         r  bd_0_i/hls_inst/inst/sum_V_reg[17]/C





Min Delay Paths
--------------------------------------------------------------------------------------
Slack:                    inf
  Source:                 input_r_tdata[0]
                            (input port)
  Destination:            bd_0_i/hls_inst/inst/regslice_both_input_r_V_data_V_U/B_V_data_1_payload_A_reg[0]/D
                            (rising edge-triggered cell FDRE clocked by ap_clk  {rise@0.000ns fall@5.000ns period=10.000ns})
  Path Group:             (none)
  Path Type:              Hold (Min at Fast Process Corner)
  Data Path Delay:        0.410ns  (logic 0.000ns (0.000%)  route 0.410ns (100.000%))
  Logic Levels:           0  
  Clock Path Skew:        0.432ns (DCD - SCD - CPR)
    Destination Clock Delay (DCD):    0.432ns
    Source Clock Delay      (SCD):    0.000ns
    Clock Pessimism Removal (CPR):    -0.000ns

    Location             Delay type                Incr(ns)  Path(ns)    Netlist Resource(s)
  -------------------------------------------------------------------    -------------------
                                                      0.000     0.000 r  input_r_tdata[0] (IN)
                         net (fo=1, unset)            0.410     0.410    bd_0_i/hls_inst/inst/regslice_both_input_r_V_data_V_U/input_r_TDATA[0]
    SLICE_X28Y62         FDRE                                         r  bd_0_i/hls_inst/inst/regslice_both_input_r_V_data_V_U/B_V_data_1_payload_A_reg[0]/D
  -------------------------------------------------------------------    -------------------

                         (clock ap_clk rise edge)     0.000     0.000 r  
                                                      0.000     0.000 r  ap_clk (IN)
                         net (fo=368, unset)          0.432     0.432    bd_0_i/hls_inst/inst/regslice_both_input_r_V_data_V_U/ap_clk
    SLICE_X28Y62         FDRE                                         r  bd_0_i/hls_inst/inst/regslice_both_input_r_V_data_V_U/B_V_data_1_payload_A_reg[0]/C

Slack:                    inf
  Source:                 input_r_tdata[1]
                            (input port)
  Destination:            bd_0_i/hls_inst/inst/regslice_both_input_r_V_data_V_U/B_V_data_1_payload_A_reg[1]/D
                            (rising edge-triggered cell FDRE clocked by ap_clk  {rise@0.000ns fall@5.000ns period=10.000ns})
  Path Group:             (none)
  Path Type:              Hold (Min at Fast Process Corner)
  Data Path Delay:        0.410ns  (logic 0.000ns (0.000%)  route 0.410ns (100.000%))
  Logic Levels:           0  
  Clock Path Skew:        0.432ns (DCD - SCD - CPR)
    Destination Clock Delay (DCD):    0.432ns
    Source Clock Delay      (SCD):    0.000ns
    Clock Pessimism Removal (CPR):    -0.000ns

    Location             Delay type                Incr(ns)  Path(ns)    Netlist Resource(s)
  -------------------------------------------------------------------    -------------------
                                                      0.000     0.000 r  input_r_tdata[1] (IN)
                         net (fo=1, unset)            0.410     0.410    bd_0_i/hls_inst/inst/regslice_both_input_r_V_data_V_U/input_r_TDATA[1]
    SLICE_X28Y61         FDRE                                         r  bd_0_i/hls_inst/inst/regslice_both_input_r_V_data_V_U/B_V_data_1_payload_A_reg[1]/D
  -------------------------------------------------------------------    -------------------

                         (clock ap_clk rise edge)     0.000     0.000 r  
                                                      0.000     0.000 r  ap_clk (IN)
                         net (fo=368, unset)          0.432     0.432    bd_0_i/hls_inst/inst/regslice_both_input_r_V_data_V_U/ap_clk
    SLICE_X28Y61         FDRE                                         r  bd_0_i/hls_inst/inst/regslice_both_input_r_V_data_V_U/B_V_data_1_payload_A_reg[1]/C

Slack:                    inf
  Source:                 input_r_tdata[2]
                            (input port)
  Destination:            bd_0_i/hls_inst/inst/regslice_both_input_r_V_data_V_U/B_V_data_1_payload_A_reg[2]/D
                            (rising edge-triggered cell FDRE clocked by ap_clk  {rise@0.000ns fall@5.000ns period=10.000ns})
  Path Group:             (none)
  Path Type:              Hold (Min at Fast Process Corner)
  Data Path Delay:        0.410ns  (logic 0.000ns (0.000%)  route 0.410ns (100.000%))
  Logic Levels:           0  
  Clock Path Skew:        0.432ns (DCD - SCD - CPR)
    Destination Clock Delay (DCD):    0.432ns
    Source Clock Delay      (SCD):    0.000ns
    Clock Pessimism Removal (CPR):    -0.000ns

    Location             Delay type                Incr(ns)  Path(ns)    Netlist Resource(s)
  -------------------------------------------------------------------    -------------------
                                                      0.000     0.000 r  input_r_tdata[2] (IN)
                         net (fo=1, unset)            0.410     0.410    bd_0_i/hls_inst/inst/regslice_both_input_r_V_data_V_U/input_r_TDATA[2]
    SLICE_X28Y62         FDRE                                         r  bd_0_i/hls_inst/inst/regslice_both_input_r_V_data_V_U/B_V_data_1_payload_A_reg[2]/D
  -------------------------------------------------------------------    -------------------

                         (clock ap_clk rise edge)     0.000     0.000 r  
                                                      0.000     0.000 r  ap_clk (IN)
                         net (fo=368, unset)          0.432     0.432    bd_0_i/hls_inst/inst/regslice_both_input_r_V_data_V_U/ap_clk
    SLICE_X28Y62         FDRE                                         r  bd_0_i/hls_inst/inst/regslice_both_input_r_V_data_V_U/B_V_data_1_payload_A_reg[2]/C

Slack:                    inf
  Source:                 input_r_tdata[3]
                            (input port)
  Destination:            bd_0_i/hls_inst/inst/regslice_both_input_r_V_data_V_U/B_V_data_1_payload_A_reg[3]/D
                            (rising edge-triggered cell FDRE clocked by ap_clk  {rise@0.000ns fall@5.000ns period=10.000ns})
  Path Group:             (none)
  Path Type:              Hold (Min at Fast Process Corner)
  Data Path Delay:        0.410ns  (logic 0.000ns (0.000%)  route 0.410ns (100.000%))
  Logic Levels:           0  
  Clock Path Skew:        0.432ns (DCD - SCD - CPR)
    Destination Clock Delay (DCD):    0.432ns
    Source Clock Delay      (SCD):    0.000ns
    Clock Pessimism Removal (CPR):    -0.000ns

    Location             Delay type                Incr(ns)  Path(ns)    Netlist Resource(s)
  -------------------------------------------------------------------    -------------------
                                                      0.000     0.000 r  input_r_tdata[3] (IN)
                         net (fo=1, unset)            0.410     0.410    bd_0_i/hls_inst/inst/regslice_both_input_r_V_data_V_U/input_r_TDATA[3]
    SLICE_X28Y61         FDRE                                         r  bd_0_i/hls_inst/inst/regslice_both_input_r_V_data_V_U/B_V_data_1_payload_A_reg[3]/D
  -------------------------------------------------------------------    -------------------

                         (clock ap_clk rise edge)     0.000     0.000 r  
                                                      0.000     0.000 r  ap_clk (IN)
                         net (fo=368, unset)          0.432     0.432    bd_0_i/hls_inst/inst/regslice_both_input_r_V_data_V_U/ap_clk
    SLICE_X28Y61         FDRE                                         r  bd_0_i/hls_inst/inst/regslice_both_input_r_V_data_V_U/B_V_data_1_payload_A_reg[3]/C

Slack:                    inf
  Source:                 input_r_tdata[4]
                            (input port)
  Destination:            bd_0_i/hls_inst/inst/regslice_both_input_r_V_data_V_U/B_V_data_1_payload_A_reg[4]/D
                            (rising edge-triggered cell FDRE clocked by ap_clk  {rise@0.000ns fall@5.000ns period=10.000ns})
  Path Group:             (none)
  Path Type:              Hold (Min at Fast Process Corner)
  Data Path Delay:        0.410ns  (logic 0.000ns (0.000%)  route 0.410ns (100.000%))
  Logic Levels:           0  
  Clock Path Skew:        0.432ns (DCD - SCD - CPR)
    Destination Clock Delay (DCD):    0.432ns
    Source Clock Delay      (SCD):    0.000ns
    Clock Pessimism Removal (CPR):    -0.000ns

    Location             Delay type                Incr(ns)  Path(ns)    Netlist Resource(s)
  -------------------------------------------------------------------    -------------------
                                                      0.000     0.000 r  input_r_tdata[4] (IN)
                         net (fo=1, unset)            0.410     0.410    bd_0_i/hls_inst/inst/regslice_both_input_r_V_data_V_U/input_r_TDATA[4]
    SLICE_X28Y61         FDRE                                         r  bd_0_i/hls_inst/inst/regslice_both_input_r_V_data_V_U/B_V_data_1_payload_A_reg[4]/D
  -------------------------------------------------------------------    -------------------

                         (clock ap_clk rise edge)     0.000     0.000 r  
                                                      0.000     0.000 r  ap_clk (IN)
                         net (fo=368, unset)          0.432     0.432    bd_0_i/hls_inst/inst/regslice_both_input_r_V_data_V_U/ap_clk
    SLICE_X28Y61         FDRE                                         r  bd_0_i/hls_inst/inst/regslice_both_input_r_V_data_V_U/B_V_data_1_payload_A_reg[4]/C

Slack:                    inf
  Source:                 input_r_tdata[5]
                            (input port)
  Destination:            bd_0_i/hls_inst/inst/regslice_both_input_r_V_data_V_U/B_V_data_1_payload_A_reg[5]/D
                            (rising edge-triggered cell FDRE clocked by ap_clk  {rise@0.000ns fall@5.000ns period=10.000ns})
  Path Group:             (none)
  Path Type:              Hold (Min at Fast Process Corner)
  Data Path Delay:        0.410ns  (logic 0.000ns (0.000%)  route 0.410ns (100.000%))
  Logic Levels:           0  
  Clock Path Skew:        0.432ns (DCD - SCD - CPR)
    Destination Clock Delay (DCD):    0.432ns
    Source Clock Delay      (SCD):    0.000ns
    Clock Pessimism Removal (CPR):    -0.000ns

    Location             Delay type                Incr(ns)  Path(ns)    Netlist Resource(s)
  -------------------------------------------------------------------    -------------------
                                                      0.000     0.000 r  input_r_tdata[5] (IN)
                         net (fo=1, unset)            0.410     0.410    bd_0_i/hls_inst/inst/regslice_both_input_r_V_data_V_U/input_r_TDATA[5]
    SLICE_X28Y61         FDRE                                         r  bd_0_i/hls_inst/inst/regslice_both_input_r_V_data_V_U/B_V_data_1_payload_A_reg[5]/D
  -------------------------------------------------------------------    -------------------

                         (clock ap_clk rise edge)     0.000     0.000 r  
                                                      0.000     0.000 r  ap_clk (IN)
                         net (fo=368, unset)          0.432     0.432    bd_0_i/hls_inst/inst/regslice_both_input_r_V_data_V_U/ap_clk
    SLICE_X28Y61         FDRE                                         r  bd_0_i/hls_inst/inst/regslice_both_input_r_V_data_V_U/B_V_data_1_payload_A_reg[5]/C

Slack:                    inf
  Source:                 input_r_tdata[6]
                            (input port)
  Destination:            bd_0_i/hls_inst/inst/regslice_both_input_r_V_data_V_U/B_V_data_1_payload_A_reg[6]/D
                            (rising edge-triggered cell FDRE clocked by ap_clk  {rise@0.000ns fall@5.000ns period=10.000ns})
  Path Group:             (none)
  Path Type:              Hold (Min at Fast Process Corner)
  Data Path Delay:        0.410ns  (logic 0.000ns (0.000%)  route 0.410ns (100.000%))
  Logic Levels:           0  
  Clock Path Skew:        0.432ns (DCD - SCD - CPR)
    Destination Clock Delay (DCD):    0.432ns
    Source Clock Delay      (SCD):    0.000ns
    Clock Pessimism Removal (CPR):    -0.000ns

    Location             Delay type                Incr(ns)  Path(ns)    Netlist Resource(s)
  -------------------------------------------------------------------    -------------------
                                                      0.000     0.000 r  input_r_tdata[6] (IN)
                         net (fo=1, unset)            0.410     0.410    bd_0_i/hls_inst/inst/regslice_both_input_r_V_data_V_U/input_r_TDATA[6]
    SLICE_X28Y61         FDRE                                         r  bd_0_i/hls_inst/inst/regslice_both_input_r_V_data_V_U/B_V_data_1_payload_A_reg[6]/D
  -------------------------------------------------------------------    -------------------

                         (clock ap_clk rise edge)     0.000     0.000 r  
                                                      0.000     0.000 r  ap_clk (IN)
                         net (fo=368, unset)          0.432     0.432    bd_0_i/hls_inst/inst/regslice_both_input_r_V_data_V_U/ap_clk
    SLICE_X28Y61         FDRE                                         r  bd_0_i/hls_inst/inst/regslice_both_input_r_V_data_V_U/B_V_data_1_payload_A_reg[6]/C

Slack:                    inf
  Source:                 input_r_tdata[7]
                            (input port)
  Destination:            bd_0_i/hls_inst/inst/regslice_both_input_r_V_data_V_U/B_V_data_1_payload_A_reg[7]/D
                            (rising edge-triggered cell FDRE clocked by ap_clk  {rise@0.000ns fall@5.000ns period=10.000ns})
  Path Group:             (none)
  Path Type:              Hold (Min at Fast Process Corner)
  Data Path Delay:        0.410ns  (logic 0.000ns (0.000%)  route 0.410ns (100.000%))
  Logic Levels:           0  
  Clock Path Skew:        0.432ns (DCD - SCD - CPR)
    Destination Clock Delay (DCD):    0.432ns
    Source Clock Delay      (SCD):    0.000ns
    Clock Pessimism Removal (CPR):    -0.000ns

    Location             Delay type                Incr(ns)  Path(ns)    Netlist Resource(s)
  -------------------------------------------------------------------    -------------------
                                                      0.000     0.000 r  input_r_tdata[7] (IN)
                         net (fo=1, unset)            0.410     0.410    bd_0_i/hls_inst/inst/regslice_both_input_r_V_data_V_U/input_r_TDATA[7]
    SLICE_X28Y61         FDRE                                         r  bd_0_i/hls_inst/inst/regslice_both_input_r_V_data_V_U/B_V_data_1_payload_A_reg[7]/D
  -------------------------------------------------------------------    -------------------

                         (clock ap_clk rise edge)     0.000     0.000 r  
                                                      0.000     0.000 r  ap_clk (IN)
                         net (fo=368, unset)          0.432     0.432    bd_0_i/hls_inst/inst/regslice_both_input_r_V_data_V_U/ap_clk
    SLICE_X28Y61         FDRE                                         r  bd_0_i/hls_inst/inst/regslice_both_input_r_V_data_V_U/B_V_data_1_payload_A_reg[7]/C

Slack:                    inf
  Source:                 input_r_tdata[0]
                            (input port)
  Destination:            bd_0_i/hls_inst/inst/regslice_both_input_r_V_data_V_U/B_V_data_1_payload_B_reg[0]/D
                            (rising edge-triggered cell FDRE clocked by ap_clk  {rise@0.000ns fall@5.000ns period=10.000ns})
  Path Group:             (none)
  Path Type:              Hold (Min at Fast Process Corner)
  Data Path Delay:        0.410ns  (logic 0.000ns (0.000%)  route 0.410ns (100.000%))
  Logic Levels:           0  
  Clock Path Skew:        0.432ns (DCD - SCD - CPR)
    Destination Clock Delay (DCD):    0.432ns
    Source Clock Delay      (SCD):    0.000ns
    Clock Pessimism Removal (CPR):    -0.000ns

    Location             Delay type                Incr(ns)  Path(ns)    Netlist Resource(s)
  -------------------------------------------------------------------    -------------------
                                                      0.000     0.000 r  input_r_tdata[0] (IN)
                         net (fo=1, unset)            0.410     0.410    bd_0_i/hls_inst/inst/regslice_both_input_r_V_data_V_U/input_r_TDATA[0]
    SLICE_X27Y62         FDRE                                         r  bd_0_i/hls_inst/inst/regslice_both_input_r_V_data_V_U/B_V_data_1_payload_B_reg[0]/D
  -------------------------------------------------------------------    -------------------

                         (clock ap_clk rise edge)     0.000     0.000 r  
                                                      0.000     0.000 r  ap_clk (IN)
                         net (fo=368, unset)          0.432     0.432    bd_0_i/hls_inst/inst/regslice_both_input_r_V_data_V_U/ap_clk
    SLICE_X27Y62         FDRE                                         r  bd_0_i/hls_inst/inst/regslice_both_input_r_V_data_V_U/B_V_data_1_payload_B_reg[0]/C

Slack:                    inf
  Source:                 input_r_tdata[1]
                            (input port)
  Destination:            bd_0_i/hls_inst/inst/regslice_both_input_r_V_data_V_U/B_V_data_1_payload_B_reg[1]/D
                            (rising edge-triggered cell FDRE clocked by ap_clk  {rise@0.000ns fall@5.000ns period=10.000ns})
  Path Group:             (none)
  Path Type:              Hold (Min at Fast Process Corner)
  Data Path Delay:        0.410ns  (logic 0.000ns (0.000%)  route 0.410ns (100.000%))
  Logic Levels:           0  
  Clock Path Skew:        0.432ns (DCD - SCD - CPR)
    Destination Clock Delay (DCD):    0.432ns
    Source Clock Delay      (SCD):    0.000ns
    Clock Pessimism Removal (CPR):    -0.000ns

    Location             Delay type                Incr(ns)  Path(ns)    Netlist Resource(s)
  -------------------------------------------------------------------    -------------------
                                                      0.000     0.000 r  input_r_tdata[1] (IN)
                         net (fo=1, unset)            0.410     0.410    bd_0_i/hls_inst/inst/regslice_both_input_r_V_data_V_U/input_r_TDATA[1]
    SLICE_X29Y62         FDRE                                         r  bd_0_i/hls_inst/inst/regslice_both_input_r_V_data_V_U/B_V_data_1_payload_B_reg[1]/D
  -------------------------------------------------------------------    -------------------

                         (clock ap_clk rise edge)     0.000     0.000 r  
                                                      0.000     0.000 r  ap_clk (IN)
                         net (fo=368, unset)          0.432     0.432    bd_0_i/hls_inst/inst/regslice_both_input_r_V_data_V_U/ap_clk
    SLICE_X29Y62         FDRE                                         r  bd_0_i/hls_inst/inst/regslice_both_input_r_V_data_V_U/B_V_data_1_payload_B_reg[1]/C





