Copyright 1986-2022 Xilinx, Inc. All Rights Reserved.
---------------------------------------------------------------------------------------------------------------------------------------------------------------------------------------------------------------------------------
| Tool Version : Vivado v.2022.1 (win64) Build 3526262 Mon Apr 18 15:48:16 MDT 2022
| Date         : Sat Sep 26 05:37:21 2026
| Host         : ndrswcy running 64-bit major release  (build 9200)
| Command      : report_timing_summary -max_paths 10 -report_unconstrained -file bd_0_wrapper_timing_summary_routed.rpt -pb bd_0_wrapper_timing_summary_routed.pb -rpx bd_0_wrapper_timing_summary_routed.rpx -warn_on_violation
| Design       : bd_0_wrapper
| Device       : 7z020-clg400
| Speed File   : -1  PRODUCTION 1.12 2019-11-22
---------------------------------------------------------------------------------------------------------------------------------------------------------------------------------------------------------------------------------

Timing Summary Report

------------------------------------------------------------------------------------------------
| Timer Settings
| --------------
------------------------------------------------------------------------------------------------

  Enable Multi Corner Analysis               :  Yes
  Enable Pessimism Removal                   :  Yes
  Pessimism Removal Resolution               :  Nearest Common Node
  Enable Input Delay Default Clock           :  No
  Enable Preset / Clear Arcs                 :  No
  Disable Flight Delays                      :  No
  Ignore I/O Paths                           :  No
  Timing Early Launch at Borrowing Latches   :  No
  Borrow Time for Max Delay Exceptions       :  Yes
  Merge Timing Exceptions                    :  Yes

  Corner  Analyze    Analyze    
  Name    Max Paths  Min Paths  
  ------  ---------  ---------  
  Slow    Yes        Yes        
  Fast    Yes        Yes        


------------------------------------------------------------------------------------------------
| Report Methodology
| ------------------
------------------------------------------------------------------------------------------------

Rule       Severity  Description                    Violations  
---------  --------  -----------------------------  ----------  
TIMING-18  Warning   Missing input or output delay  55          

Note: This report is based on the most recent report_methodology run and may not be up-to-date. Run report_methodology on the current design for the latest report.



check_timing report

Table of Contents
-----------------
1. checking no_clock (0)
2. checking constant_clock (0)
3. checking pulse_width_clock (0)
4. checking unconstrained_internal_endpoints (0)
5. checking no_input_delay (36)
6. checking no_output_delay (19)
7. checking multiple_clock (0)
8. checking generated_clocks (0)
9. checking loops (0)
10. checking partial_input_delay (0)
11. checking partial_output_delay (0)
12. checking latch_loops (0)

1. checking no_clock (0)
------------------------
 There are 0 register/latch pins with no clock.


2. checking constant_clock (0)
------------------------------
 There are 0 register/latch pins with constant_clock.


3. checking pulse_width_clock (0)
---------------------------------
 There are 0 register/latch pins which need pulse_width check


4. checking unconstrained_internal_endpoints (0)
------------------------------------------------
 There are 0 pins that are not constrained for maximum delay.

 There are 0 pins that are not constrained for maximum delay due to constant clock.


5. checking no_input_delay (36)
-------------------------------
 There are 36 input ports with no input delay specified. (HIGH)

 There are 0 input ports with no input delay but user has a false path constraint.


6. checking no_output_delay (19)
--------------------------------
 There are 19 ports with no output delay specified. (HIGH)

 There are 0 ports with no output delay but user has a false path constraint

 There are 0 ports with no output delay but with a timing clock defined on it or propagating through it


7. checking multiple_clock (0)
------------------------------
 There are 0 register/latch pins with multiple clocks.


8. checking generated_clocks (0)
--------------------------------
 There are 0 generated clocks that are not connected to a clock source.


9. checking loops (0)
---------------------
 There are 0 combinational loops in the design.


10. checking partial_input_delay (0)
------------------------------------
 There are 0 input ports with partial input delay specified.


11. checking partial_output_delay (0)
-------------------------------------
 There are 0 ports with partial output delay specified.


12. checking latch_loops (0)
----------------------------
 There are 0 combinational latch loops in the design through latch input



------------------------------------------------------------------------------------------------
| Design Timing Summary
| ---------------------
------------------------------------------------------------------------------------------------

    WNS(ns)      TNS(ns)  TNS Failing Endpoints  TNS Total Endpoints      WHS(ns)      THS(ns)  THS Failing Endpoints  THS Total Endpoints     WPWS(ns)     TPWS(ns)  TPWS Failing Endpoints  TPWS Total Endpoints  
    -------      -------  ---------------------  -------------------      -------      -------  ---------------------  -------------------     --------     --------  ----------------------  --------------------  
      2.175        0.000                      0                 8763        0.130        0.000                      0                 8763        4.500        0.000                       0                  3306  


All user specified timing constraints are met.


------------------------------------------------------------------------------------------------
| Clock Summary
| -------------
------------------------------------------------------------------------------------------------

Clock   Waveform(ns)       Period(ns)      Frequency(MHz)
-----   ------------       ----------      --------------
ap_clk  {0.000 5.000}      10.000          100.000         


------------------------------------------------------------------------------------------------
| Intra Clock Table
| -----------------
------------------------------------------------------------------------------------------------

Clock             WNS(ns)      TNS(ns)  TNS Failing Endpoints  TNS Total Endpoints      WHS(ns)      THS(ns)  THS Failing Endpoints  THS Total Endpoints     WPWS(ns)     TPWS(ns)  TPWS Failing Endpoints  TPWS Total Endpoints  
-----             -------      -------  ---------------------  -------------------      -------      -------  ---------------------  -------------------     --------     --------  ----------------------  --------------------  
ap_clk              2.175        0.000                      0                 8763        0.130        0.000                      0                 8763        4.500        0.000                       0                  3306  


------------------------------------------------------------------------------------------------
| Inter Clock Table
| -----------------
------------------------------------------------------------------------------------------------

From Clock    To Clock          WNS(ns)      TNS(ns)  TNS Failing Endpoints  TNS Total Endpoints      WHS(ns)      THS(ns)  THS Failing Endpoints  THS Total Endpoints  
----------    --------          -------      -------  ---------------------  -------------------      -------      -------  ---------------------  -------------------  


------------------------------------------------------------------------------------------------
| Other Path Groups Table
| -----------------------
------------------------------------------------------------------------------------------------

Path Group    From Clock    To Clock          WNS(ns)      TNS(ns)  TNS Failing Endpoints  TNS Total Endpoints      WHS(ns)      THS(ns)  THS Failing Endpoints  THS Total Endpoints  
----------    ----------    --------          -------      -------  ---------------------  -------------------      -------      -------  ---------------------  -------------------  


------------------------------------------------------------------------------------------------
| User Ignored Path Table
| -----------------------
------------------------------------------------------------------------------------------------

Path Group    From Clock    To Clock    
----------    ----------    --------    


------------------------------------------------------------------------------------------------
| Unconstrained Path Table
| ------------------------
------------------------------------------------------------------------------------------------

Path Group    From Clock    To Clock    
----------    ----------    --------    
(none)        ap_clk                      
(none)                      ap_clk        


------------------------------------------------------------------------------------------------
| Timing Details
| --------------
------------------------------------------------------------------------------------------------


---------------------------------------------------------------------------------------------------
From Clock:  ap_clk
  To Clock:  ap_clk

Setup :            0  Failing Endpoints,  Worst Slack        2.175ns,  Total Violation        0.000ns
Hold  :            0  Failing Endpoints,  Worst Slack        0.130ns,  Total Violation        0.000ns
PW    :            0  Failing Endpoints,  Worst Slack        4.500ns,  Total Violation        0.000ns
---------------------------------------------------------------------------------------------------


Max Delay Paths
--------------------------------------------------------------------------------------
Slack (MET) :             2.175ns  (required time - arrival time)
  Source:                 bd_0_i/hls_inst/inst/tmp_16_reg_2606_reg[6]/C
                            (rising edge-triggered cell FDRE clocked by ap_clk  {rise@0.000ns fall@5.000ns period=10.000ns})
  Destination:            bd_0_i/hls_inst/inst/mul_32s_16s_47_2_1_U27/dout_reg/PCIN[0]
                            (rising edge-triggered cell DSP48E1 clocked by ap_clk  {rise@0.000ns fall@5.000ns period=10.000ns})
  Path Group:             ap_clk
  Path Type:              Setup (Max at Slow Process Corner)
  Requirement:            10.000ns  (ap_clk rise@10.000ns - ap_clk rise@0.000ns)
  Data Path Delay:        6.341ns  (logic 4.445ns (70.104%)  route 1.896ns (29.896%))
  Logic Levels:           1  (DSP48E1=1)
  Clock Path Skew:        -0.049ns (DCD - SCD + CPR)
    Destination Clock Delay (DCD):    0.924ns = ( 10.924 - 10.000 ) 
    Source Clock Delay      (SCD):    0.973ns
    Clock Pessimism Removal (CPR):    0.000ns
  Clock Uncertainty:      0.035ns  ((TSJ^2 + TIJ^2)^1/2 + DJ) / 2 + PE
    Total System Jitter     (TSJ):    0.071ns
    Total Input Jitter      (TIJ):    0.000ns
    Discrete Jitter          (DJ):    0.000ns
    Phase Error              (PE):    0.000ns

    Location             Delay type                Incr(ns)  Path(ns)    Netlist Resource(s)
  -------------------------------------------------------------------    -------------------
                         (clock ap_clk rise edge)     0.000     0.000 r  
                                                      0.000     0.000 r  ap_clk (IN)
                         net (fo=3327, unset)         0.973     0.973    bd_0_i/hls_inst/inst/ap_clk
    SLICE_X84Y31         FDRE                                         r  bd_0_i/hls_inst/inst/tmp_16_reg_2606_reg[6]/C
  -------------------------------------------------------------------    -------------------
    SLICE_X84Y31         FDRE (Prop_fdre_C_Q)         0.419     1.392 r  bd_0_i/hls_inst/inst/tmp_16_reg_2606_reg[6]/Q
                         net (fo=13, routed)          1.894     3.286    bd_0_i/hls_inst/inst/mul_32s_16s_47_2_1_U27/A[1]
    DSP48_X4Y12          DSP48E1 (Prop_dsp48e1_B[6]_PCOUT[0])
                                                      4.026     7.312 r  bd_0_i/hls_inst/inst/mul_32s_16s_47_2_1_U27/tmp_product/PCOUT[0]
                         net (fo=1, routed)           0.002     7.314    bd_0_i/hls_inst/inst/mul_32s_16s_47_2_1_U27/tmp_product_n_153
    DSP48_X4Y13          DSP48E1                                      r  bd_0_i/hls_inst/inst/mul_32s_16s_47_2_1_U27/dout_reg/PCIN[0]
  -------------------------------------------------------------------    -------------------

                         (clock ap_clk rise edge)    10.000    10.000 r  
                                                      0.000    10.000 r  ap_clk (IN)
                         net (fo=3327, unset)         0.924    10.924    bd_0_i/hls_inst/inst/mul_32s_16s_47_2_1_U27/ap_clk
    DSP48_X4Y13          DSP48E1                                      r  bd_0_i/hls_inst/inst/mul_32s_16s_47_2_1_U27/dout_reg/CLK
                         clock pessimism              0.000    10.924    
                         clock uncertainty           -0.035    10.889    
    DSP48_X4Y13          DSP48E1 (Setup_dsp48e1_CLK_PCIN[0])
                                                     -1.400     9.489    bd_0_i/hls_inst/inst/mul_32s_16s_47_2_1_U27/dout_reg
  -------------------------------------------------------------------
                         required time                          9.489    
                         arrival time                          -7.314    
  -------------------------------------------------------------------
                         slack                                  2.175    

Slack (MET) :             2.175ns  (required time - arrival time)
  Source:                 bd_0_i/hls_inst/inst/tmp_16_reg_2606_reg[6]/C
                            (rising edge-triggered cell FDRE clocked by ap_clk  {rise@0.000ns fall@5.000ns period=10.000ns})
  Destination:            bd_0_i/hls_inst/inst/mul_32s_16s_47_2_1_U27/dout_reg/PCIN[10]
                            (rising edge-triggered cell DSP48E1 clocked by ap_clk  {rise@0.000ns fall@5.000ns period=10.000ns})
  Path Group:             ap_clk
  Path Type:              Setup (Max at Slow Process Corner)
  Requirement:            10.000ns  (ap_clk rise@10.000ns - ap_clk rise@0.000ns)
  Data Path Delay:        6.341ns  (logic 4.445ns (70.104%)  route 1.896ns (29.896%))
  Logic Levels:           1  (DSP48E1=1)
  Clock Path Skew:        -0.049ns (DCD - SCD + CPR)
    Destination Clock Delay (DCD):    0.924ns = ( 10.924 - 10.000 ) 
    Source Clock Delay      (SCD):    0.973ns
    Clock Pessimism Removal (CPR):    0.000ns
  Clock Uncertainty:      0.035ns  ((TSJ^2 + TIJ^2)^1/2 + DJ) / 2 + PE
    Total System Jitter     (TSJ):    0.071ns
    Total Input Jitter      (TIJ):    0.000ns
    Discrete Jitter          (DJ):    0.000ns
    Phase Error              (PE):    0.000ns

    Location             Delay type                Incr(ns)  Path(ns)    Netlist Resource(s)
  -------------------------------------------------------------------    -------------------
                         (clock ap_clk rise edge)     0.000     0.000 r  
                                                      0.000     0.000 r  ap_clk (IN)
                         net (fo=3327, unset)         0.973     0.973    bd_0_i/hls_inst/inst/ap_clk
    SLICE_X84Y31         FDRE                                         r  bd_0_i/hls_inst/inst/tmp_16_reg_2606_reg[6]/C
  -------------------------------------------------------------------    -------------------
    SLICE_X84Y31         FDRE (Prop_fdre_C_Q)         0.419     1.392 r  bd_0_i/hls_inst/inst/tmp_16_reg_2606_reg[6]/Q
                         net (fo=13, routed)          1.894     3.286    bd_0_i/hls_inst/inst/mul_32s_16s_47_2_1_U27/A[1]
    DSP48_X4Y12          DSP48E1 (Prop_dsp48e1_B[6]_PCOUT[10])
                                                      4.026     7.312 r  bd_0_i/hls_inst/inst/mul_32s_16s_47_2_1_U27/tmp_product/PCOUT[10]
                         net (fo=1, routed)           0.002     7.314    bd_0_i/hls_inst/inst/mul_32s_16s_47_2_1_U27/tmp_product_n_143
    DSP48_X4Y13          DSP48E1                                      r  bd_0_i/hls_inst/inst/mul_32s_16s_47_2_1_U27/dout_reg/PCIN[10]
  -------------------------------------------------------------------    -------------------

                         (clock ap_clk rise edge)    10.000    10.000 r  
                                                      0.000    10.000 r  ap_clk (IN)
                         net (fo=3327, unset)         0.924    10.924    bd_0_i/hls_inst/inst/mul_32s_16s_47_2_1_U27/ap_clk
    DSP48_X4Y13          DSP48E1                                      r  bd_0_i/hls_inst/inst/mul_32s_16s_47_2_1_U27/dout_reg/CLK
                         clock pessimism              0.000    10.924    
                         clock uncertainty           -0.035    10.889    
    DSP48_X4Y13          DSP48E1 (Setup_dsp48e1_CLK_PCIN[10])
                                                     -1.400     9.489    bd_0_i/hls_inst/inst/mul_32s_16s_47_2_1_U27/dout_reg
  -------------------------------------------------------------------
                         required time                          9.489    
                         arrival time                          -7.314    
  -------------------------------------------------------------------
                         slack                                  2.175    

Slack (MET) :             2.175ns  (required time - arrival time)
  Source:                 bd_0_i/hls_inst/inst/tmp_16_reg_2606_reg[6]/C
                            (rising edge-triggered cell FDRE clocked by ap_clk  {rise@0.000ns fall@5.000ns period=10.000ns})
  Destination:            bd_0_i/hls_inst/inst/mul_32s_16s_47_2_1_U27/dout_reg/PCIN[11]
                            (rising edge-triggered cell DSP48E1 clocked by ap_clk  {rise@0.000ns fall@5.000ns period=10.000ns})
  Path Group:             ap_clk
  Path Type:              Setup (Max at Slow Process Corner)
  Requirement:            10.000ns  (ap_clk rise@10.000ns - ap_clk rise@0.000ns)
  Data Path Delay:        6.341ns  (logic 4.445ns (70.104%)  route 1.896ns (29.896%))
  Logic Levels:           1  (DSP48E1=1)
  Clock Path Skew:        -0.049ns (DCD - SCD + CPR)
    Destination Clock Delay (DCD):    0.924ns = ( 10.924 - 10.000 ) 
    Source Clock Delay      (SCD):    0.973ns
    Clock Pessimism Removal (CPR):    0.000ns
  Clock Uncertainty:      0.035ns  ((TSJ^2 + TIJ^2)^1/2 + DJ) / 2 + PE
    Total System Jitter     (TSJ):    0.071ns
    Total Input Jitter      (TIJ):    0.000ns
    Discrete Jitter          (DJ):    0.000ns
    Phase Error              (PE):    0.000ns

    Location             Delay type                Incr(ns)  Path(ns)    Netlist Resource(s)
  -------------------------------------------------------------------    -------------------
                         (clock ap_clk rise edge)     0.000     0.000 r  
                                                      0.000     0.000 r  ap_clk (IN)
                         net (fo=3327, unset)         0.973     0.973    bd_0_i/hls_inst/inst/ap_clk
    SLICE_X84Y31         FDRE                                         r  bd_0_i/hls_inst/inst/tmp_16_reg_2606_reg[6]/C
  -------------------------------------------------------------------    -------------------
    SLICE_X84Y31         FDRE (Prop_fdre_C_Q)         0.419     1.392 r  bd_0_i/hls_inst/inst/tmp_16_reg_2606_reg[6]/Q
                         net (fo=13, routed)          1.894     3.286    bd_0_i/hls_inst/inst/mul_32s_16s_47_2_1_U27/A[1]
    DSP48_X4Y12          DSP48E1 (Prop_dsp48e1_B[6]_PCOUT[11])
                                                      4.026     7.312 r  bd_0_i/hls_inst/inst/mul_32s_16s_47_2_1_U27/tmp_product/PCOUT[11]
                         net (fo=1, routed)           0.002     7.314    bd_0_i/hls_inst/inst/mul_32s_16s_47_2_1_U27/tmp_product_n_142
    DSP48_X4Y13          DSP48E1                                      r  bd_0_i/hls_inst/inst/mul_32s_16s_47_2_1_U27/dout_reg/PCIN[11]
  -------------------------------------------------------------------    -------------------

                         (clock ap_clk rise edge)    10.000    10.000 r  
                                                      0.000    10.000 r  ap_clk (IN)
                         net (fo=3327, unset)         0.924    10.924    bd_0_i/hls_inst/inst/mul_32s_16s_47_2_1_U27/ap_clk
    DSP48_X4Y13          DSP48E1                                      r  bd_0_i/hls_inst/inst/mul_32s_16s_47_2_1_U27/dout_reg/CLK
                         clock pessimism              0.000    10.924    
                         clock uncertainty           -0.035    10.889    
    DSP48_X4Y13          DSP48E1 (Setup_dsp48e1_CLK_PCIN[11])
                                                     -1.400     9.489    bd_0_i/hls_inst/inst/mul_32s_16s_47_2_1_U27/dout_reg
  -------------------------------------------------------------------
                         required time                          9.489    
                         arrival time                          -7.314    
  -------------------------------------------------------------------
                         slack                                  2.175    

Slack (MET) :             2.175ns  (required time - arrival time)
  Source:                 bd_0_i/hls_inst/inst/tmp_16_reg_2606_reg[6]/C
                            (rising edge-triggered cell FDRE clocked by ap_clk  {rise@0.000ns fall@5.000ns period=10.000ns})
  Destination:            bd_0_i/hls_inst/inst/mul_32s_16s_47_2_1_U27/dout_reg/PCIN[12]
                            (rising edge-triggered cell DSP48E1 clocked by ap_clk  {rise@0.000ns fall@5.000ns period=10.000ns})
  Path Group:             ap_clk
  Path Type:              Setup (Max at Slow Process Corner)
  Requirement:            10.000ns  (ap_clk rise@10.000ns - ap_clk rise@0.000ns)
  Data Path Delay:        6.341ns  (logic 4.445ns (70.104%)  route 1.896ns (29.896%))
  Logic Levels:           1  (DSP48E1=1)
  Clock Path Skew:        -0.049ns (DCD - SCD + CPR)
    Destination Clock Delay (DCD):    0.924ns = ( 10.924 - 10.000 ) 
    Source Clock Delay      (SCD):    0.973ns
    Clock Pessimism Removal (CPR):    0.000ns
  Clock Uncertainty:      0.035ns  ((TSJ^2 + TIJ^2)^1/2 + DJ) / 2 + PE
    Total System Jitter     (TSJ):    0.071ns
    Total Input Jitter      (TIJ):    0.000ns
    Discrete Jitter          (DJ):    0.000ns
    Phase Error              (PE):    0.000ns

    Location             Delay type                Incr(ns)  Path(ns)    Netlist Resource(s)
  -------------------------------------------------------------------    -------------------
                         (clock ap_clk rise edge)     0.000     0.000 r  
                                                      0.000     0.000 r  ap_clk (IN)
                         net (fo=3327, unset)         0.973     0.973    bd_0_i/hls_inst/inst/ap_clk
    SLICE_X84Y31         FDRE                                         r  bd_0_i/hls_inst/inst/tmp_16_reg_2606_reg[6]/C
  -------------------------------------------------------------------    -------------------
    SLICE_X84Y31         FDRE (Prop_fdre_C_Q)         0.419     1.392 r  bd_0_i/hls_inst/inst/tmp_16_reg_2606_reg[6]/Q
                         net (fo=13, routed)          1.894     3.286    bd_0_i/hls_inst/inst/mul_32s_16s_47_2_1_U27/A[1]
    DSP48_X4Y12          DSP48E1 (Prop_dsp48e1_B[6]_PCOUT[12])
                                                      4.026     7.312 r  bd_0_i/hls_inst/inst/mul_32s_16s_47_2_1_U27/tmp_product/PCOUT[12]
                         net (fo=1, routed)           0.002     7.314    bd_0_i/hls_inst/inst/mul_32s_16s_47_2_1_U27/tmp_product_n_141
    DSP48_X4Y13          DSP48E1                                      r  bd_0_i/hls_inst/inst/mul_32s_16s_47_2_1_U27/dout_reg/PCIN[12]
  -------------------------------------------------------------------    -------------------

                         (clock ap_clk rise edge)    10.000    10.000 r  
                                                      0.000    10.000 r  ap_clk (IN)
                         net (fo=3327, unset)         0.924    10.924    bd_0_i/hls_inst/inst/mul_32s_16s_47_2_1_U27/ap_clk
    DSP48_X4Y13          DSP48E1                                      r  bd_0_i/hls_inst/inst/mul_32s_16s_47_2_1_U27/dout_reg/CLK
                         clock pessimism              0.000    10.924    
                         clock uncertainty           -0.035    10.889    
    DSP48_X4Y13          DSP48E1 (Setup_dsp48e1_CLK_PCIN[12])
                                                     -1.400     9.489    bd_0_i/hls_inst/inst/mul_32s_16s_47_2_1_U27/dout_reg
  -------------------------------------------------------------------
                         required time                          9.489    
                         arrival time                          -7.314    
  -------------------------------------------------------------------
                         slack                                  2.175    

Slack (MET) :             2.175ns  (required time - arrival time)
  Source:                 bd_0_i/hls_inst/inst/tmp_16_reg_2606_reg[6]/C
                            (rising edge-triggered cell FDRE clocked by ap_clk  {rise@0.000ns fall@5.000ns period=10.000ns})
  Destination:            bd_0_i/hls_inst/inst/mul_32s_16s_47_2_1_U27/dout_reg/PCIN[13]
                            (rising edge-triggered cell DSP48E1 clocked by ap_clk  {rise@0.000ns fall@5.000ns period=10.000ns})
  Path Group:             ap_clk
  Path Type:              Setup (Max at Slow Process Corner)
  Requirement:            10.000ns  (ap_clk rise@10.000ns - ap_clk rise@0.000ns)
  Data Path Delay:        6.341ns  (logic 4.445ns (70.104%)  route 1.896ns (29.896%))
  Logic Levels:           1  (DSP48E1=1)
  Clock Path Skew:        -0.049ns (DCD - SCD + CPR)
    Destination Clock Delay (DCD):    0.924ns = ( 10.924 - 10.000 ) 
    Source Clock Delay      (SCD):    0.973ns
    Clock Pessimism Removal (CPR):    0.000ns
  Clock Uncertainty:      0.035ns  ((TSJ^2 + TIJ^2)^1/2 + DJ) / 2 + PE
    Total System Jitter     (TSJ):    0.071ns
    Total Input Jitter      (TIJ):    0.000ns
    Discrete Jitter          (DJ):    0.000ns
    Phase Error              (PE):    0.000ns

    Location             Delay type                Incr(ns)  Path(ns)    Netlist Resource(s)
  -------------------------------------------------------------------    -------------------
                         (clock ap_clk rise edge)     0.000     0.000 r  
                                                      0.000     0.000 r  ap_clk (IN)
                         net (fo=3327, unset)         0.973     0.973    bd_0_i/hls_inst/inst/ap_clk
    SLICE_X84Y31         FDRE                                         r  bd_0_i/hls_inst/inst/tmp_16_reg_2606_reg[6]/C
  -------------------------------------------------------------------    -------------------
    SLICE_X84Y31         FDRE (Prop_fdre_C_Q)         0.419     1.392 r  bd_0_i/hls_inst/inst/tmp_16_reg_2606_reg[6]/Q
                         net (fo=13, routed)          1.894     3.286    bd_0_i/hls_inst/inst/mul_32s_16s_47_2_1_U27/A[1]
    DSP48_X4Y12          DSP48E1 (Prop_dsp48e1_B[6]_PCOUT[13])
                                                      4.026     7.312 r  bd_0_i/hls_inst/inst/mul_32s_16s_47_2_1_U27/tmp_product/PCOUT[13]
                         net (fo=1, routed)           0.002     7.314    bd_0_i/hls_inst/inst/mul_32s_16s_47_2_1_U27/tmp_product_n_140
    DSP48_X4Y13          DSP48E1                                      r  bd_0_i/hls_inst/inst/mul_32s_16s_47_2_1_U27/dout_reg/PCIN[13]
  -------------------------------------------------------------------    -------------------

                         (clock ap_clk rise edge)    10.000    10.000 r  
                                                      0.000    10.000 r  ap_clk (IN)
                         net (fo=3327, unset)         0.924    10.924    bd_0_i/hls_inst/inst/mul_32s_16s_47_2_1_U27/ap_clk
    DSP48_X4Y13          DSP48E1                                      r  bd_0_i/hls_inst/inst/mul_32s_16s_47_2_1_U27/dout_reg/CLK
                         clock pessimism              0.000    10.924    
                         clock uncertainty           -0.035    10.889    
    DSP48_X4Y13          DSP48E1 (Setup_dsp48e1_CLK_PCIN[13])
                                                     -1.400     9.489    bd_0_i/hls_inst/inst/mul_32s_16s_47_2_1_U27/dout_reg
  -------------------------------------------------------------------
                         required time                          9.489    
                         arrival time                          -7.314    
  -------------------------------------------------------------------
                         slack                                  2.175    

Slack (MET) :             2.175ns  (required time - arrival time)
  Source:                 bd_0_i/hls_inst/inst/tmp_16_reg_2606_reg[6]/C
                            (rising edge-triggered cell FDRE clocked by ap_clk  {rise@0.000ns fall@5.000ns period=10.000ns})
  Destination:            bd_0_i/hls_inst/inst/mul_32s_16s_47_2_1_U27/dout_reg/PCIN[14]
                            (rising edge-triggered cell DSP48E1 clocked by ap_clk  {rise@0.000ns fall@5.000ns period=10.000ns})
  Path Group:             ap_clk
  Path Type:              Setup (Max at Slow Process Corner)
  Requirement:            10.000ns  (ap_clk rise@10.000ns - ap_clk rise@0.000ns)
  Data Path Delay:        6.341ns  (logic 4.445ns (70.104%)  route 1.896ns (29.896%))
  Logic Levels:           1  (DSP48E1=1)
  Clock Path Skew:        -0.049ns (DCD - SCD + CPR)
    Destination Clock Delay (DCD):    0.924ns = ( 10.924 - 10.000 ) 
    Source Clock Delay      (SCD):    0.973ns
    Clock Pessimism Removal (CPR):    0.000ns
  Clock Uncertainty:      0.035ns  ((TSJ^2 + TIJ^2)^1/2 + DJ) / 2 + PE
    Total System Jitter     (TSJ):    0.071ns
    Total Input Jitter      (TIJ):    0.000ns
    Discrete Jitter          (DJ):    0.000ns
    Phase Error              (PE):    0.000ns

    Location             Delay type                Incr(ns)  Path(ns)    Netlist Resource(s)
  -------------------------------------------------------------------    -------------------
                         (clock ap_clk rise edge)     0.000     0.000 r  
                                                      0.000     0.000 r  ap_clk (IN)
                         net (fo=3327, unset)         0.973     0.973    bd_0_i/hls_inst/inst/ap_clk
    SLICE_X84Y31         FDRE                                         r  bd_0_i/hls_inst/inst/tmp_16_reg_2606_reg[6]/C
  -------------------------------------------------------------------    -------------------
    SLICE_X84Y31         FDRE (Prop_fdre_C_Q)         0.419     1.392 r  bd_0_i/hls_inst/inst/tmp_16_reg_2606_reg[6]/Q
                         net (fo=13, routed)          1.894     3.286    bd_0_i/hls_inst/inst/mul_32s_16s_47_2_1_U27/A[1]
    DSP48_X4Y12          DSP48E1 (Prop_dsp48e1_B[6]_PCOUT[14])
                                                      4.026     7.312 r  bd_0_i/hls_inst/inst/mul_32s_16s_47_2_1_U27/tmp_product/PCOUT[14]
                         net (fo=1, routed)           0.002     7.314    bd_0_i/hls_inst/inst/mul_32s_16s_47_2_1_U27/tmp_product_n_139
    DSP48_X4Y13          DSP48E1                                      r  bd_0_i/hls_inst/inst/mul_32s_16s_47_2_1_U27/dout_reg/PCIN[14]
  -------------------------------------------------------------------    -------------------

                         (clock ap_clk rise edge)    10.000    10.000 r  
                                                      0.000    10.000 r  ap_clk (IN)
                         net (fo=3327, unset)         0.924    10.924    bd_0_i/hls_inst/inst/mul_32s_16s_47_2_1_U27/ap_clk
    DSP48_X4Y13          DSP48E1                                      r  bd_0_i/hls_inst/inst/mul_32s_16s_47_2_1_U27/dout_reg/CLK
                         clock pessimism              0.000    10.924    
                         clock uncertainty           -0.035    10.889    
    DSP48_X4Y13          DSP48E1 (Setup_dsp48e1_CLK_PCIN[14])
                                                     -1.400     9.489    bd_0_i/hls_inst/inst/mul_32s_16s_47_2_1_U27/dout_reg
  -------------------------------------------------------------------
                         required time                          9.489    
                         arrival time                          -7.314    
  -------------------------------------------------------------------
                         slack                                  2.175    

Slack (MET) :             2.175ns  (required time - arrival time)
  Source:                 bd_0_i/hls_inst/inst/tmp_16_reg_2606_reg[6]/C
                            (rising edge-triggered cell FDRE clocked by ap_clk  {rise@0.000ns fall@5.000ns period=10.000ns})
  Destination:            bd_0_i/hls_inst/inst/mul_32s_16s_47_2_1_U27/dout_reg/PCIN[15]
                            (rising edge-triggered cell DSP48E1 clocked by ap_clk  {rise@0.000ns fall@5.000ns period=10.000ns})
  Path Group:             ap_clk
  Path Type:              Setup (Max at Slow Process Corner)
  Requirement:            10.000ns  (ap_clk rise@10.000ns - ap_clk rise@0.000ns)
  Data Path Delay:        6.341ns  (logic 4.445ns (70.104%)  route 1.896ns (29.896%))
  Logic Levels:           1  (DSP48E1=1)
  Clock Path Skew:        -0.049ns (DCD - SCD + CPR)
    Destination Clock Delay (DCD):    0.924ns = ( 10.924 - 10.000 ) 
    Source Clock Delay      (SCD):    0.973ns
    Clock Pessimism Removal (CPR):    0.000ns
  Clock Uncertainty:      0.035ns  ((TSJ^2 + TIJ^2)^1/2 + DJ) / 2 + PE
    Total System Jitter     (TSJ):    0.071ns
    Total Input Jitter      (TIJ):    0.000ns
    Discrete Jitter          (DJ):    0.000ns
    Phase Error              (PE):    0.000ns

    Location             Delay type                Incr(ns)  Path(ns)    Netlist Resource(s)
  -------------------------------------------------------------------    -------------------
                         (clock ap_clk rise edge)     0.000     0.000 r  
                                                      0.000     0.000 r  ap_clk (IN)
                         net (fo=3327, unset)         0.973     0.973    bd_0_i/hls_inst/inst/ap_clk
    SLICE_X84Y31         FDRE                                         r  bd_0_i/hls_inst/inst/tmp_16_reg_2606_reg[6]/C
  -------------------------------------------------------------------    -------------------
    SLICE_X84Y31         FDRE (Prop_fdre_C_Q)         0.419     1.392 r  bd_0_i/hls_inst/inst/tmp_16_reg_2606_reg[6]/Q
                         net (fo=13, routed)          1.894     3.286    bd_0_i/hls_inst/inst/mul_32s_16s_47_2_1_U27/A[1]
    DSP48_X4Y12          DSP48E1 (Prop_dsp48e1_B[6]_PCOUT[15])
                                                      4.026     7.312 r  bd_0_i/hls_inst/inst/mul_32s_16s_47_2_1_U27/tmp_product/PCOUT[15]
                         net (fo=1, routed)           0.002     7.314    bd_0_i/hls_inst/inst/mul_32s_16s_47_2_1_U27/tmp_product_n_138
    DSP48_X4Y13          DSP48E1                                      r  bd_0_i/hls_inst/inst/mul_32s_16s_47_2_1_U27/dout_reg/PCIN[15]
  -------------------------------------------------------------------    -------------------

                         (clock ap_clk rise edge)    10.000    10.000 r  
                                                      0.000    10.000 r  ap_clk (IN)
                         net (fo=3327, unset)         0.924    10.924    bd_0_i/hls_inst/inst/mul_32s_16s_47_2_1_U27/ap_clk
    DSP48_X4Y13          DSP48E1                                      r  bd_0_i/hls_inst/inst/mul_32s_16s_47_2_1_U27/dout_reg/CLK
                         clock pessimism              0.000    10.924    
                         clock uncertainty           -0.035    10.889    
    DSP48_X4Y13          DSP48E1 (Setup_dsp48e1_CLK_PCIN[15])
                                                     -1.400     9.489    bd_0_i/hls_inst/inst/mul_32s_16s_47_2_1_U27/dout_reg
  -------------------------------------------------------------------
                         required time                          9.489    
                         arrival time                          -7.314    
  -------------------------------------------------------------------
                         slack                                  2.175    

Slack (MET) :             2.175ns  (required time - arrival time)
  Source:                 bd_0_i/hls_inst/inst/tmp_16_reg_2606_reg[6]/C
                            (rising edge-triggered cell FDRE clocked by ap_clk  {rise@0.000ns fall@5.000ns period=10.000ns})
  Destination:            bd_0_i/hls_inst/inst/mul_32s_16s_47_2_1_U27/dout_reg/PCIN[16]
                            (rising edge-triggered cell DSP48E1 clocked by ap_clk  {rise@0.000ns fall@5.000ns period=10.000ns})
  Path Group:             ap_clk
  Path Type:              Setup (Max at Slow Process Corner)
  Requirement:            10.000ns  (ap_clk rise@10.000ns - ap_clk rise@0.000ns)
  Data Path Delay:        6.341ns  (logic 4.445ns (70.104%)  route 1.896ns (29.896%))
  Logic Levels:           1  (DSP48E1=1)
  Clock Path Skew:        -0.049ns (DCD - SCD + CPR)
    Destination Clock Delay (DCD):    0.924ns = ( 10.924 - 10.000 ) 
    Source Clock Delay      (SCD):    0.973ns
    Clock Pessimism Removal (CPR):    0.000ns
  Clock Uncertainty:      0.035ns  ((TSJ^2 + TIJ^2)^1/2 + DJ) / 2 + PE
    Total System Jitter     (TSJ):    0.071ns
    Total Input Jitter      (TIJ):    0.000ns
    Discrete Jitter          (DJ):    0.000ns
    Phase Error              (PE):    0.000ns

    Location             Delay type                Incr(ns)  Path(ns)    Netlist Resource(s)
  -------------------------------------------------------------------    -------------------
                         (clock ap_clk rise edge)     0.000     0.000 r  
                                                      0.000     0.000 r  ap_clk (IN)
                         net (fo=3327, unset)         0.973     0.973    bd_0_i/hls_inst/inst/ap_clk
    SLICE_X84Y31         FDRE                                         r  bd_0_i/hls_inst/inst/tmp_16_reg_2606_reg[6]/C
  -------------------------------------------------------------------    -------------------
    SLICE_X84Y31         FDRE (Prop_fdre_C_Q)         0.419     1.392 r  bd_0_i/hls_inst/inst/tmp_16_reg_2606_reg[6]/Q
                         net (fo=13, routed)          1.894     3.286    bd_0_i/hls_inst/inst/mul_32s_16s_47_2_1_U27/A[1]
    DSP48_X4Y12          DSP48E1 (Prop_dsp48e1_B[6]_PCOUT[16])
                                                      4.026     7.312 r  bd_0_i/hls_inst/inst/mul_32s_16s_47_2_1_U27/tmp_product/PCOUT[16]
                         net (fo=1, routed)           0.002     7.314    bd_0_i/hls_inst/inst/mul_32s_16s_47_2_1_U27/tmp_product_n_137
    DSP48_X4Y13          DSP48E1                                      r  bd_0_i/hls_inst/inst/mul_32s_16s_47_2_1_U27/dout_reg/PCIN[16]
  -------------------------------------------------------------------    -------------------

                         (clock ap_clk rise edge)    10.000    10.000 r  
                                                      0.000    10.000 r  ap_clk (IN)
                         net (fo=3327, unset)         0.924    10.924    bd_0_i/hls_inst/inst/mul_32s_16s_47_2_1_U27/ap_clk
    DSP48_X4Y13          DSP48E1                                      r  bd_0_i/hls_inst/inst/mul_32s_16s_47_2_1_U27/dout_reg/CLK
                         clock pessimism              0.000    10.924    
                         clock uncertainty           -0.035    10.889    
    DSP48_X4Y13          DSP48E1 (Setup_dsp48e1_CLK_PCIN[16])
                                                     -1.400     9.489    bd_0_i/hls_inst/inst/mul_32s_16s_47_2_1_U27/dout_reg
  -------------------------------------------------------------------
                         required time                          9.489    
                         arrival time                          -7.314    
  -------------------------------------------------------------------
                         slack                                  2.175    

Slack (MET) :             2.175ns  (required time - arrival time)
  Source:                 bd_0_i/hls_inst/inst/tmp_16_reg_2606_reg[6]/C
                            (rising edge-triggered cell FDRE clocked by ap_clk  {rise@0.000ns fall@5.000ns period=10.000ns})
  Destination:            bd_0_i/hls_inst/inst/mul_32s_16s_47_2_1_U27/dout_reg/PCIN[17]
                            (rising edge-triggered cell DSP48E1 clocked by ap_clk  {rise@0.000ns fall@5.000ns period=10.000ns})
  Path Group:             ap_clk
  Path Type:              Setup (Max at Slow Process Corner)
  Requirement:            10.000ns  (ap_clk rise@10.000ns - ap_clk rise@0.000ns)
  Data Path Delay:        6.341ns  (logic 4.445ns (70.104%)  route 1.896ns (29.896%))
  Logic Levels:           1  (DSP48E1=1)
  Clock Path Skew:        -0.049ns (DCD - SCD + CPR)
    Destination Clock Delay (DCD):    0.924ns = ( 10.924 - 10.000 ) 
    Source Clock Delay      (SCD):    0.973ns
    Clock Pessimism Removal (CPR):    0.000ns
  Clock Uncertainty:      0.035ns  ((TSJ^2 + TIJ^2)^1/2 + DJ) / 2 + PE
    Total System Jitter     (TSJ):    0.071ns
    Total Input Jitter      (TIJ):    0.000ns
    Discrete Jitter          (DJ):    0.000ns
    Phase Error              (PE):    0.000ns

    Location             Delay type                Incr(ns)  Path(ns)    Netlist Resource(s)
  -------------------------------------------------------------------    -------------------
                         (clock ap_clk rise edge)     0.000     0.000 r  
                                                      0.000     0.000 r  ap_clk (IN)
                         net (fo=3327, unset)         0.973     0.973    bd_0_i/hls_inst/inst/ap_clk
    SLICE_X84Y31         FDRE                                         r  bd_0_i/hls_inst/inst/tmp_16_reg_2606_reg[6]/C
  -------------------------------------------------------------------    -------------------
    SLICE_X84Y31         FDRE (Prop_fdre_C_Q)         0.419     1.392 r  bd_0_i/hls_inst/inst/tmp_16_reg_2606_reg[6]/Q
                         net (fo=13, routed)          1.894     3.286    bd_0_i/hls_inst/inst/mul_32s_16s_47_2_1_U27/A[1]
    DSP48_X4Y12          DSP48E1 (Prop_dsp48e1_B[6]_PCOUT[17])
                                                      4.026     7.312 r  bd_0_i/hls_inst/inst/mul_32s_16s_47_2_1_U27/tmp_product/PCOUT[17]
                         net (fo=1, routed)           0.002     7.314    bd_0_i/hls_inst/inst/mul_32s_16s_47_2_1_U27/tmp_product_n_136
    DSP48_X4Y13          DSP48E1                                      r  bd_0_i/hls_inst/inst/mul_32s_16s_47_2_1_U27/dout_reg/PCIN[17]
  -------------------------------------------------------------------    -------------------

                         (clock ap_clk rise edge)    10.000    10.000 r  
                                                      0.000    10.000 r  ap_clk (IN)
                         net (fo=3327, unset)         0.924    10.924    bd_0_i/hls_inst/inst/mul_32s_16s_47_2_1_U27/ap_clk
    DSP48_X4Y13          DSP48E1                                      r  bd_0_i/hls_inst/inst/mul_32s_16s_47_2_1_U27/dout_reg/CLK
                         clock pessimism              0.000    10.924    
                         clock uncertainty           -0.035    10.889    
    DSP48_X4Y13          DSP48E1 (Setup_dsp48e1_CLK_PCIN[17])
                                                     -1.400     9.489    bd_0_i/hls_inst/inst/mul_32s_16s_47_2_1_U27/dout_reg
  -------------------------------------------------------------------
                         required time                          9.489    
                         arrival time                          -7.314    
  -------------------------------------------------------------------
                         slack                                  2.175    

Slack (MET) :             2.175ns  (required time - arrival time)
  Source:                 bd_0_i/hls_inst/inst/tmp_16_reg_2606_reg[6]/C
                            (rising edge-triggered cell FDRE clocked by ap_clk  {rise@0.000ns fall@5.000ns period=10.000ns})
  Destination:            bd_0_i/hls_inst/inst/mul_32s_16s_47_2_1_U27/dout_reg/PCIN[18]
                            (rising edge-triggered cell DSP48E1 clocked by ap_clk  {rise@0.000ns fall@5.000ns period=10.000ns})
  Path Group:             ap_clk
  Path Type:              Setup (Max at Slow Process Corner)
  Requirement:            10.000ns  (ap_clk rise@10.000ns - ap_clk rise@0.000ns)
  Data Path Delay:        6.341ns  (logic 4.445ns (70.104%)  route 1.896ns (29.896%))
  Logic Levels:           1  (DSP48E1=1)
  Clock Path Skew:        -0.049ns (DCD - SCD + CPR)
    Destination Clock Delay (DCD):    0.924ns = ( 10.924 - 10.000 ) 
    Source Clock Delay      (SCD):    0.973ns
    Clock Pessimism Removal (CPR):    0.000ns
  Clock Uncertainty:      0.035ns  ((TSJ^2 + TIJ^2)^1/2 + DJ) / 2 + PE
    Total System Jitter     (TSJ):    0.071ns
    Total Input Jitter      (TIJ):    0.000ns
    Discrete Jitter          (DJ):    0.000ns
    Phase Error              (PE):    0.000ns

    Location             Delay type                Incr(ns)  Path(ns)    Netlist Resource(s)
  -------------------------------------------------------------------    -------------------
                         (clock ap_clk rise edge)     0.000     0.000 r  
                                                      0.000     0.000 r  ap_clk (IN)
                         net (fo=3327, unset)         0.973     0.973    bd_0_i/hls_inst/inst/ap_clk
    SLICE_X84Y31         FDRE                                         r  bd_0_i/hls_inst/inst/tmp_16_reg_2606_reg[6]/C
  -------------------------------------------------------------------    -------------------
    SLICE_X84Y31         FDRE (Prop_fdre_C_Q)         0.419     1.392 r  bd_0_i/hls_inst/inst/tmp_16_reg_2606_reg[6]/Q
                         net (fo=13, routed)          1.894     3.286    bd_0_i/hls_inst/inst/mul_32s_16s_47_2_1_U27/A[1]
    DSP48_X4Y12          DSP48E1 (Prop_dsp48e1_B[6]_PCOUT[18])
                                                      4.026     7.312 r  bd_0_i/hls_inst/inst/mul_32s_16s_47_2_1_U27/tmp_product/PCOUT[18]
                         net (fo=1, routed)           0.002     7.314    bd_0_i/hls_inst/inst/mul_32s_16s_47_2_1_U27/tmp_product_n_135
    DSP48_X4Y13          DSP48E1                                      r  bd_0_i/hls_inst/inst/mul_32s_16s_47_2_1_U27/dout_reg/PCIN[18]
  -------------------------------------------------------------------    -------------------

                         (clock ap_clk rise edge)    10.000    10.000 r  
                                                      0.000    10.000 r  ap_clk (IN)
                         net (fo=3327, unset)         0.924    10.924    bd_0_i/hls_inst/inst/mul_32s_16s_47_2_1_U27/ap_clk
    DSP48_X4Y13          DSP48E1                                      r  bd_0_i/hls_inst/inst/mul_32s_16s_47_2_1_U27/dout_reg/CLK
                         clock pessimism              0.000    10.924    
                         clock uncertainty           -0.035    10.889    
    DSP48_X4Y13          DSP48E1 (Setup_dsp48e1_CLK_PCIN[18])
                                                     -1.400     9.489    bd_0_i/hls_inst/inst/mul_32s_16s_47_2_1_U27/dout_reg
  -------------------------------------------------------------------
                         required time                          9.489    
                         arrival time                          -7.314    
  -------------------------------------------------------------------
                         slack                                  2.175    





Min Delay Paths
--------------------------------------------------------------------------------------
Slack (MET) :             0.130ns  (arrival time - required time)
  Source:                 bd_0_i/hls_inst/inst/p_ZZ22low_pass_filter_secondRN3hls6streamINS_4axisI8ap_fixedILi32ELi10EL9ap_q_mod_10_reg[31]/C
                            (rising edge-triggered cell FDRE clocked by ap_clk  {rise@0.000ns fall@5.000ns period=10.000ns})
  Destination:            bd_0_i/hls_inst/inst/mux_case_1721_reg_238_reg[31]/D
                            (rising edge-triggered cell FDRE clocked by ap_clk  {rise@0.000ns fall@5.000ns period=10.000ns})
  Path Group:             ap_clk
  Path Type:              Hold (Min at Fast Process Corner)
  Requirement:            0.000ns  (ap_clk rise@0.000ns - ap_clk rise@0.000ns)
  Data Path Delay:        0.282ns  (logic 0.190ns (67.319%)  route 0.092ns (32.681%))
  Logic Levels:           1  (LUT3=1)
  Clock Path Skew:        0.022ns (DCD - SCD - CPR)
    Destination Clock Delay (DCD):    0.432ns
    Source Clock Delay      (SCD):    0.410ns
    Clock Pessimism Removal (CPR):    -0.000ns

    Location             Delay type                Incr(ns)  Path(ns)    Netlist Resource(s)
  -------------------------------------------------------------------    -------------------
                         (clock ap_clk rise edge)     0.000     0.000 r  
                                                      0.000     0.000 r  ap_clk (IN)
                         net (fo=3327, unset)         0.410     0.410    bd_0_i/hls_inst/inst/ap_clk
    SLICE_X27Y31         FDRE                                         r  bd_0_i/hls_inst/inst/p_ZZ22low_pass_filter_secondRN3hls6streamINS_4axisI8ap_fixedILi32ELi10EL9ap_q_mod_10_reg[31]/C
  -------------------------------------------------------------------    -------------------
    SLICE_X27Y31         FDRE (Prop_fdre_C_Q)         0.141     0.551 r  bd_0_i/hls_inst/inst/p_ZZ22low_pass_filter_secondRN3hls6streamINS_4axisI8ap_fixedILi32ELi10EL9ap_q_mod_10_reg[31]/Q
                         net (fo=3, routed)           0.092     0.643    bd_0_i/hls_inst/inst/p_ZZ22low_pass_filter_secondRN3hls6streamINS_4axisI8ap_fixedILi32ELi10EL9ap_q_mod_10[31]
    SLICE_X26Y31         LUT3 (Prop_lut3_I1_O)        0.049     0.692 r  bd_0_i/hls_inst/inst/mux_case_1721_reg_238[31]_i_1/O
                         net (fo=1, routed)           0.000     0.692    bd_0_i/hls_inst/inst/mux_case_1721_reg_238[31]_i_1_n_0
    SLICE_X26Y31         FDRE                                         r  bd_0_i/hls_inst/inst/mux_case_1721_reg_238_reg[31]/D
  -------------------------------------------------------------------    -------------------

                         (clock ap_clk rise edge)     0.000     0.000 r  
                                                      0.000     0.000 r  ap_clk (IN)
                         net (fo=3327, unset)         0.432     0.432    bd_0_i/hls_inst/inst/ap_clk
    SLICE_X26Y31         FDRE                                         r  bd_0_i/hls_inst/inst/mux_case_1721_reg_238_reg[31]/C
                         clock pessimism              0.000     0.432    
    SLICE_X26Y31         FDRE (Hold_fdre_C_D)         0.131     0.563    bd_0_i/hls_inst/inst/mux_case_1721_reg_238_reg[31]
  -------------------------------------------------------------------
                         required time                         -0.563    
                         arrival time                           0.692    
  -------------------------------------------------------------------
                         slack                                  0.130    

Slack (MET) :             0.136ns  (arrival time - required time)
  Source:                 bd_0_i/hls_inst/inst/p_ZZ22low_pass_filter_secondRN3hls6streamINS_4axisI8ap_fixedILi32ELi10EL9ap_q_mod_38_reg[10]/C
                            (rising edge-triggered cell FDRE clocked by ap_clk  {rise@0.000ns fall@5.000ns period=10.000ns})
  Destination:            bd_0_i/hls_inst/inst/mux_case_0696_reg_355_reg[10]/D
                            (rising edge-triggered cell FDRE clocked by ap_clk  {rise@0.000ns fall@5.000ns period=10.000ns})
  Path Group:             ap_clk
  Path Type:              Hold (Min at Fast Process Corner)
  Requirement:            0.000ns  (ap_clk rise@0.000ns - ap_clk rise@0.000ns)
  Data Path Delay:        0.288ns  (logic 0.189ns (65.571%)  route 0.099ns (34.429%))
  Logic Levels:           1  (LUT3=1)
  Clock Path Skew:        0.022ns (DCD - SCD - CPR)
    Destination Clock Delay (DCD):    0.432ns
    Source Clock Delay      (SCD):    0.410ns
    Clock Pessimism Removal (CPR):    -0.000ns

    Location             Delay type                Incr(ns)  Path(ns)    Netlist Resource(s)
  -------------------------------------------------------------------    -------------------
                         (clock ap_clk rise edge)     0.000     0.000 r  
                                                      0.000     0.000 r  ap_clk (IN)
                         net (fo=3327, unset)         0.410     0.410    bd_0_i/hls_inst/inst/ap_clk
    SLICE_X39Y42         FDRE                                         r  bd_0_i/hls_inst/inst/p_ZZ22low_pass_filter_secondRN3hls6streamINS_4axisI8ap_fixedILi32ELi10EL9ap_q_mod_38_reg[10]/C
  -------------------------------------------------------------------    -------------------
    SLICE_X39Y42         FDRE (Prop_fdre_C_Q)         0.141     0.551 r  bd_0_i/hls_inst/inst/p_ZZ22low_pass_filter_secondRN3hls6streamINS_4axisI8ap_fixedILi32ELi10EL9ap_q_mod_38_reg[10]/Q
                         net (fo=3, routed)           0.099     0.650    bd_0_i/hls_inst/inst/p_ZZ22low_pass_filter_secondRN3hls6streamINS_4axisI8ap_fixedILi32ELi10EL9ap_q_mod_38[10]
    SLICE_X38Y42         LUT3 (Prop_lut3_I0_O)        0.048     0.698 r  bd_0_i/hls_inst/inst/mux_case_0696_reg_355[10]_i_1/O
                         net (fo=1, routed)           0.000     0.698    bd_0_i/hls_inst/inst/mux_case_0696_reg_355[10]_i_1_n_0
    SLICE_X38Y42         FDRE                                         r  bd_0_i/hls_inst/inst/mux_case_0696_reg_355_reg[10]/D
  -------------------------------------------------------------------    -------------------

                         (clock ap_clk rise edge)     0.000     0.000 r  
                                                      0.000     0.000 r  ap_clk (IN)
                         net (fo=3327, unset)         0.432     0.432    bd_0_i/hls_inst/inst/ap_clk
    SLICE_X38Y42         FDRE                                         r  bd_0_i/hls_inst/inst/mux_case_0696_reg_355_reg[10]/C
                         clock pessimism              0.000     0.432    
    SLICE_X38Y42         FDRE (Hold_fdre_C_D)         0.131     0.563    bd_0_i/hls_inst/inst/mux_case_0696_reg_355_reg[10]
  -------------------------------------------------------------------
                         required time                         -0.563    
                         arrival time                           0.698    
  -------------------------------------------------------------------
                         slack                                  0.136    

Slack (MET) :             0.136ns  (arrival time - required time)
  Source:                 bd_0_i/hls_inst/inst/p_ZZ22low_pass_filter_secondRN3hls6streamINS_4axisI8ap_fixedILi32ELi10EL9ap_q_mod_10_reg[31]/C
                            (rising edge-triggered cell FDRE clocked by ap_clk  {rise@0.000ns fall@5.000ns period=10.000ns})
  Destination:            bd_0_i/hls_inst/inst/mux_case_1717_reg_256_reg[31]/D
                            (rising edge-triggered cell FDRE clocked by ap_clk  {rise@0.000ns fall@5.000ns period=10.000ns})
  Path Group:             ap_clk
  Path Type:              Hold (Min at Fast Process Corner)
  Requirement:            0.000ns  (ap_clk rise@0.000ns - ap_clk rise@0.000ns)
  Data Path Delay:        0.278ns  (logic 0.186ns (66.849%)  route 0.092ns (33.151%))
  Logic Levels:           1  (LUT3=1)
  Clock Path Skew:        0.022ns (DCD - SCD - CPR)
    Destination Clock Delay (DCD):    0.432ns
    Source Clock Delay      (SCD):    0.410ns
    Clock Pessimism Removal (CPR):    -0.000ns

    Location             Delay type                Incr(ns)  Path(ns)    Netlist Resource(s)
  -------------------------------------------------------------------    -------------------
                         (clock ap_clk rise edge)     0.000     0.000 r  
                                                      0.000     0.000 r  ap_clk (IN)
                         net (fo=3327, unset)         0.410     0.410    bd_0_i/hls_inst/inst/ap_clk
    SLICE_X27Y31         FDRE                                         r  bd_0_i/hls_inst/inst/p_ZZ22low_pass_filter_secondRN3hls6streamINS_4axisI8ap_fixedILi32ELi10EL9ap_q_mod_10_reg[31]/C
  -------------------------------------------------------------------    -------------------
    SLICE_X27Y31         FDRE (Prop_fdre_C_Q)         0.141     0.551 r  bd_0_i/hls_inst/inst/p_ZZ22low_pass_filter_secondRN3hls6streamINS_4axisI8ap_fixedILi32ELi10EL9ap_q_mod_10_reg[31]/Q
                         net (fo=3, routed)           0.092     0.643    bd_0_i/hls_inst/inst/p_ZZ22low_pass_filter_secondRN3hls6streamINS_4axisI8ap_fixedILi32ELi10EL9ap_q_mod_10[31]
    SLICE_X26Y31         LUT3 (Prop_lut3_I0_O)        0.045     0.688 r  bd_0_i/hls_inst/inst/mux_case_1717_reg_256[31]_i_1/O
                         net (fo=1, routed)           0.000     0.688    bd_0_i/hls_inst/inst/mux_case_1717_reg_256[31]_i_1_n_0
    SLICE_X26Y31         FDRE                                         r  bd_0_i/hls_inst/inst/mux_case_1717_reg_256_reg[31]/D
  -------------------------------------------------------------------    -------------------

                         (clock ap_clk rise edge)     0.000     0.000 r  
                                                      0.000     0.000 r  ap_clk (IN)
                         net (fo=3327, unset)         0.432     0.432    bd_0_i/hls_inst/inst/ap_clk
    SLICE_X26Y31         FDRE                                         r  bd_0_i/hls_inst/inst/mux_case_1717_reg_256_reg[31]/C
                         clock pessimism              0.000     0.432    
    SLICE_X26Y31         FDRE (Hold_fdre_C_D)         0.121     0.553    bd_0_i/hls_inst/inst/mux_case_1717_reg_256_reg[31]
  -------------------------------------------------------------------
                         required time                         -0.553    
                         arrival time                           0.688    
  -------------------------------------------------------------------
                         slack                                  0.136    

Slack (MET) :             0.139ns  (arrival time - required time)
  Source:                 bd_0_i/hls_inst/inst/p_ZZ22low_pass_filter_secondRN3hls6streamINS_4axisI8ap_fixedILi32ELi10EL9ap_q_mod_12_reg[4]/C
                            (rising edge-triggered cell FDRE clocked by ap_clk  {rise@0.000ns fall@5.000ns period=10.000ns})
  Destination:            bd_0_i/hls_inst/inst/mux_case_1713_reg_274_reg[4]/D
                            (rising edge-triggered cell FDRE clocked by ap_clk  {rise@0.000ns fall@5.000ns period=10.000ns})
  Path Group:             ap_clk
  Path Type:              Hold (Min at Fast Process Corner)
  Requirement:            0.000ns  (ap_clk rise@0.000ns - ap_clk rise@0.000ns)
  Data Path Delay:        0.291ns  (logic 0.189ns (64.902%)  route 0.102ns (35.098%))
  Logic Levels:           1  (LUT3=1)
  Clock Path Skew:        0.022ns (DCD - SCD - CPR)
    Destination Clock Delay (DCD):    0.432ns
    Source Clock Delay      (SCD):    0.410ns
    Clock Pessimism Removal (CPR):    -0.000ns

    Location             Delay type                Incr(ns)  Path(ns)    Netlist Resource(s)
  -------------------------------------------------------------------    -------------------
                         (clock ap_clk rise edge)     0.000     0.000 r  
                                                      0.000     0.000 r  ap_clk (IN)
                         net (fo=3327, unset)         0.410     0.410    bd_0_i/hls_inst/inst/ap_clk
    SLICE_X37Y25         FDRE                                         r  bd_0_i/hls_inst/inst/p_ZZ22low_pass_filter_secondRN3hls6streamINS_4axisI8ap_fixedILi32ELi10EL9ap_q_mod_12_reg[4]/C
  -------------------------------------------------------------------    -------------------
    SLICE_X37Y25         FDRE (Prop_fdre_C_Q)         0.141     0.551 r  bd_0_i/hls_inst/inst/p_ZZ22low_pass_filter_secondRN3hls6streamINS_4axisI8ap_fixedILi32ELi10EL9ap_q_mod_12_reg[4]/Q
                         net (fo=3, routed)           0.102     0.653    bd_0_i/hls_inst/inst/p_ZZ22low_pass_filter_secondRN3hls6streamINS_4axisI8ap_fixedILi32ELi10EL9ap_q_mod_12[4]
    SLICE_X36Y25         LUT3 (Prop_lut3_I1_O)        0.048     0.701 r  bd_0_i/hls_inst/inst/mux_case_1713_reg_274[4]_i_1/O
                         net (fo=1, routed)           0.000     0.701    bd_0_i/hls_inst/inst/mux_case_1713_reg_274[4]_i_1_n_0
    SLICE_X36Y25         FDRE                                         r  bd_0_i/hls_inst/inst/mux_case_1713_reg_274_reg[4]/D
  -------------------------------------------------------------------    -------------------

                         (clock ap_clk rise edge)     0.000     0.000 r  
                                                      0.000     0.000 r  ap_clk (IN)
                         net (fo=3327, unset)         0.432     0.432    bd_0_i/hls_inst/inst/ap_clk
    SLICE_X36Y25         FDRE                                         r  bd_0_i/hls_inst/inst/mux_case_1713_reg_274_reg[4]/C
                         clock pessimism              0.000     0.432    
    SLICE_X36Y25         FDRE (Hold_fdre_C_D)         0.131     0.563    bd_0_i/hls_inst/inst/mux_case_1713_reg_274_reg[4]
  -------------------------------------------------------------------
                         required time                         -0.563    
                         arrival time                           0.701    
  -------------------------------------------------------------------
                         slack                                  0.139    

Slack (MET) :             0.140ns  (arrival time - required time)
  Source:                 bd_0_i/hls_inst/inst/p_ZZ22low_pass_filter_secondRN3hls6streamINS_4axisI8ap_fixedILi32ELi10EL9ap_q_mod_1_reg[24]/C
                            (rising edge-triggered cell FDRE clocked by ap_clk  {rise@0.000ns fall@5.000ns period=10.000ns})
  Destination:            bd_0_i/hls_inst/inst/mux_case_167385987389991794796910031026_reg_454_reg[24]/D
                            (rising edge-triggered cell FDRE clocked by ap_clk  {rise@0.000ns fall@5.000ns period=10.000ns})
  Path Group:             ap_clk
  Path Type:              Hold (Min at Fast Process Corner)
  Requirement:            0.000ns  (ap_clk rise@0.000ns - ap_clk rise@0.000ns)
  Data Path Delay:        0.292ns  (logic 0.189ns (64.673%)  route 0.103ns (35.327%))
  Logic Levels:           1  (LUT3=1)
  Clock Path Skew:        0.022ns (DCD - SCD - CPR)
    Destination Clock Delay (DCD):    0.432ns
    Source Clock Delay      (SCD):    0.410ns
    Clock Pessimism Removal (CPR):    -0.000ns

    Location             Delay type                Incr(ns)  Path(ns)    Netlist Resource(s)
  -------------------------------------------------------------------    -------------------
                         (clock ap_clk rise edge)     0.000     0.000 r  
                                                      0.000     0.000 r  ap_clk (IN)
                         net (fo=3327, unset)         0.410     0.410    bd_0_i/hls_inst/inst/ap_clk
    SLICE_X55Y40         FDRE                                         r  bd_0_i/hls_inst/inst/p_ZZ22low_pass_filter_secondRN3hls6streamINS_4axisI8ap_fixedILi32ELi10EL9ap_q_mod_1_reg[24]/C
  -------------------------------------------------------------------    -------------------
    SLICE_X55Y40         FDRE (Prop_fdre_C_Q)         0.141     0.551 r  bd_0_i/hls_inst/inst/p_ZZ22low_pass_filter_secondRN3hls6streamINS_4axisI8ap_fixedILi32ELi10EL9ap_q_mod_1_reg[24]/Q
                         net (fo=3, routed)           0.103     0.654    bd_0_i/hls_inst/inst/p_ZZ22low_pass_filter_secondRN3hls6streamINS_4axisI8ap_fixedILi32ELi10EL9ap_q_mod_1[24]
    SLICE_X54Y40         LUT3 (Prop_lut3_I0_O)        0.048     0.702 r  bd_0_i/hls_inst/inst/mux_case_167385987389991794796910031026_reg_454[24]_i_1/O
                         net (fo=1, routed)           0.000     0.702    bd_0_i/hls_inst/inst/mux_case_167385987389991794796910031026_reg_454[24]_i_1_n_0
    SLICE_X54Y40         FDRE                                         r  bd_0_i/hls_inst/inst/mux_case_167385987389991794796910031026_reg_454_reg[24]/D
  -------------------------------------------------------------------    -------------------

                         (clock ap_clk rise edge)     0.000     0.000 r  
                                                      0.000     0.000 r  ap_clk (IN)
                         net (fo=3327, unset)         0.432     0.432    bd_0_i/hls_inst/inst/ap_clk
    SLICE_X54Y40         FDRE                                         r  bd_0_i/hls_inst/inst/mux_case_167385987389991794796910031026_reg_454_reg[24]/C
                         clock pessimism              0.000     0.432    
    SLICE_X54Y40         FDRE (Hold_fdre_C_D)         0.131     0.563    bd_0_i/hls_inst/inst/mux_case_167385987389991794796910031026_reg_454_reg[24]
  -------------------------------------------------------------------
                         required time                         -0.563    
                         arrival time                           0.702    
  -------------------------------------------------------------------
                         slack                                  0.140    

Slack (MET) :             0.140ns  (arrival time - required time)
  Source:                 bd_0_i/hls_inst/inst/p_ZZ22low_pass_filter_secondRN3hls6streamINS_4axisI8ap_fixedILi32ELi10EL9ap_q_mod_39_reg[8]/C
                            (rising edge-triggered cell FDRE clocked by ap_clk  {rise@0.000ns fall@5.000ns period=10.000ns})
  Destination:            bd_0_i/hls_inst/inst/mux_case_0688_reg_391_reg[8]/D
                            (rising edge-triggered cell FDRE clocked by ap_clk  {rise@0.000ns fall@5.000ns period=10.000ns})
  Path Group:             ap_clk
  Path Type:              Hold (Min at Fast Process Corner)
  Requirement:            0.000ns  (ap_clk rise@0.000ns - ap_clk rise@0.000ns)
  Data Path Delay:        0.292ns  (logic 0.189ns (64.659%)  route 0.103ns (35.341%))
  Logic Levels:           1  (LUT3=1)
  Clock Path Skew:        0.022ns (DCD - SCD - CPR)
    Destination Clock Delay (DCD):    0.432ns
    Source Clock Delay      (SCD):    0.410ns
    Clock Pessimism Removal (CPR):    -0.000ns

    Location             Delay type                Incr(ns)  Path(ns)    Netlist Resource(s)
  -------------------------------------------------------------------    -------------------
                         (clock ap_clk rise edge)     0.000     0.000 r  
                                                      0.000     0.000 r  ap_clk (IN)
                         net (fo=3327, unset)         0.410     0.410    bd_0_i/hls_inst/inst/ap_clk
    SLICE_X43Y42         FDRE                                         r  bd_0_i/hls_inst/inst/p_ZZ22low_pass_filter_secondRN3hls6streamINS_4axisI8ap_fixedILi32ELi10EL9ap_q_mod_39_reg[8]/C
  -------------------------------------------------------------------    -------------------
    SLICE_X43Y42         FDRE (Prop_fdre_C_Q)         0.141     0.551 r  bd_0_i/hls_inst/inst/p_ZZ22low_pass_filter_secondRN3hls6streamINS_4axisI8ap_fixedILi32ELi10EL9ap_q_mod_39_reg[8]/Q
                         net (fo=3, routed)           0.103     0.654    bd_0_i/hls_inst/inst/p_ZZ22low_pass_filter_secondRN3hls6streamINS_4axisI8ap_fixedILi32ELi10EL9ap_q_mod_39[8]
    SLICE_X42Y42         LUT3 (Prop_lut3_I1_O)        0.048     0.702 r  bd_0_i/hls_inst/inst/mux_case_0688_reg_391[8]_i_1/O
                         net (fo=1, routed)           0.000     0.702    bd_0_i/hls_inst/inst/mux_case_0688_reg_391[8]_i_1_n_0
    SLICE_X42Y42         FDRE                                         r  bd_0_i/hls_inst/inst/mux_case_0688_reg_391_reg[8]/D
  -------------------------------------------------------------------    -------------------

                         (clock ap_clk rise edge)     0.000     0.000 r  
                                                      0.000     0.000 r  ap_clk (IN)
                         net (fo=3327, unset)         0.432     0.432    bd_0_i/hls_inst/inst/ap_clk
    SLICE_X42Y42         FDRE                                         r  bd_0_i/hls_inst/inst/mux_case_0688_reg_391_reg[8]/C
                         clock pessimism              0.000     0.432    
    SLICE_X42Y42         FDRE (Hold_fdre_C_D)         0.131     0.563    bd_0_i/hls_inst/inst/mux_case_0688_reg_391_reg[8]
  -------------------------------------------------------------------
                         required time                         -0.563    
                         arrival time                           0.702    
  -------------------------------------------------------------------
                         slack                                  0.140    

Slack (MET) :             0.141ns  (arrival time - required time)
  Source:                 bd_0_i/hls_inst/inst/sum_V_new_0_reg_472_reg[19]/C
                            (rising edge-triggered cell FDRE clocked by ap_clk  {rise@0.000ns fall@5.000ns period=10.000ns})
  Destination:            bd_0_i/hls_inst/inst/sum_V_reg[19]/D
                            (rising edge-triggered cell FDRE clocked by ap_clk  {rise@0.000ns fall@5.000ns period=10.000ns})
  Path Group:             ap_clk
  Path Type:              Hold (Min at Fast Process Corner)
  Requirement:            0.000ns  (ap_clk rise@0.000ns - ap_clk rise@0.000ns)
  Data Path Delay:        0.238ns  (logic 0.141ns (59.201%)  route 0.097ns (40.799%))
  Logic Levels:           0  
  Clock Path Skew:        0.022ns (DCD - SCD - CPR)
    Destination Clock Delay (DCD):    0.432ns
    Source Clock Delay      (SCD):    0.410ns
    Clock Pessimism Removal (CPR):    -0.000ns

    Location             Delay type                Incr(ns)  Path(ns)    Netlist Resource(s)
  -------------------------------------------------------------------    -------------------
                         (clock ap_clk rise edge)     0.000     0.000 r  
                                                      0.000     0.000 r  ap_clk (IN)
                         net (fo=3327, unset)         0.410     0.410    bd_0_i/hls_inst/inst/ap_clk
    SLICE_X25Y28         FDRE                                         r  bd_0_i/hls_inst/inst/sum_V_new_0_reg_472_reg[19]/C
  -------------------------------------------------------------------    -------------------
    SLICE_X25Y28         FDRE (Prop_fdre_C_Q)         0.141     0.551 r  bd_0_i/hls_inst/inst/sum_V_new_0_reg_472_reg[19]/Q
                         net (fo=1, routed)           0.097     0.648    bd_0_i/hls_inst/inst/sum_V_new_0_reg_472[19]
    SLICE_X26Y28         FDRE                                         r  bd_0_i/hls_inst/inst/sum_V_reg[19]/D
  -------------------------------------------------------------------    -------------------

                         (clock ap_clk rise edge)     0.000     0.000 r  
                                                      0.000     0.000 r  ap_clk (IN)
                         net (fo=3327, unset)         0.432     0.432    bd_0_i/hls_inst/inst/ap_clk
    SLICE_X26Y28         FDRE                                         r  bd_0_i/hls_inst/inst/sum_V_reg[19]/C
                         clock pessimism              0.000     0.432    
    SLICE_X26Y28         FDRE (Hold_fdre_C_D)         0.076     0.508    bd_0_i/hls_inst/inst/sum_V_reg[19]
  -------------------------------------------------------------------
                         required time                         -0.508    
                         arrival time                           0.648    
  -------------------------------------------------------------------
                         slack                                  0.141    

Slack (MET) :             0.144ns  (arrival time - required time)
  Source:                 bd_0_i/hls_inst/inst/p_ZZ22low_pass_filter_secondRN3hls6streamINS_4axisI8ap_fixedILi32ELi10EL9ap_q_mod_38_reg[10]/C
                            (rising edge-triggered cell FDRE clocked by ap_clk  {rise@0.000ns fall@5.000ns period=10.000ns})
  Destination:            bd_0_i/hls_inst/inst/mux_case_0692_reg_373_reg[10]/D
                            (rising edge-triggered cell FDRE clocked by ap_clk  {rise@0.000ns fall@5.000ns period=10.000ns})
  Path Group:             ap_clk
  Path Type:              Hold (Min at Fast Process Corner)
  Requirement:            0.000ns  (ap_clk rise@0.000ns - ap_clk rise@0.000ns)
  Data Path Delay:        0.285ns  (logic 0.186ns (65.209%)  route 0.099ns (34.791%))
  Logic Levels:           1  (LUT3=1)
  Clock Path Skew:        0.022ns (DCD - SCD - CPR)
    Destination Clock Delay (DCD):    0.432ns
    Source Clock Delay      (SCD):    0.410ns
    Clock Pessimism Removal (CPR):    -0.000ns

    Location             Delay type                Incr(ns)  Path(ns)    Netlist Resource(s)
  -------------------------------------------------------------------    -------------------
                         (clock ap_clk rise edge)     0.000     0.000 r  
                                                      0.000     0.000 r  ap_clk (IN)
                         net (fo=3327, unset)         0.410     0.410    bd_0_i/hls_inst/inst/ap_clk
    SLICE_X39Y42         FDRE                                         r  bd_0_i/hls_inst/inst/p_ZZ22low_pass_filter_secondRN3hls6streamINS_4axisI8ap_fixedILi32ELi10EL9ap_q_mod_38_reg[10]/C
  -------------------------------------------------------------------    -------------------
    SLICE_X39Y42         FDRE (Prop_fdre_C_Q)         0.141     0.551 r  bd_0_i/hls_inst/inst/p_ZZ22low_pass_filter_secondRN3hls6streamINS_4axisI8ap_fixedILi32ELi10EL9ap_q_mod_38_reg[10]/Q
                         net (fo=3, routed)           0.099     0.650    bd_0_i/hls_inst/inst/p_ZZ22low_pass_filter_secondRN3hls6streamINS_4axisI8ap_fixedILi32ELi10EL9ap_q_mod_38[10]
    SLICE_X38Y42         LUT3 (Prop_lut3_I1_O)        0.045     0.695 r  bd_0_i/hls_inst/inst/mux_case_0692_reg_373[10]_i_1/O
                         net (fo=1, routed)           0.000     0.695    bd_0_i/hls_inst/inst/mux_case_0692_reg_373[10]_i_1_n_0
    SLICE_X38Y42         FDRE                                         r  bd_0_i/hls_inst/inst/mux_case_0692_reg_373_reg[10]/D
  -------------------------------------------------------------------    -------------------

                         (clock ap_clk rise edge)     0.000     0.000 r  
                                                      0.000     0.000 r  ap_clk (IN)
                         net (fo=3327, unset)         0.432     0.432    bd_0_i/hls_inst/inst/ap_clk
    SLICE_X38Y42         FDRE                                         r  bd_0_i/hls_inst/inst/mux_case_0692_reg_373_reg[10]/C
                         clock pessimism              0.000     0.432    
    SLICE_X38Y42         FDRE (Hold_fdre_C_D)         0.120     0.552    bd_0_i/hls_inst/inst/mux_case_0692_reg_373_reg[10]
  -------------------------------------------------------------------
                         required time                         -0.552    
                         arrival time                           0.695    
  -------------------------------------------------------------------
                         slack                                  0.144    

Slack (MET) :             0.144ns  (arrival time - required time)
  Source:                 bd_0_i/hls_inst/inst/p_ZZ22low_pass_filter_secondRN3hls6streamINS_4axisI8ap_fixedILi32ELi10EL9ap_q_mod_10_reg[20]/C
                            (rising edge-triggered cell FDRE clocked by ap_clk  {rise@0.000ns fall@5.000ns period=10.000ns})
  Destination:            bd_0_i/hls_inst/inst/p_ZZ22low_pass_filter_secondRN3hls6streamINS_4axisI8ap_fixedILi32ELi10EL9ap_q_mod_30_reg[20]/D
                            (rising edge-triggered cell FDRE clocked by ap_clk  {rise@0.000ns fall@5.000ns period=10.000ns})
  Path Group:             ap_clk
  Path Type:              Hold (Min at Fast Process Corner)
  Requirement:            0.000ns  (ap_clk rise@0.000ns - ap_clk rise@0.000ns)
  Data Path Delay:        0.285ns  (logic 0.186ns (65.209%)  route 0.099ns (34.791%))
  Logic Levels:           1  (LUT3=1)
  Clock Path Skew:        0.022ns (DCD - SCD - CPR)
    Destination Clock Delay (DCD):    0.432ns
    Source Clock Delay      (SCD):    0.410ns
    Clock Pessimism Removal (CPR):    -0.000ns

    Location             Delay type                Incr(ns)  Path(ns)    Netlist Resource(s)
  -------------------------------------------------------------------    -------------------
                         (clock ap_clk rise edge)     0.000     0.000 r  
                                                      0.000     0.000 r  ap_clk (IN)
                         net (fo=3327, unset)         0.410     0.410    bd_0_i/hls_inst/inst/ap_clk
    SLICE_X39Y24         FDRE                                         r  bd_0_i/hls_inst/inst/p_ZZ22low_pass_filter_secondRN3hls6streamINS_4axisI8ap_fixedILi32ELi10EL9ap_q_mod_10_reg[20]/C
  -------------------------------------------------------------------    -------------------
    SLICE_X39Y24         FDRE (Prop_fdre_C_Q)         0.141     0.551 r  bd_0_i/hls_inst/inst/p_ZZ22low_pass_filter_secondRN3hls6streamINS_4axisI8ap_fixedILi32ELi10EL9ap_q_mod_10_reg[20]/Q
                         net (fo=3, routed)           0.099     0.650    bd_0_i/hls_inst/inst/mux_233_32_1_1_U2/Q[20]
    SLICE_X38Y24         LUT3 (Prop_lut3_I0_O)        0.045     0.695 r  bd_0_i/hls_inst/inst/mux_233_32_1_1_U2/p_ZZ22low_pass_filter_secondRN3hls6streamINS_4axisI8ap_fixedILi32ELi10EL9ap_q_mod_30[20]_i_1/O
                         net (fo=2, routed)           0.000     0.695    bd_0_i/hls_inst/inst/tmp_1_fu_686_p4[20]
    SLICE_X38Y24         FDRE                                         r  bd_0_i/hls_inst/inst/p_ZZ22low_pass_filter_secondRN3hls6streamINS_4axisI8ap_fixedILi32ELi10EL9ap_q_mod_30_reg[20]/D
  -------------------------------------------------------------------    -------------------

                         (clock ap_clk rise edge)     0.000     0.000 r  
                                                      0.000     0.000 r  ap_clk (IN)
                         net (fo=3327, unset)         0.432     0.432    bd_0_i/hls_inst/inst/ap_clk
    SLICE_X38Y24         FDRE                                         r  bd_0_i/hls_inst/inst/p_ZZ22low_pass_filter_secondRN3hls6streamINS_4axisI8ap_fixedILi32ELi10EL9ap_q_mod_30_reg[20]/C
                         clock pessimism              0.000     0.432    
    SLICE_X38Y24         FDRE (Hold_fdre_C_D)         0.120     0.552    bd_0_i/hls_inst/inst/p_ZZ22low_pass_filter_secondRN3hls6streamINS_4axisI8ap_fixedILi32ELi10EL9ap_q_mod_30_reg[20]
  -------------------------------------------------------------------
                         required time                         -0.552    
                         arrival time                           0.695    
  -------------------------------------------------------------------
                         slack                                  0.144    

Slack (MET) :             0.144ns  (arrival time - required time)
  Source:                 bd_0_i/hls_inst/inst/p_ZZ22low_pass_filter_secondRN3hls6streamINS_4axisI8ap_fixedILi32ELi10EL9ap_q_mod_22_reg[24]/C
                            (rising edge-triggered cell FDRE clocked by ap_clk  {rise@0.000ns fall@5.000ns period=10.000ns})
  Destination:            bd_0_i/hls_inst/inst/p_ZZ22low_pass_filter_secondRN3hls6streamINS_4axisI8ap_fixedILi32ELi10EL9ap_q_mod_19_reg[24]/D
                            (rising edge-triggered cell FDRE clocked by ap_clk  {rise@0.000ns fall@5.000ns period=10.000ns})
  Path Group:             ap_clk
  Path Type:              Hold (Min at Fast Process Corner)
  Requirement:            0.000ns  (ap_clk rise@0.000ns - ap_clk rise@0.000ns)
  Data Path Delay:        0.285ns  (logic 0.186ns (65.194%)  route 0.099ns (34.806%))
  Logic Levels:           1  (LUT3=1)
  Clock Path Skew:        0.022ns (DCD - SCD - CPR)
    Destination Clock Delay (DCD):    0.432ns
    Source Clock Delay      (SCD):    0.410ns
    Clock Pessimism Removal (CPR):    -0.000ns

    Location             Delay type                Incr(ns)  Path(ns)    Netlist Resource(s)
  -------------------------------------------------------------------    -------------------
                         (clock ap_clk rise edge)     0.000     0.000 r  
                                                      0.000     0.000 r  ap_clk (IN)
                         net (fo=3327, unset)         0.410     0.410    bd_0_i/hls_inst/inst/ap_clk
    SLICE_X51Y40         FDRE                                         r  bd_0_i/hls_inst/inst/p_ZZ22low_pass_filter_secondRN3hls6streamINS_4axisI8ap_fixedILi32ELi10EL9ap_q_mod_22_reg[24]/C
  -------------------------------------------------------------------    -------------------
    SLICE_X51Y40         FDRE (Prop_fdre_C_Q)         0.141     0.551 r  bd_0_i/hls_inst/inst/p_ZZ22low_pass_filter_secondRN3hls6streamINS_4axisI8ap_fixedILi32ELi10EL9ap_q_mod_22_reg[24]/Q
                         net (fo=3, routed)           0.099     0.650    bd_0_i/hls_inst/inst/mux_233_32_1_1_U12/p_ZZ22low_pass_filter_secondRN3hls6streamINS_4axisI8ap_fixedILi32ELi10EL9ap_q_mod_19_reg[31][24]
    SLICE_X50Y40         LUT3 (Prop_lut3_I1_O)        0.045     0.695 r  bd_0_i/hls_inst/inst/mux_233_32_1_1_U12/p_ZZ22low_pass_filter_secondRN3hls6streamINS_4axisI8ap_fixedILi32ELi10EL9ap_q_mod_41[24]_i_1/O
                         net (fo=2, routed)           0.000     0.695    bd_0_i/hls_inst/inst/tmp_10_fu_786_p4[24]
    SLICE_X50Y40         FDRE                                         r  bd_0_i/hls_inst/inst/p_ZZ22low_pass_filter_secondRN3hls6streamINS_4axisI8ap_fixedILi32ELi10EL9ap_q_mod_19_reg[24]/D
  -------------------------------------------------------------------    -------------------

                         (clock ap_clk rise edge)     0.000     0.000 r  
                                                      0.000     0.000 r  ap_clk (IN)
                         net (fo=3327, unset)         0.432     0.432    bd_0_i/hls_inst/inst/ap_clk
    SLICE_X50Y40         FDRE                                         r  bd_0_i/hls_inst/inst/p_ZZ22low_pass_filter_secondRN3hls6streamINS_4axisI8ap_fixedILi32ELi10EL9ap_q_mod_19_reg[24]/C
                         clock pessimism              0.000     0.432    
    SLICE_X50Y40         FDRE (Hold_fdre_C_D)         0.120     0.552    bd_0_i/hls_inst/inst/p_ZZ22low_pass_filter_secondRN3hls6streamINS_4axisI8ap_fixedILi32ELi10EL9ap_q_mod_19_reg[24]
  -------------------------------------------------------------------
                         required time                         -0.552    
                         arrival time                           0.695    
  -------------------------------------------------------------------
                         slack                                  0.144    





Pulse Width Checks
--------------------------------------------------------------------------------------
Clock Name:         ap_clk
Waveform(ns):       { 0.000 5.000 }
Period(ns):         10.000
Sources:            { ap_clk }

Check Type        Corner  Lib Pin      Reference Pin  Required(ns)  Actual(ns)  Slack(ns)  Location      Pin
Min Period        n/a     DSP48E1/CLK  n/a            3.884         10.000      6.116      DSP48_X4Y15   bd_0_i/hls_inst/inst/mul_32s_16s_47_2_1_U43/dout_reg/CLK
Min Period        n/a     DSP48E1/CLK  n/a            3.884         10.000      6.116      DSP48_X3Y13   bd_0_i/hls_inst/inst/mul_32s_16s_47_2_1_U44/dout_reg/CLK
Min Period        n/a     DSP48E1/CLK  n/a            3.884         10.000      6.116      DSP48_X3Y17   bd_0_i/hls_inst/inst/mul_32s_16s_47_2_1_U47/dout_reg/CLK
Min Period        n/a     DSP48E1/CLK  n/a            3.884         10.000      6.116      DSP48_X3Y15   bd_0_i/hls_inst/inst/mul_32s_16s_47_2_1_U48/dout_reg/CLK
Min Period        n/a     DSP48E1/CLK  n/a            3.884         10.000      6.116      DSP48_X4Y17   bd_0_i/hls_inst/inst/mul_32s_16s_47_2_1_U51/dout_reg/CLK
Min Period        n/a     DSP48E1/CLK  n/a            3.884         10.000      6.116      DSP48_X2Y15   bd_0_i/hls_inst/inst/mul_32s_16s_47_2_1_U52/dout_reg/CLK
Min Period        n/a     DSP48E1/CLK  n/a            3.884         10.000      6.116      DSP48_X3Y19   bd_0_i/hls_inst/inst/mul_32s_16s_47_2_1_U55/dout_reg/CLK
Min Period        n/a     DSP48E1/CLK  n/a            3.884         10.000      6.116      DSP48_X2Y17   bd_0_i/hls_inst/inst/mul_32s_16s_47_2_1_U56/dout_reg/CLK
Min Period        n/a     DSP48E1/CLK  n/a            3.884         10.000      6.116      DSP48_X2Y19   bd_0_i/hls_inst/inst/mul_32s_16s_47_2_1_U59/dout_reg/CLK
Min Period        n/a     DSP48E1/CLK  n/a            3.884         10.000      6.116      DSP48_X2Y22   bd_0_i/hls_inst/inst/mul_32s_16s_47_2_1_U60/dout_reg/CLK
Low Pulse Width   Slow    FDSE/C       n/a            0.500         5.000       4.500      SLICE_X28Y32  bd_0_i/hls_inst/inst/ap_CS_fsm_reg[0]/C
Low Pulse Width   Fast    FDSE/C       n/a            0.500         5.000       4.500      SLICE_X28Y32  bd_0_i/hls_inst/inst/ap_CS_fsm_reg[0]/C
Low Pulse Width   Slow    FDRE/C       n/a            0.500         5.000       4.500      SLICE_X26Y32  bd_0_i/hls_inst/inst/ap_CS_fsm_reg[10]/C
Low Pulse Width   Fast    FDRE/C       n/a            0.500         5.000       4.500      SLICE_X26Y32  bd_0_i/hls_inst/inst/ap_CS_fsm_reg[10]/C
Low Pulse Width   Slow    FDRE/C       n/a            0.500         5.000       4.500      SLICE_X28Y32  bd_0_i/hls_inst/inst/ap_CS_fsm_reg[11]/C
Low Pulse Width   Fast    FDRE/C       n/a            0.500         5.000       4.500      SLICE_X28Y32  bd_0_i/hls_inst/inst/ap_CS_fsm_reg[11]/C
Low Pulse Width   Slow    FDRE/C       n/a            0.500         5.000       4.500      SLICE_X26Y32  bd_0_i/hls_inst/inst/ap_CS_fsm_reg[12]/C
Low Pulse Width   Fast    FDRE/C       n/a            0.500         5.000       4.500      SLICE_X26Y32  bd_0_i/hls_inst/inst/ap_CS_fsm_reg[12]/C
Low Pulse Width   Slow    FDRE/C       n/a            0.500         5.000       4.500      SLICE_X27Y32  bd_0_i/hls_inst/inst/ap_CS_fsm_reg[13]/C
Low Pulse Width   Fast    FDRE/C       n/a            0.500         5.000       4.500      SLICE_X27Y32  bd_0_i/hls_inst/inst/ap_CS_fsm_reg[13]/C
High Pulse Width  Slow    FDSE/C       n/a            0.500         5.000       4.500      SLICE_X28Y32  bd_0_i/hls_inst/inst/ap_CS_fsm_reg[0]/C
High Pulse Width  Fast    FDSE/C       n/a            0.500         5.000       4.500      SLICE_X28Y32  bd_0_i/hls_inst/inst/ap_CS_fsm_reg[0]/C
High Pulse Width  Slow    FDRE/C       n/a            0.500         5.000       4.500      SLICE_X26Y32  bd_0_i/hls_inst/inst/ap_CS_fsm_reg[10]/C
High Pulse Width  Fast    FDRE/C       n/a            0.500         5.000       4.500      SLICE_X26Y32  bd_0_i/hls_inst/inst/ap_CS_fsm_reg[10]/C
High Pulse Width  Slow    FDRE/C       n/a            0.500         5.000       4.500      SLICE_X28Y32  bd_0_i/hls_inst/inst/ap_CS_fsm_reg[11]/C
High Pulse Width  Fast    FDRE/C       n/a            0.500         5.000       4.500      SLICE_X28Y32  bd_0_i/hls_inst/inst/ap_CS_fsm_reg[11]/C
High Pulse Width  Slow    FDRE/C       n/a            0.500         5.000       4.500      SLICE_X26Y32  bd_0_i/hls_inst/inst/ap_CS_fsm_reg[12]/C
High Pulse Width  Fast    FDRE/C       n/a            0.500         5.000       4.500      SLICE_X26Y32  bd_0_i/hls_inst/inst/ap_CS_fsm_reg[12]/C
High Pulse Width  Slow    FDRE/C       n/a            0.500         5.000       4.500      SLICE_X27Y32  bd_0_i/hls_inst/inst/ap_CS_fsm_reg[13]/C
High Pulse Width  Fast    FDRE/C       n/a            0.500         5.000       4.500      SLICE_X27Y32  bd_0_i/hls_inst/inst/ap_CS_fsm_reg[13]/C



--------------------------------------------------------------------------------------
Path Group:  (none)
From Clock:  ap_clk
  To Clock:  

Max Delay            19 Endpoints
Min Delay            19 Endpoints
--------------------------------------------------------------------------------------


Max Delay Paths
--------------------------------------------------------------------------------------
Slack:                    inf
  Source:                 bd_0_i/hls_inst/inst/regslice_both_output_r_V_data_V_U/B_V_data_1_sel_rd_reg/C
                            (rising edge-triggered cell FDRE clocked by ap_clk  {rise@0.000ns fall@5.000ns period=10.000ns})
  Destination:            output_r_tdata[8]
                            (output port)
  Path Group:             (none)
  Path Type:              Max at Slow Process Corner
  Data Path Delay:        2.863ns  (logic 0.610ns (21.310%)  route 2.253ns (78.690%))
  Logic Levels:           1  (LUT3=1)
  Clock Uncertainty:      0.025ns  ((TSJ^2 + TIJ^2)^1/2 + DJ) / 2 + PE
    Total System Jitter     (TSJ):    0.050ns
    Total Input Jitter      (TIJ):    0.000ns
    Discrete Jitter          (DJ):    0.000ns
    Phase Error              (PE):    0.000ns

    Location             Delay type                Incr(ns)  Path(ns)    Netlist Resource(s)
  -------------------------------------------------------------------    -------------------
                         (clock ap_clk rise edge)     0.000     0.000 r  
                                                      0.000     0.000 r  ap_clk (IN)
                         net (fo=3327, unset)         0.973     0.973    bd_0_i/hls_inst/inst/regslice_both_output_r_V_data_V_U/ap_clk
    SLICE_X24Y31         FDRE                                         r  bd_0_i/hls_inst/inst/regslice_both_output_r_V_data_V_U/B_V_data_1_sel_rd_reg/C
  -------------------------------------------------------------------    -------------------
    SLICE_X24Y31         FDRE (Prop_fdre_C_Q)         0.456     1.429 r  bd_0_i/hls_inst/inst/regslice_both_output_r_V_data_V_U/B_V_data_1_sel_rd_reg/Q
                         net (fo=17, routed)          1.280     2.709    bd_0_i/hls_inst/inst/regslice_both_output_r_V_data_V_U/B_V_data_1_sel
    SLICE_X27Y27         LUT3 (Prop_lut3_I2_O)        0.154     2.863 r  bd_0_i/hls_inst/inst/regslice_both_output_r_V_data_V_U/output_r_TDATA[8]_INST_0/O
                         net (fo=0)                   0.973     3.836    output_r_tdata[8]
                                                                      r  output_r_tdata[8] (OUT)
  -------------------------------------------------------------------    -------------------

Slack:                    inf
  Source:                 bd_0_i/hls_inst/inst/regslice_both_output_r_V_data_V_U/B_V_data_1_payload_A_reg[4]/C
                            (rising edge-triggered cell FDRE clocked by ap_clk  {rise@0.000ns fall@5.000ns period=10.000ns})
  Destination:            output_r_tdata[4]
                            (output port)
  Path Group:             (none)
  Path Type:              Max at Slow Process Corner
  Data Path Delay:        2.851ns  (logic 0.608ns (21.326%)  route 2.243ns (78.674%))
  Logic Levels:           1  (LUT3=1)
  Clock Uncertainty:      0.025ns  ((TSJ^2 + TIJ^2)^1/2 + DJ) / 2 + PE
    Total System Jitter     (TSJ):    0.050ns
    Total Input Jitter      (TIJ):    0.000ns
    Discrete Jitter          (DJ):    0.000ns
    Phase Error              (PE):    0.000ns

    Location             Delay type                Incr(ns)  Path(ns)    Netlist Resource(s)
  -------------------------------------------------------------------    -------------------
                         (clock ap_clk rise edge)     0.000     0.000 r  
                                                      0.000     0.000 r  ap_clk (IN)
                         net (fo=3327, unset)         0.973     0.973    bd_0_i/hls_inst/inst/regslice_both_output_r_V_data_V_U/ap_clk
    SLICE_X24Y26         FDRE                                         r  bd_0_i/hls_inst/inst/regslice_both_output_r_V_data_V_U/B_V_data_1_payload_A_reg[4]/C
  -------------------------------------------------------------------    -------------------
    SLICE_X24Y26         FDRE (Prop_fdre_C_Q)         0.456     1.429 r  bd_0_i/hls_inst/inst/regslice_both_output_r_V_data_V_U/B_V_data_1_payload_A_reg[4]/Q
                         net (fo=1, routed)           1.270     2.699    bd_0_i/hls_inst/inst/regslice_both_output_r_V_data_V_U/B_V_data_1_payload_A[4]
    SLICE_X27Y27         LUT3 (Prop_lut3_I1_O)        0.152     2.851 r  bd_0_i/hls_inst/inst/regslice_both_output_r_V_data_V_U/output_r_TDATA[4]_INST_0/O
                         net (fo=0)                   0.973     3.824    output_r_tdata[4]
                                                                      r  output_r_tdata[4] (OUT)
  -------------------------------------------------------------------    -------------------

Slack:                    inf
  Source:                 bd_0_i/hls_inst/inst/regslice_both_output_r_V_data_V_U/B_V_data_1_sel_rd_reg/C
                            (rising edge-triggered cell FDRE clocked by ap_clk  {rise@0.000ns fall@5.000ns period=10.000ns})
  Destination:            output_r_tdata[7]
                            (output port)
  Path Group:             (none)
  Path Type:              Max at Slow Process Corner
  Data Path Delay:        2.833ns  (logic 0.580ns (20.476%)  route 2.253ns (79.524%))
  Logic Levels:           1  (LUT3=1)
  Clock Uncertainty:      0.025ns  ((TSJ^2 + TIJ^2)^1/2 + DJ) / 2 + PE
    Total System Jitter     (TSJ):    0.050ns
    Total Input Jitter      (TIJ):    0.000ns
    Discrete Jitter          (DJ):    0.000ns
    Phase Error              (PE):    0.000ns

    Location             Delay type                Incr(ns)  Path(ns)    Netlist Resource(s)
  -------------------------------------------------------------------    -------------------
                         (clock ap_clk rise edge)     0.000     0.000 r  
                                                      0.000     0.000 r  ap_clk (IN)
                         net (fo=3327, unset)         0.973     0.973    bd_0_i/hls_inst/inst/regslice_both_output_r_V_data_V_U/ap_clk
    SLICE_X24Y31         FDRE                                         r  bd_0_i/hls_inst/inst/regslice_both_output_r_V_data_V_U/B_V_data_1_sel_rd_reg/C
  -------------------------------------------------------------------    -------------------
    SLICE_X24Y31         FDRE (Prop_fdre_C_Q)         0.456     1.429 r  bd_0_i/hls_inst/inst/regslice_both_output_r_V_data_V_U/B_V_data_1_sel_rd_reg/Q
                         net (fo=17, routed)          1.280     2.709    bd_0_i/hls_inst/inst/regslice_both_output_r_V_data_V_U/B_V_data_1_sel
    SLICE_X27Y27         LUT3 (Prop_lut3_I2_O)        0.124     2.833 r  bd_0_i/hls_inst/inst/regslice_both_output_r_V_data_V_U/output_r_TDATA[7]_INST_0/O
                         net (fo=0)                   0.973     3.806    output_r_tdata[7]
                                                                      r  output_r_tdata[7] (OUT)
  -------------------------------------------------------------------    -------------------

Slack:                    inf
  Source:                 bd_0_i/hls_inst/inst/regslice_both_output_r_V_data_V_U/B_V_data_1_sel_rd_reg/C
                            (rising edge-triggered cell FDRE clocked by ap_clk  {rise@0.000ns fall@5.000ns period=10.000ns})
  Destination:            output_r_tdata[12]
                            (output port)
  Path Group:             (none)
  Path Type:              Max at Slow Process Corner
  Data Path Delay:        2.809ns  (logic 0.606ns (21.575%)  route 2.203ns (78.425%))
  Logic Levels:           1  (LUT3=1)
  Clock Uncertainty:      0.025ns  ((TSJ^2 + TIJ^2)^1/2 + DJ) / 2 + PE
    Total System Jitter     (TSJ):    0.050ns
    Total Input Jitter      (TIJ):    0.000ns
    Discrete Jitter          (DJ):    0.000ns
    Phase Error              (PE):    0.000ns

    Location             Delay type                Incr(ns)  Path(ns)    Netlist Resource(s)
  -------------------------------------------------------------------    -------------------
                         (clock ap_clk rise edge)     0.000     0.000 r  
                                                      0.000     0.000 r  ap_clk (IN)
                         net (fo=3327, unset)         0.973     0.973    bd_0_i/hls_inst/inst/regslice_both_output_r_V_data_V_U/ap_clk
    SLICE_X24Y31         FDRE                                         r  bd_0_i/hls_inst/inst/regslice_both_output_r_V_data_V_U/B_V_data_1_sel_rd_reg/C
  -------------------------------------------------------------------    -------------------
    SLICE_X24Y31         FDRE (Prop_fdre_C_Q)         0.456     1.429 r  bd_0_i/hls_inst/inst/regslice_both_output_r_V_data_V_U/B_V_data_1_sel_rd_reg/Q
                         net (fo=17, routed)          1.230     2.659    bd_0_i/hls_inst/inst/regslice_both_output_r_V_data_V_U/B_V_data_1_sel
    SLICE_X26Y28         LUT3 (Prop_lut3_I2_O)        0.150     2.809 r  bd_0_i/hls_inst/inst/regslice_both_output_r_V_data_V_U/output_r_TDATA[12]_INST_0/O
                         net (fo=0)                   0.973     3.782    output_r_tdata[12]
                                                                      r  output_r_tdata[12] (OUT)
  -------------------------------------------------------------------    -------------------

Slack:                    inf
  Source:                 bd_0_i/hls_inst/inst/regslice_both_output_r_V_data_V_U/B_V_data_1_sel_rd_reg/C
                            (rising edge-triggered cell FDRE clocked by ap_clk  {rise@0.000ns fall@5.000ns period=10.000ns})
  Destination:            output_r_tdata[11]
                            (output port)
  Path Group:             (none)
  Path Type:              Max at Slow Process Corner
  Data Path Delay:        2.783ns  (logic 0.580ns (20.843%)  route 2.203ns (79.157%))
  Logic Levels:           1  (LUT3=1)
  Clock Uncertainty:      0.025ns  ((TSJ^2 + TIJ^2)^1/2 + DJ) / 2 + PE
    Total System Jitter     (TSJ):    0.050ns
    Total Input Jitter      (TIJ):    0.000ns
    Discrete Jitter          (DJ):    0.000ns
    Phase Error              (PE):    0.000ns

    Location             Delay type                Incr(ns)  Path(ns)    Netlist Resource(s)
  -------------------------------------------------------------------    -------------------
                         (clock ap_clk rise edge)     0.000     0.000 r  
                                                      0.000     0.000 r  ap_clk (IN)
                         net (fo=3327, unset)         0.973     0.973    bd_0_i/hls_inst/inst/regslice_both_output_r_V_data_V_U/ap_clk
    SLICE_X24Y31         FDRE                                         r  bd_0_i/hls_inst/inst/regslice_both_output_r_V_data_V_U/B_V_data_1_sel_rd_reg/C
  -------------------------------------------------------------------    -------------------
    SLICE_X24Y31         FDRE (Prop_fdre_C_Q)         0.456     1.429 r  bd_0_i/hls_inst/inst/regslice_both_output_r_V_data_V_U/B_V_data_1_sel_rd_reg/Q
                         net (fo=17, routed)          1.230     2.659    bd_0_i/hls_inst/inst/regslice_both_output_r_V_data_V_U/B_V_data_1_sel
    SLICE_X26Y28         LUT3 (Prop_lut3_I2_O)        0.124     2.783 r  bd_0_i/hls_inst/inst/regslice_both_output_r_V_data_V_U/output_r_TDATA[11]_INST_0/O
                         net (fo=0)                   0.973     3.756    output_r_tdata[11]
                                                                      r  output_r_tdata[11] (OUT)
  -------------------------------------------------------------------    -------------------

Slack:                    inf
  Source:                 bd_0_i/hls_inst/inst/regslice_both_output_r_V_data_V_U/B_V_data_1_payload_A_reg[5]/C
                            (rising edge-triggered cell FDRE clocked by ap_clk  {rise@0.000ns fall@5.000ns period=10.000ns})
  Destination:            output_r_tdata[5]
                            (output port)
  Path Group:             (none)
  Path Type:              Max at Slow Process Corner
  Data Path Delay:        2.653ns  (logic 0.580ns (21.864%)  route 2.073ns (78.136%))
  Logic Levels:           1  (LUT3=1)
  Clock Uncertainty:      0.025ns  ((TSJ^2 + TIJ^2)^1/2 + DJ) / 2 + PE
    Total System Jitter     (TSJ):    0.050ns
    Total Input Jitter      (TIJ):    0.000ns
    Discrete Jitter          (DJ):    0.000ns
    Phase Error              (PE):    0.000ns

    Location             Delay type                Incr(ns)  Path(ns)    Netlist Resource(s)
  -------------------------------------------------------------------    -------------------
                         (clock ap_clk rise edge)     0.000     0.000 r  
                                                      0.000     0.000 r  ap_clk (IN)
                         net (fo=3327, unset)         0.973     0.973    bd_0_i/hls_inst/inst/regslice_both_output_r_V_data_V_U/ap_clk
    SLICE_X24Y27         FDRE                                         r  bd_0_i/hls_inst/inst/regslice_both_output_r_V_data_V_U/B_V_data_1_payload_A_reg[5]/C
  -------------------------------------------------------------------    -------------------
    SLICE_X24Y27         FDRE (Prop_fdre_C_Q)         0.456     1.429 r  bd_0_i/hls_inst/inst/regslice_both_output_r_V_data_V_U/B_V_data_1_payload_A_reg[5]/Q
                         net (fo=1, routed)           1.100     2.529    bd_0_i/hls_inst/inst/regslice_both_output_r_V_data_V_U/B_V_data_1_payload_A[5]
    SLICE_X26Y29         LUT3 (Prop_lut3_I1_O)        0.124     2.653 r  bd_0_i/hls_inst/inst/regslice_both_output_r_V_data_V_U/output_r_TDATA[5]_INST_0/O
                         net (fo=0)                   0.973     3.626    output_r_tdata[5]
                                                                      r  output_r_tdata[5] (OUT)
  -------------------------------------------------------------------    -------------------

Slack:                    inf
  Source:                 bd_0_i/hls_inst/inst/regslice_both_output_r_V_data_V_U/B_V_data_1_payload_B_reg[14]/C
                            (rising edge-triggered cell FDRE clocked by ap_clk  {rise@0.000ns fall@5.000ns period=10.000ns})
  Destination:            output_r_tdata[14]
                            (output port)
  Path Group:             (none)
  Path Type:              Max at Slow Process Corner
  Data Path Delay:        2.637ns  (logic 0.608ns (23.059%)  route 2.029ns (76.941%))
  Logic Levels:           1  (LUT3=1)
  Clock Uncertainty:      0.025ns  ((TSJ^2 + TIJ^2)^1/2 + DJ) / 2 + PE
    Total System Jitter     (TSJ):    0.050ns
    Total Input Jitter      (TIJ):    0.000ns
    Discrete Jitter          (DJ):    0.000ns
    Phase Error              (PE):    0.000ns

    Location             Delay type                Incr(ns)  Path(ns)    Netlist Resource(s)
  -------------------------------------------------------------------    -------------------
                         (clock ap_clk rise edge)     0.000     0.000 r  
                                                      0.000     0.000 r  ap_clk (IN)
                         net (fo=3327, unset)         0.973     0.973    bd_0_i/hls_inst/inst/regslice_both_output_r_V_data_V_U/ap_clk
    SLICE_X24Y30         FDRE                                         r  bd_0_i/hls_inst/inst/regslice_both_output_r_V_data_V_U/B_V_data_1_payload_B_reg[14]/C
  -------------------------------------------------------------------    -------------------
    SLICE_X24Y30         FDRE (Prop_fdre_C_Q)         0.456     1.429 r  bd_0_i/hls_inst/inst/regslice_both_output_r_V_data_V_U/B_V_data_1_payload_B_reg[14]/Q
                         net (fo=1, routed)           1.056     2.485    bd_0_i/hls_inst/inst/regslice_both_output_r_V_data_V_U/B_V_data_1_payload_B[14]
    SLICE_X24Y30         LUT3 (Prop_lut3_I0_O)        0.152     2.637 r  bd_0_i/hls_inst/inst/regslice_both_output_r_V_data_V_U/output_r_TDATA[14]_INST_0/O
                         net (fo=0)                   0.973     3.610    output_r_tdata[14]
                                                                      r  output_r_tdata[14] (OUT)
  -------------------------------------------------------------------    -------------------

Slack:                    inf
  Source:                 bd_0_i/hls_inst/inst/regslice_both_output_r_V_data_V_U/B_V_data_1_sel_rd_reg/C
                            (rising edge-triggered cell FDRE clocked by ap_clk  {rise@0.000ns fall@5.000ns period=10.000ns})
  Destination:            output_r_tdata[15]
                            (output port)
  Path Group:             (none)
  Path Type:              Max at Slow Process Corner
  Data Path Delay:        2.583ns  (logic 0.580ns (22.452%)  route 2.003ns (77.548%))
  Logic Levels:           1  (LUT3=1)
  Clock Uncertainty:      0.025ns  ((TSJ^2 + TIJ^2)^1/2 + DJ) / 2 + PE
    Total System Jitter     (TSJ):    0.050ns
    Total Input Jitter      (TIJ):    0.000ns
    Discrete Jitter          (DJ):    0.000ns
    Phase Error              (PE):    0.000ns

    Location             Delay type                Incr(ns)  Path(ns)    Netlist Resource(s)
  -------------------------------------------------------------------    -------------------
                         (clock ap_clk rise edge)     0.000     0.000 r  
                                                      0.000     0.000 r  ap_clk (IN)
                         net (fo=3327, unset)         0.973     0.973    bd_0_i/hls_inst/inst/regslice_both_output_r_V_data_V_U/ap_clk
    SLICE_X24Y31         FDRE                                         r  bd_0_i/hls_inst/inst/regslice_both_output_r_V_data_V_U/B_V_data_1_sel_rd_reg/C
  -------------------------------------------------------------------    -------------------
    SLICE_X24Y31         FDRE (Prop_fdre_C_Q)         0.456     1.429 r  bd_0_i/hls_inst/inst/regslice_both_output_r_V_data_V_U/B_V_data_1_sel_rd_reg/Q
                         net (fo=17, routed)          1.030     2.459    bd_0_i/hls_inst/inst/regslice_both_output_r_V_data_V_U/B_V_data_1_sel
    SLICE_X26Y29         LUT3 (Prop_lut3_I2_O)        0.124     2.583 r  bd_0_i/hls_inst/inst/regslice_both_output_r_V_data_V_U/output_r_TDATA[15]_INST_0/O
                         net (fo=0)                   0.973     3.556    output_r_tdata[15]
                                                                      r  output_r_tdata[15] (OUT)
  -------------------------------------------------------------------    -------------------

Slack:                    inf
  Source:                 bd_0_i/hls_inst/inst/regslice_both_output_r_V_data_V_U/B_V_data_1_payload_B_reg[0]/C
                            (rising edge-triggered cell FDRE clocked by ap_clk  {rise@0.000ns fall@5.000ns period=10.000ns})
  Destination:            output_r_tdata[0]
                            (output port)
  Path Group:             (none)
  Path Type:              Max at Slow Process Corner
  Data Path Delay:        2.541ns  (logic 0.608ns (23.929%)  route 1.933ns (76.071%))
  Logic Levels:           1  (LUT3=1)
  Clock Uncertainty:      0.025ns  ((TSJ^2 + TIJ^2)^1/2 + DJ) / 2 + PE
    Total System Jitter     (TSJ):    0.050ns
    Total Input Jitter      (TIJ):    0.000ns
    Discrete Jitter          (DJ):    0.000ns
    Phase Error              (PE):    0.000ns

    Location             Delay type                Incr(ns)  Path(ns)    Netlist Resource(s)
  -------------------------------------------------------------------    -------------------
                         (clock ap_clk rise edge)     0.000     0.000 r  
                                                      0.000     0.000 r  ap_clk (IN)
                         net (fo=3327, unset)         0.973     0.973    bd_0_i/hls_inst/inst/regslice_both_output_r_V_data_V_U/ap_clk
    SLICE_X24Y30         FDRE                                         r  bd_0_i/hls_inst/inst/regslice_both_output_r_V_data_V_U/B_V_data_1_payload_B_reg[0]/C
  -------------------------------------------------------------------    -------------------
    SLICE_X24Y30         FDRE (Prop_fdre_C_Q)         0.456     1.429 r  bd_0_i/hls_inst/inst/regslice_both_output_r_V_data_V_U/B_V_data_1_payload_B_reg[0]/Q
                         net (fo=1, routed)           0.960     2.389    bd_0_i/hls_inst/inst/regslice_both_output_r_V_data_V_U/B_V_data_1_payload_B[0]
    SLICE_X24Y31         LUT3 (Prop_lut3_I0_O)        0.152     2.541 r  bd_0_i/hls_inst/inst/regslice_both_output_r_V_data_V_U/output_r_TDATA[0]_INST_0/O
                         net (fo=0)                   0.973     3.514    output_r_tdata[0]
                                                                      r  output_r_tdata[0] (OUT)
  -------------------------------------------------------------------    -------------------

Slack:                    inf
  Source:                 bd_0_i/hls_inst/inst/regslice_both_output_r_V_data_V_U/B_V_data_1_payload_A_reg[9]/C
                            (rising edge-triggered cell FDRE clocked by ap_clk  {rise@0.000ns fall@5.000ns period=10.000ns})
  Destination:            output_r_tdata[9]
                            (output port)
  Path Group:             (none)
  Path Type:              Max at Slow Process Corner
  Data Path Delay:        2.538ns  (logic 0.606ns (23.878%)  route 1.932ns (76.122%))
  Logic Levels:           1  (LUT3=1)
  Clock Uncertainty:      0.025ns  ((TSJ^2 + TIJ^2)^1/2 + DJ) / 2 + PE
    Total System Jitter     (TSJ):    0.050ns
    Total Input Jitter      (TIJ):    0.000ns
    Discrete Jitter          (DJ):    0.000ns
    Phase Error              (PE):    0.000ns

    Location             Delay type                Incr(ns)  Path(ns)    Netlist Resource(s)
  -------------------------------------------------------------------    -------------------
                         (clock ap_clk rise edge)     0.000     0.000 r  
                                                      0.000     0.000 r  ap_clk (IN)
                         net (fo=3327, unset)         0.973     0.973    bd_0_i/hls_inst/inst/regslice_both_output_r_V_data_V_U/ap_clk
    SLICE_X24Y28         FDRE                                         r  bd_0_i/hls_inst/inst/regslice_both_output_r_V_data_V_U/B_V_data_1_payload_A_reg[9]/C
  -------------------------------------------------------------------    -------------------
    SLICE_X24Y28         FDRE (Prop_fdre_C_Q)         0.456     1.429 r  bd_0_i/hls_inst/inst/regslice_both_output_r_V_data_V_U/B_V_data_1_payload_A_reg[9]/Q
                         net (fo=1, routed)           0.959     2.388    bd_0_i/hls_inst/inst/regslice_both_output_r_V_data_V_U/B_V_data_1_payload_A[9]
    SLICE_X26Y29         LUT3 (Prop_lut3_I1_O)        0.150     2.538 r  bd_0_i/hls_inst/inst/regslice_both_output_r_V_data_V_U/output_r_TDATA[9]_INST_0/O
                         net (fo=0)                   0.973     3.511    output_r_tdata[9]
                                                                      r  output_r_tdata[9] (OUT)
  -------------------------------------------------------------------    -------------------





Min Delay Paths
--------------------------------------------------------------------------------------
Slack:                    inf
  Source:                 bd_0_i/hls_inst/inst/regslice_both_input_r_V_data_V_U/B_V_data_1_state_reg[1]/C
                            (rising edge-triggered cell FDRE clocked by ap_clk  {rise@0.000ns fall@5.000ns period=10.000ns})
  Destination:            input_r_tready
                            (output port)
  Path Group:             (none)
  Path Type:              Min at Fast Process Corner
  Data Path Delay:        0.538ns  (logic 0.128ns (23.786%)  route 0.410ns (76.214%))
  Logic Levels:           0  
  Clock Uncertainty:      0.025ns  ((TSJ^2 + TIJ^2)^1/2 + DJ) / 2 + PE
    Total System Jitter     (TSJ):    0.050ns
    Total Input Jitter      (TIJ):    0.000ns
    Discrete Jitter          (DJ):    0.000ns
    Phase Error              (PE):    0.000ns

    Location             Delay type                Incr(ns)  Path(ns)    Netlist Resource(s)
  -------------------------------------------------------------------    -------------------
                         (clock ap_clk rise edge)     0.000     0.000 r  
                                                      0.000     0.000 r  ap_clk (IN)
                         net (fo=3327, unset)         0.410     0.410    bd_0_i/hls_inst/inst/regslice_both_input_r_V_data_V_U/ap_clk
    SLICE_X76Y30         FDRE                                         r  bd_0_i/hls_inst/inst/regslice_both_input_r_V_data_V_U/B_V_data_1_state_reg[1]/C
  -------------------------------------------------------------------    -------------------
    SLICE_X76Y30         FDRE (Prop_fdre_C_Q)         0.128     0.538 r  bd_0_i/hls_inst/inst/regslice_both_input_r_V_data_V_U/B_V_data_1_state_reg[1]/Q
                         net (fo=5, unset)            0.410     0.948    input_r_tready
                                                                      r  input_r_tready (OUT)
  -------------------------------------------------------------------    -------------------

Slack:                    inf
  Source:                 bd_0_i/hls_inst/inst/regslice_both_output_r_V_data_V_U/B_V_data_1_state_reg[0]/C
                            (rising edge-triggered cell FDRE clocked by ap_clk  {rise@0.000ns fall@5.000ns period=10.000ns})
  Destination:            output_r_tvalid
                            (output port)
  Path Group:             (none)
  Path Type:              Min at Fast Process Corner
  Data Path Delay:        0.551ns  (logic 0.141ns (25.583%)  route 0.410ns (74.417%))
  Logic Levels:           0  
  Clock Uncertainty:      0.025ns  ((TSJ^2 + TIJ^2)^1/2 + DJ) / 2 + PE
    Total System Jitter     (TSJ):    0.050ns
    Total Input Jitter      (TIJ):    0.000ns
    Discrete Jitter          (DJ):    0.000ns
    Phase Error              (PE):    0.000ns

    Location             Delay type                Incr(ns)  Path(ns)    Netlist Resource(s)
  -------------------------------------------------------------------    -------------------
                         (clock ap_clk rise edge)     0.000     0.000 r  
                                                      0.000     0.000 r  ap_clk (IN)
                         net (fo=3327, unset)         0.410     0.410    bd_0_i/hls_inst/inst/regslice_both_output_r_V_data_V_U/ap_clk
    SLICE_X27Y33         FDRE                                         r  bd_0_i/hls_inst/inst/regslice_both_output_r_V_data_V_U/B_V_data_1_state_reg[0]/C
  -------------------------------------------------------------------    -------------------
    SLICE_X27Y33         FDRE (Prop_fdre_C_Q)         0.141     0.551 r  bd_0_i/hls_inst/inst/regslice_both_output_r_V_data_V_U/B_V_data_1_state_reg[0]/Q
                         net (fo=7, unset)            0.410     0.961    output_r_tvalid
                                                                      r  output_r_tvalid (OUT)
  -------------------------------------------------------------------    -------------------

Slack:                    inf
  Source:                 bd_0_i/hls_inst/inst/regslice_both_output_r_V_data_V_U/B_V_data_1_payload_B_reg[10]/C
                            (rising edge-triggered cell FDRE clocked by ap_clk  {rise@0.000ns fall@5.000ns period=10.000ns})
  Destination:            output_r_tdata[10]
                            (output port)
  Path Group:             (none)
  Path Type:              Min at Fast Process Corner
  Data Path Delay:        0.683ns  (logic 0.186ns (27.223%)  route 0.497ns (72.777%))
  Logic Levels:           1  (LUT3=1)
  Clock Uncertainty:      0.025ns  ((TSJ^2 + TIJ^2)^1/2 + DJ) / 2 + PE
    Total System Jitter     (TSJ):    0.050ns
    Total Input Jitter      (TIJ):    0.000ns
    Discrete Jitter          (DJ):    0.000ns
    Phase Error              (PE):    0.000ns

    Location             Delay type                Incr(ns)  Path(ns)    Netlist Resource(s)
  -------------------------------------------------------------------    -------------------
                         (clock ap_clk rise edge)     0.000     0.000 r  
                                                      0.000     0.000 r  ap_clk (IN)
                         net (fo=3327, unset)         0.410     0.410    bd_0_i/hls_inst/inst/regslice_both_output_r_V_data_V_U/ap_clk
    SLICE_X27Y29         FDRE                                         r  bd_0_i/hls_inst/inst/regslice_both_output_r_V_data_V_U/B_V_data_1_payload_B_reg[10]/C
  -------------------------------------------------------------------    -------------------
    SLICE_X27Y29         FDRE (Prop_fdre_C_Q)         0.141     0.551 r  bd_0_i/hls_inst/inst/regslice_both_output_r_V_data_V_U/B_V_data_1_payload_B_reg[10]/Q
                         net (fo=1, routed)           0.087     0.638    bd_0_i/hls_inst/inst/regslice_both_output_r_V_data_V_U/B_V_data_1_payload_B[10]
    SLICE_X26Y29         LUT3 (Prop_lut3_I0_O)        0.045     0.683 r  bd_0_i/hls_inst/inst/regslice_both_output_r_V_data_V_U/output_r_TDATA[10]_INST_0/O
                         net (fo=0)                   0.410     1.093    output_r_tdata[10]
                                                                      r  output_r_tdata[10] (OUT)
  -------------------------------------------------------------------    -------------------

Slack:                    inf
  Source:                 bd_0_i/hls_inst/inst/regslice_both_output_r_V_data_V_U/B_V_data_1_payload_B_reg[11]/C
                            (rising edge-triggered cell FDRE clocked by ap_clk  {rise@0.000ns fall@5.000ns period=10.000ns})
  Destination:            output_r_tdata[11]
                            (output port)
  Path Group:             (none)
  Path Type:              Min at Fast Process Corner
  Data Path Delay:        0.683ns  (logic 0.186ns (27.223%)  route 0.497ns (72.777%))
  Logic Levels:           1  (LUT3=1)
  Clock Uncertainty:      0.025ns  ((TSJ^2 + TIJ^2)^1/2 + DJ) / 2 + PE
    Total System Jitter     (TSJ):    0.050ns
    Total Input Jitter      (TIJ):    0.000ns
    Discrete Jitter          (DJ):    0.000ns
    Phase Error              (PE):    0.000ns

    Location             Delay type                Incr(ns)  Path(ns)    Netlist Resource(s)
  -------------------------------------------------------------------    -------------------
                         (clock ap_clk rise edge)     0.000     0.000 r  
                                                      0.000     0.000 r  ap_clk (IN)
                         net (fo=3327, unset)         0.410     0.410    bd_0_i/hls_inst/inst/regslice_both_output_r_V_data_V_U/ap_clk
    SLICE_X27Y28         FDRE                                         r  bd_0_i/hls_inst/inst/regslice_both_output_r_V_data_V_U/B_V_data_1_payload_B_reg[11]/C
  -------------------------------------------------------------------    -------------------
    SLICE_X27Y28         FDRE (Prop_fdre_C_Q)         0.141     0.551 r  bd_0_i/hls_inst/inst/regslice_both_output_r_V_data_V_U/B_V_data_1_payload_B_reg[11]/Q
                         net (fo=1, routed)           0.087     0.638    bd_0_i/hls_inst/inst/regslice_both_output_r_V_data_V_U/B_V_data_1_payload_B[11]
    SLICE_X26Y28         LUT3 (Prop_lut3_I0_O)        0.045     0.683 r  bd_0_i/hls_inst/inst/regslice_both_output_r_V_data_V_U/output_r_TDATA[11]_INST_0/O
                         net (fo=0)                   0.410     1.093    output_r_tdata[11]
                                                                      r  output_r_tdata[11] (OUT)
  -------------------------------------------------------------------    -------------------

Slack:                    inf
  Source:                 bd_0_i/hls_inst/inst/regslice_both_output_r_V_data_V_U/B_V_data_1_payload_A_reg[7]/C
                            (rising edge-triggered cell FDRE clocked by ap_clk  {rise@0.000ns fall@5.000ns period=10.000ns})
  Destination:            output_r_tdata[7]
                            (output port)
  Path Group:             (none)
  Path Type:              Min at Fast Process Corner
  Data Path Delay:        0.727ns  (logic 0.186ns (25.579%)  route 0.541ns (74.421%))
  Logic Levels:           1  (LUT3=1)
  Clock Uncertainty:      0.025ns  ((TSJ^2 + TIJ^2)^1/2 + DJ) / 2 + PE
    Total System Jitter     (TSJ):    0.050ns
    Total Input Jitter      (TIJ):    0.000ns
    Discrete Jitter          (DJ):    0.000ns
    Phase Error              (PE):    0.000ns

    Location             Delay type                Incr(ns)  Path(ns)    Netlist Resource(s)
  -------------------------------------------------------------------    -------------------
                         (clock ap_clk rise edge)     0.000     0.000 r  
                                                      0.000     0.000 r  ap_clk (IN)
                         net (fo=3327, unset)         0.410     0.410    bd_0_i/hls_inst/inst/regslice_both_output_r_V_data_V_U/ap_clk
    SLICE_X24Y27         FDRE                                         r  bd_0_i/hls_inst/inst/regslice_both_output_r_V_data_V_U/B_V_data_1_payload_A_reg[7]/C
  -------------------------------------------------------------------    -------------------
    SLICE_X24Y27         FDRE (Prop_fdre_C_Q)         0.141     0.551 r  bd_0_i/hls_inst/inst/regslice_both_output_r_V_data_V_U/B_V_data_1_payload_A_reg[7]/Q
                         net (fo=1, routed)           0.131     0.682    bd_0_i/hls_inst/inst/regslice_both_output_r_V_data_V_U/B_V_data_1_payload_A[7]
    SLICE_X27Y27         LUT3 (Prop_lut3_I1_O)        0.045     0.727 r  bd_0_i/hls_inst/inst/regslice_both_output_r_V_data_V_U/output_r_TDATA[7]_INST_0/O
                         net (fo=0)                   0.410     1.137    output_r_tdata[7]
                                                                      r  output_r_tdata[7] (OUT)
  -------------------------------------------------------------------    -------------------

Slack:                    inf
  Source:                 bd_0_i/hls_inst/inst/regslice_both_output_r_V_data_V_U/B_V_data_1_payload_A_reg[15]/C
                            (rising edge-triggered cell FDRE clocked by ap_clk  {rise@0.000ns fall@5.000ns period=10.000ns})
  Destination:            output_r_tdata[15]
                            (output port)
  Path Group:             (none)
  Path Type:              Min at Fast Process Corner
  Data Path Delay:        0.734ns  (logic 0.186ns (25.335%)  route 0.548ns (74.665%))
  Logic Levels:           1  (LUT3=1)
  Clock Uncertainty:      0.025ns  ((TSJ^2 + TIJ^2)^1/2 + DJ) / 2 + PE
    Total System Jitter     (TSJ):    0.050ns
    Total Input Jitter      (TIJ):    0.000ns
    Discrete Jitter          (DJ):    0.000ns
    Phase Error              (PE):    0.000ns

    Location             Delay type                Incr(ns)  Path(ns)    Netlist Resource(s)
  -------------------------------------------------------------------    -------------------
                         (clock ap_clk rise edge)     0.000     0.000 r  
                                                      0.000     0.000 r  ap_clk (IN)
                         net (fo=3327, unset)         0.410     0.410    bd_0_i/hls_inst/inst/regslice_both_output_r_V_data_V_U/ap_clk
    SLICE_X24Y29         FDRE                                         r  bd_0_i/hls_inst/inst/regslice_both_output_r_V_data_V_U/B_V_data_1_payload_A_reg[15]/C
  -------------------------------------------------------------------    -------------------
    SLICE_X24Y29         FDRE (Prop_fdre_C_Q)         0.141     0.551 r  bd_0_i/hls_inst/inst/regslice_both_output_r_V_data_V_U/B_V_data_1_payload_A_reg[15]/Q
                         net (fo=1, routed)           0.138     0.689    bd_0_i/hls_inst/inst/regslice_both_output_r_V_data_V_U/B_V_data_1_payload_A[15]
    SLICE_X26Y29         LUT3 (Prop_lut3_I1_O)        0.045     0.734 r  bd_0_i/hls_inst/inst/regslice_both_output_r_V_data_V_U/output_r_TDATA[15]_INST_0/O
                         net (fo=0)                   0.410     1.144    output_r_tdata[15]
                                                                      r  output_r_tdata[15] (OUT)
  -------------------------------------------------------------------    -------------------

Slack:                    inf
  Source:                 bd_0_i/hls_inst/inst/regslice_both_output_r_V_data_V_U/B_V_data_1_payload_B_reg[2]/C
                            (rising edge-triggered cell FDRE clocked by ap_clk  {rise@0.000ns fall@5.000ns period=10.000ns})
  Destination:            output_r_tdata[2]
                            (output port)
  Path Group:             (none)
  Path Type:              Min at Fast Process Corner
  Data Path Delay:        0.737ns  (logic 0.189ns (25.634%)  route 0.548ns (74.366%))
  Logic Levels:           1  (LUT3=1)
  Clock Uncertainty:      0.025ns  ((TSJ^2 + TIJ^2)^1/2 + DJ) / 2 + PE
    Total System Jitter     (TSJ):    0.050ns
    Total Input Jitter      (TIJ):    0.000ns
    Discrete Jitter          (DJ):    0.000ns
    Phase Error              (PE):    0.000ns

    Location             Delay type                Incr(ns)  Path(ns)    Netlist Resource(s)
  -------------------------------------------------------------------    -------------------
                         (clock ap_clk rise edge)     0.000     0.000 r  
                                                      0.000     0.000 r  ap_clk (IN)
                         net (fo=3327, unset)         0.410     0.410    bd_0_i/hls_inst/inst/regslice_both_output_r_V_data_V_U/ap_clk
    SLICE_X27Y26         FDRE                                         r  bd_0_i/hls_inst/inst/regslice_both_output_r_V_data_V_U/B_V_data_1_payload_B_reg[2]/C
  -------------------------------------------------------------------    -------------------
    SLICE_X27Y26         FDRE (Prop_fdre_C_Q)         0.141     0.551 r  bd_0_i/hls_inst/inst/regslice_both_output_r_V_data_V_U/B_V_data_1_payload_B_reg[2]/Q
                         net (fo=1, routed)           0.138     0.689    bd_0_i/hls_inst/inst/regslice_both_output_r_V_data_V_U/B_V_data_1_payload_B[2]
    SLICE_X27Y27         LUT3 (Prop_lut3_I0_O)        0.048     0.737 r  bd_0_i/hls_inst/inst/regslice_both_output_r_V_data_V_U/output_r_TDATA[2]_INST_0/O
                         net (fo=0)                   0.410     1.147    output_r_tdata[2]
                                                                      r  output_r_tdata[2] (OUT)
  -------------------------------------------------------------------    -------------------

Slack:                    inf
  Source:                 bd_0_i/hls_inst/inst/regslice_both_output_r_V_data_V_U/B_V_data_1_payload_B_reg[1]/C
                            (rising edge-triggered cell FDRE clocked by ap_clk  {rise@0.000ns fall@5.000ns period=10.000ns})
  Destination:            output_r_tdata[1]
                            (output port)
  Path Group:             (none)
  Path Type:              Min at Fast Process Corner
  Data Path Delay:        0.752ns  (logic 0.186ns (24.726%)  route 0.566ns (75.274%))
  Logic Levels:           1  (LUT3=1)
  Clock Uncertainty:      0.025ns  ((TSJ^2 + TIJ^2)^1/2 + DJ) / 2 + PE
    Total System Jitter     (TSJ):    0.050ns
    Total Input Jitter      (TIJ):    0.000ns
    Discrete Jitter          (DJ):    0.000ns
    Phase Error              (PE):    0.000ns

    Location             Delay type                Incr(ns)  Path(ns)    Netlist Resource(s)
  -------------------------------------------------------------------    -------------------
                         (clock ap_clk rise edge)     0.000     0.000 r  
                                                      0.000     0.000 r  ap_clk (IN)
                         net (fo=3327, unset)         0.410     0.410    bd_0_i/hls_inst/inst/regslice_both_output_r_V_data_V_U/ap_clk
    SLICE_X27Y27         FDRE                                         r  bd_0_i/hls_inst/inst/regslice_both_output_r_V_data_V_U/B_V_data_1_payload_B_reg[1]/C
  -------------------------------------------------------------------    -------------------
    SLICE_X27Y27         FDRE (Prop_fdre_C_Q)         0.141     0.551 r  bd_0_i/hls_inst/inst/regslice_both_output_r_V_data_V_U/B_V_data_1_payload_B_reg[1]/Q
                         net (fo=1, routed)           0.156     0.707    bd_0_i/hls_inst/inst/regslice_both_output_r_V_data_V_U/B_V_data_1_payload_B[1]
    SLICE_X27Y27         LUT3 (Prop_lut3_I0_O)        0.045     0.752 r  bd_0_i/hls_inst/inst/regslice_both_output_r_V_data_V_U/output_r_TDATA[1]_INST_0/O
                         net (fo=0)                   0.410     1.162    output_r_tdata[1]
                                                                      r  output_r_tdata[1] (OUT)
  -------------------------------------------------------------------    -------------------

Slack:                    inf
  Source:                 bd_0_i/hls_inst/inst/regslice_both_output_r_V_data_V_U/B_V_data_1_payload_A_reg[13]/C
                            (rising edge-triggered cell FDRE clocked by ap_clk  {rise@0.000ns fall@5.000ns period=10.000ns})
  Destination:            output_r_tdata[13]
                            (output port)
  Path Group:             (none)
  Path Type:              Min at Fast Process Corner
  Data Path Delay:        0.753ns  (logic 0.186ns (24.713%)  route 0.567ns (75.287%))
  Logic Levels:           1  (LUT3=1)
  Clock Uncertainty:      0.025ns  ((TSJ^2 + TIJ^2)^1/2 + DJ) / 2 + PE
    Total System Jitter     (TSJ):    0.050ns
    Total Input Jitter      (TIJ):    0.000ns
    Discrete Jitter          (DJ):    0.000ns
    Phase Error              (PE):    0.000ns

    Location             Delay type                Incr(ns)  Path(ns)    Netlist Resource(s)
  -------------------------------------------------------------------    -------------------
                         (clock ap_clk rise edge)     0.000     0.000 r  
                                                      0.000     0.000 r  ap_clk (IN)
                         net (fo=3327, unset)         0.410     0.410    bd_0_i/hls_inst/inst/regslice_both_output_r_V_data_V_U/ap_clk
    SLICE_X24Y29         FDRE                                         r  bd_0_i/hls_inst/inst/regslice_both_output_r_V_data_V_U/B_V_data_1_payload_A_reg[13]/C
  -------------------------------------------------------------------    -------------------
    SLICE_X24Y29         FDRE (Prop_fdre_C_Q)         0.141     0.551 r  bd_0_i/hls_inst/inst/regslice_both_output_r_V_data_V_U/B_V_data_1_payload_A_reg[13]/Q
                         net (fo=1, routed)           0.157     0.708    bd_0_i/hls_inst/inst/regslice_both_output_r_V_data_V_U/B_V_data_1_payload_A[13]
    SLICE_X24Y30         LUT3 (Prop_lut3_I1_O)        0.045     0.753 r  bd_0_i/hls_inst/inst/regslice_both_output_r_V_data_V_U/output_r_TDATA[13]_INST_0/O
                         net (fo=0)                   0.410     1.163    output_r_tdata[13]
                                                                      r  output_r_tdata[13] (OUT)
  -------------------------------------------------------------------    -------------------

Slack:                    inf
  Source:                 bd_0_i/hls_inst/inst/regslice_both_output_r_V_data_V_U/B_V_data_1_payload_A_reg[6]/C
                            (rising edge-triggered cell FDRE clocked by ap_clk  {rise@0.000ns fall@5.000ns period=10.000ns})
  Destination:            output_r_tdata[6]
                            (output port)
  Path Group:             (none)
  Path Type:              Min at Fast Process Corner
  Data Path Delay:        0.797ns  (logic 0.189ns (23.706%)  route 0.608ns (76.294%))
  Logic Levels:           1  (LUT3=1)
  Clock Uncertainty:      0.025ns  ((TSJ^2 + TIJ^2)^1/2 + DJ) / 2 + PE
    Total System Jitter     (TSJ):    0.050ns
    Total Input Jitter      (TIJ):    0.000ns
    Discrete Jitter          (DJ):    0.000ns
    Phase Error              (PE):    0.000ns

    Location             Delay type                Incr(ns)  Path(ns)    Netlist Resource(s)
  -------------------------------------------------------------------    -------------------
                         (clock ap_clk rise edge)     0.000     0.000 r  
                                                      0.000     0.000 r  ap_clk (IN)
                         net (fo=3327, unset)         0.410     0.410    bd_0_i/hls_inst/inst/regslice_both_output_r_V_data_V_U/ap_clk
    SLICE_X24Y27         FDRE                                         r  bd_0_i/hls_inst/inst/regslice_both_output_r_V_data_V_U/B_V_data_1_payload_A_reg[6]/C
  -------------------------------------------------------------------    -------------------
    SLICE_X24Y27         FDRE (Prop_fdre_C_Q)         0.141     0.551 r  bd_0_i/hls_inst/inst/regslice_both_output_r_V_data_V_U/B_V_data_1_payload_A_reg[6]/Q
                         net (fo=1, routed)           0.198     0.749    bd_0_i/hls_inst/inst/regslice_both_output_r_V_data_V_U/B_V_data_1_payload_A[6]
    SLICE_X26Y29         LUT3 (Prop_lut3_I1_O)        0.048     0.797 r  bd_0_i/hls_inst/inst/regslice_both_output_r_V_data_V_U/output_r_TDATA[6]_INST_0/O
                         net (fo=0)                   0.410     1.207    output_r_tdata[6]
                                                                      r  output_r_tdata[6] (OUT)
  -------------------------------------------------------------------    -------------------





--------------------------------------------------------------------------------------
Path Group:  (none)
From Clock:  
  To Clock:  ap_clk

Max Delay           196 Endpoints
Min Delay           196 Endpoints
--------------------------------------------------------------------------------------


Max Delay Paths
--------------------------------------------------------------------------------------
Slack:                    inf
  Source:                 output_r_tready
                            (input port)
  Destination:            bd_0_i/hls_inst/inst/count_V_reg[0]_rep__11/R
                            (rising edge-triggered cell FDRE clocked by ap_clk  {rise@0.000ns fall@5.000ns period=10.000ns})
  Path Group:             (none)
  Path Type:              Setup (Max at Slow Process Corner)
  Data Path Delay:        3.867ns  (logic 0.248ns (6.413%)  route 3.619ns (93.587%))
  Logic Levels:           2  (LUT5=2)
  Clock Path Skew:        0.924ns (DCD - SCD + CPR)
    Destination Clock Delay (DCD):    0.924ns
    Source Clock Delay      (SCD):    0.000ns
    Clock Pessimism Removal (CPR):    0.000ns
  Clock Uncertainty:      0.025ns  ((TSJ^2 + TIJ^2)^1/2 + DJ) / 2 + PE
    Total System Jitter     (TSJ):    0.050ns
    Total Input Jitter      (TIJ):    0.000ns
    Discrete Jitter          (DJ):    0.000ns
    Phase Error              (PE):    0.000ns

    Location             Delay type                Incr(ns)  Path(ns)    Netlist Resource(s)
  -------------------------------------------------------------------    -------------------
                                                      0.000     0.000 r  output_r_tready (IN)
                         net (fo=7, unset)            0.973     0.973    bd_0_i/hls_inst/inst/regslice_both_output_r_V_data_V_U/output_r_TREADY
    SLICE_X26Y32         LUT5 (Prop_lut5_I1_O)        0.124     1.097 r  bd_0_i/hls_inst/inst/regslice_both_output_r_V_data_V_U/sum_V[22]_i_2/O
                         net (fo=26, routed)          0.823     1.920    bd_0_i/hls_inst/inst/regslice_both_output_r_V_data_V_U/ap_NS_fsm1
    SLICE_X27Y33         LUT5 (Prop_lut5_I4_O)        0.124     2.044 r  bd_0_i/hls_inst/inst/regslice_both_output_r_V_data_V_U/count_V[1]_i_1/O
                         net (fo=43, routed)          1.823     3.867    bd_0_i/hls_inst/inst/count_V
    SLICE_X57Y34         FDRE                                         r  bd_0_i/hls_inst/inst/count_V_reg[0]_rep__11/R
  -------------------------------------------------------------------    -------------------

                         (clock ap_clk rise edge)     0.000     0.000 r  
                                                      0.000     0.000 r  ap_clk (IN)
                         net (fo=3327, unset)         0.924     0.924    bd_0_i/hls_inst/inst/ap_clk
    SLICE_X57Y34         FDRE                                         r  bd_0_i/hls_inst/inst/count_V_reg[0]_rep__11/C

Slack:                    inf
  Source:                 output_r_tready
                            (input port)
  Destination:            bd_0_i/hls_inst/inst/count_V_reg[0]_rep__14/R
                            (rising edge-triggered cell FDRE clocked by ap_clk  {rise@0.000ns fall@5.000ns period=10.000ns})
  Path Group:             (none)
  Path Type:              Setup (Max at Slow Process Corner)
  Data Path Delay:        3.867ns  (logic 0.248ns (6.413%)  route 3.619ns (93.587%))
  Logic Levels:           2  (LUT5=2)
  Clock Path Skew:        0.924ns (DCD - SCD + CPR)
    Destination Clock Delay (DCD):    0.924ns
    Source Clock Delay      (SCD):    0.000ns
    Clock Pessimism Removal (CPR):    0.000ns
  Clock Uncertainty:      0.025ns  ((TSJ^2 + TIJ^2)^1/2 + DJ) / 2 + PE
    Total System Jitter     (TSJ):    0.050ns
    Total Input Jitter      (TIJ):    0.000ns
    Discrete Jitter          (DJ):    0.000ns
    Phase Error              (PE):    0.000ns

    Location             Delay type                Incr(ns)  Path(ns)    Netlist Resource(s)
  -------------------------------------------------------------------    -------------------
                                                      0.000     0.000 r  output_r_tready (IN)
                         net (fo=7, unset)            0.973     0.973    bd_0_i/hls_inst/inst/regslice_both_output_r_V_data_V_U/output_r_TREADY
    SLICE_X26Y32         LUT5 (Prop_lut5_I1_O)        0.124     1.097 r  bd_0_i/hls_inst/inst/regslice_both_output_r_V_data_V_U/sum_V[22]_i_2/O
                         net (fo=26, routed)          0.823     1.920    bd_0_i/hls_inst/inst/regslice_both_output_r_V_data_V_U/ap_NS_fsm1
    SLICE_X27Y33         LUT5 (Prop_lut5_I4_O)        0.124     2.044 r  bd_0_i/hls_inst/inst/regslice_both_output_r_V_data_V_U/count_V[1]_i_1/O
                         net (fo=43, routed)          1.823     3.867    bd_0_i/hls_inst/inst/count_V
    SLICE_X57Y34         FDRE                                         r  bd_0_i/hls_inst/inst/count_V_reg[0]_rep__14/R
  -------------------------------------------------------------------    -------------------

                         (clock ap_clk rise edge)     0.000     0.000 r  
                                                      0.000     0.000 r  ap_clk (IN)
                         net (fo=3327, unset)         0.924     0.924    bd_0_i/hls_inst/inst/ap_clk
    SLICE_X57Y34         FDRE                                         r  bd_0_i/hls_inst/inst/count_V_reg[0]_rep__14/C

Slack:                    inf
  Source:                 output_r_tready
                            (input port)
  Destination:            bd_0_i/hls_inst/inst/count_V_reg[0]_rep__15/R
                            (rising edge-triggered cell FDRE clocked by ap_clk  {rise@0.000ns fall@5.000ns period=10.000ns})
  Path Group:             (none)
  Path Type:              Setup (Max at Slow Process Corner)
  Data Path Delay:        3.867ns  (logic 0.248ns (6.413%)  route 3.619ns (93.587%))
  Logic Levels:           2  (LUT5=2)
  Clock Path Skew:        0.924ns (DCD - SCD + CPR)
    Destination Clock Delay (DCD):    0.924ns
    Source Clock Delay      (SCD):    0.000ns
    Clock Pessimism Removal (CPR):    0.000ns
  Clock Uncertainty:      0.025ns  ((TSJ^2 + TIJ^2)^1/2 + DJ) / 2 + PE
    Total System Jitter     (TSJ):    0.050ns
    Total Input Jitter      (TIJ):    0.000ns
    Discrete Jitter          (DJ):    0.000ns
    Phase Error              (PE):    0.000ns

    Location             Delay type                Incr(ns)  Path(ns)    Netlist Resource(s)
  -------------------------------------------------------------------    -------------------
                                                      0.000     0.000 r  output_r_tready (IN)
                         net (fo=7, unset)            0.973     0.973    bd_0_i/hls_inst/inst/regslice_both_output_r_V_data_V_U/output_r_TREADY
    SLICE_X26Y32         LUT5 (Prop_lut5_I1_O)        0.124     1.097 r  bd_0_i/hls_inst/inst/regslice_both_output_r_V_data_V_U/sum_V[22]_i_2/O
                         net (fo=26, routed)          0.823     1.920    bd_0_i/hls_inst/inst/regslice_both_output_r_V_data_V_U/ap_NS_fsm1
    SLICE_X27Y33         LUT5 (Prop_lut5_I4_O)        0.124     2.044 r  bd_0_i/hls_inst/inst/regslice_both_output_r_V_data_V_U/count_V[1]_i_1/O
                         net (fo=43, routed)          1.823     3.867    bd_0_i/hls_inst/inst/count_V
    SLICE_X57Y34         FDRE                                         r  bd_0_i/hls_inst/inst/count_V_reg[0]_rep__15/R
  -------------------------------------------------------------------    -------------------

                         (clock ap_clk rise edge)     0.000     0.000 r  
                                                      0.000     0.000 r  ap_clk (IN)
                         net (fo=3327, unset)         0.924     0.924    bd_0_i/hls_inst/inst/ap_clk
    SLICE_X57Y34         FDRE                                         r  bd_0_i/hls_inst/inst/count_V_reg[0]_rep__15/C

Slack:                    inf
  Source:                 output_r_tready
                            (input port)
  Destination:            bd_0_i/hls_inst/inst/count_V_reg[0]_rep__16/R
                            (rising edge-triggered cell FDRE clocked by ap_clk  {rise@0.000ns fall@5.000ns period=10.000ns})
  Path Group:             (none)
  Path Type:              Setup (Max at Slow Process Corner)
  Data Path Delay:        3.867ns  (logic 0.248ns (6.413%)  route 3.619ns (93.587%))
  Logic Levels:           2  (LUT5=2)
  Clock Path Skew:        0.924ns (DCD - SCD + CPR)
    Destination Clock Delay (DCD):    0.924ns
    Source Clock Delay      (SCD):    0.000ns
    Clock Pessimism Removal (CPR):    0.000ns
  Clock Uncertainty:      0.025ns  ((TSJ^2 + TIJ^2)^1/2 + DJ) / 2 + PE
    Total System Jitter     (TSJ):    0.050ns
    Total Input Jitter      (TIJ):    0.000ns
    Discrete Jitter          (DJ):    0.000ns
    Phase Error              (PE):    0.000ns

    Location             Delay type                Incr(ns)  Path(ns)    Netlist Resource(s)
  -------------------------------------------------------------------    -------------------
                                                      0.000     0.000 r  output_r_tready (IN)
                         net (fo=7, unset)            0.973     0.973    bd_0_i/hls_inst/inst/regslice_both_output_r_V_data_V_U/output_r_TREADY
    SLICE_X26Y32         LUT5 (Prop_lut5_I1_O)        0.124     1.097 r  bd_0_i/hls_inst/inst/regslice_both_output_r_V_data_V_U/sum_V[22]_i_2/O
                         net (fo=26, routed)          0.823     1.920    bd_0_i/hls_inst/inst/regslice_both_output_r_V_data_V_U/ap_NS_fsm1
    SLICE_X27Y33         LUT5 (Prop_lut5_I4_O)        0.124     2.044 r  bd_0_i/hls_inst/inst/regslice_both_output_r_V_data_V_U/count_V[1]_i_1/O
                         net (fo=43, routed)          1.823     3.867    bd_0_i/hls_inst/inst/count_V
    SLICE_X57Y34         FDRE                                         r  bd_0_i/hls_inst/inst/count_V_reg[0]_rep__16/R
  -------------------------------------------------------------------    -------------------

                         (clock ap_clk rise edge)     0.000     0.000 r  
                                                      0.000     0.000 r  ap_clk (IN)
                         net (fo=3327, unset)         0.924     0.924    bd_0_i/hls_inst/inst/ap_clk
    SLICE_X57Y34         FDRE                                         r  bd_0_i/hls_inst/inst/count_V_reg[0]_rep__16/C

Slack:                    inf
  Source:                 output_r_tready
                            (input port)
  Destination:            bd_0_i/hls_inst/inst/count_V_reg[0]_rep__0/R
                            (rising edge-triggered cell FDRE clocked by ap_clk  {rise@0.000ns fall@5.000ns period=10.000ns})
  Path Group:             (none)
  Path Type:              Setup (Max at Slow Process Corner)
  Data Path Delay:        3.747ns  (logic 0.248ns (6.618%)  route 3.499ns (93.382%))
  Logic Levels:           2  (LUT5=2)
  Clock Path Skew:        0.924ns (DCD - SCD + CPR)
    Destination Clock Delay (DCD):    0.924ns
    Source Clock Delay      (SCD):    0.000ns
    Clock Pessimism Removal (CPR):    0.000ns
  Clock Uncertainty:      0.025ns  ((TSJ^2 + TIJ^2)^1/2 + DJ) / 2 + PE
    Total System Jitter     (TSJ):    0.050ns
    Total Input Jitter      (TIJ):    0.000ns
    Discrete Jitter          (DJ):    0.000ns
    Phase Error              (PE):    0.000ns

    Location             Delay type                Incr(ns)  Path(ns)    Netlist Resource(s)
  -------------------------------------------------------------------    -------------------
                                                      0.000     0.000 r  output_r_tready (IN)
                         net (fo=7, unset)            0.973     0.973    bd_0_i/hls_inst/inst/regslice_both_output_r_V_data_V_U/output_r_TREADY
    SLICE_X26Y32         LUT5 (Prop_lut5_I1_O)        0.124     1.097 r  bd_0_i/hls_inst/inst/regslice_both_output_r_V_data_V_U/sum_V[22]_i_2/O
                         net (fo=26, routed)          0.823     1.920    bd_0_i/hls_inst/inst/regslice_both_output_r_V_data_V_U/ap_NS_fsm1
    SLICE_X27Y33         LUT5 (Prop_lut5_I4_O)        0.124     2.044 r  bd_0_i/hls_inst/inst/regslice_both_output_r_V_data_V_U/count_V[1]_i_1/O
                         net (fo=43, routed)          1.703     3.747    bd_0_i/hls_inst/inst/count_V
    SLICE_X49Y36         FDRE                                         r  bd_0_i/hls_inst/inst/count_V_reg[0]_rep__0/R
  -------------------------------------------------------------------    -------------------

                         (clock ap_clk rise edge)     0.000     0.000 r  
                                                      0.000     0.000 r  ap_clk (IN)
                         net (fo=3327, unset)         0.924     0.924    bd_0_i/hls_inst/inst/ap_clk
    SLICE_X49Y36         FDRE                                         r  bd_0_i/hls_inst/inst/count_V_reg[0]_rep__0/C

Slack:                    inf
  Source:                 output_r_tready
                            (input port)
  Destination:            bd_0_i/hls_inst/inst/count_V_reg[0]_rep__1/R
                            (rising edge-triggered cell FDRE clocked by ap_clk  {rise@0.000ns fall@5.000ns period=10.000ns})
  Path Group:             (none)
  Path Type:              Setup (Max at Slow Process Corner)
  Data Path Delay:        3.608ns  (logic 0.248ns (6.874%)  route 3.360ns (93.126%))
  Logic Levels:           2  (LUT5=2)
  Clock Path Skew:        0.924ns (DCD - SCD + CPR)
    Destination Clock Delay (DCD):    0.924ns
    Source Clock Delay      (SCD):    0.000ns
    Clock Pessimism Removal (CPR):    0.000ns
  Clock Uncertainty:      0.025ns  ((TSJ^2 + TIJ^2)^1/2 + DJ) / 2 + PE
    Total System Jitter     (TSJ):    0.050ns
    Total Input Jitter      (TIJ):    0.000ns
    Discrete Jitter          (DJ):    0.000ns
    Phase Error              (PE):    0.000ns

    Location             Delay type                Incr(ns)  Path(ns)    Netlist Resource(s)
  -------------------------------------------------------------------    -------------------
                                                      0.000     0.000 r  output_r_tready (IN)
                         net (fo=7, unset)            0.973     0.973    bd_0_i/hls_inst/inst/regslice_both_output_r_V_data_V_U/output_r_TREADY
    SLICE_X26Y32         LUT5 (Prop_lut5_I1_O)        0.124     1.097 r  bd_0_i/hls_inst/inst/regslice_both_output_r_V_data_V_U/sum_V[22]_i_2/O
                         net (fo=26, routed)          0.823     1.920    bd_0_i/hls_inst/inst/regslice_both_output_r_V_data_V_U/ap_NS_fsm1
    SLICE_X27Y33         LUT5 (Prop_lut5_I4_O)        0.124     2.044 r  bd_0_i/hls_inst/inst/regslice_both_output_r_V_data_V_U/count_V[1]_i_1/O
                         net (fo=43, routed)          1.564     3.608    bd_0_i/hls_inst/inst/count_V
    SLICE_X44Y36         FDRE                                         r  bd_0_i/hls_inst/inst/count_V_reg[0]_rep__1/R
  -------------------------------------------------------------------    -------------------

                         (clock ap_clk rise edge)     0.000     0.000 r  
                                                      0.000     0.000 r  ap_clk (IN)
                         net (fo=3327, unset)         0.924     0.924    bd_0_i/hls_inst/inst/ap_clk
    SLICE_X44Y36         FDRE                                         r  bd_0_i/hls_inst/inst/count_V_reg[0]_rep__1/C

Slack:                    inf
  Source:                 output_r_tready
                            (input port)
  Destination:            bd_0_i/hls_inst/inst/count_V_reg[0]_rep__12/R
                            (rising edge-triggered cell FDRE clocked by ap_clk  {rise@0.000ns fall@5.000ns period=10.000ns})
  Path Group:             (none)
  Path Type:              Setup (Max at Slow Process Corner)
  Data Path Delay:        3.608ns  (logic 0.248ns (6.874%)  route 3.360ns (93.126%))
  Logic Levels:           2  (LUT5=2)
  Clock Path Skew:        0.924ns (DCD - SCD + CPR)
    Destination Clock Delay (DCD):    0.924ns
    Source Clock Delay      (SCD):    0.000ns
    Clock Pessimism Removal (CPR):    0.000ns
  Clock Uncertainty:      0.025ns  ((TSJ^2 + TIJ^2)^1/2 + DJ) / 2 + PE
    Total System Jitter     (TSJ):    0.050ns
    Total Input Jitter      (TIJ):    0.000ns
    Discrete Jitter          (DJ):    0.000ns
    Phase Error              (PE):    0.000ns

    Location             Delay type                Incr(ns)  Path(ns)    Netlist Resource(s)
  -------------------------------------------------------------------    -------------------
                                                      0.000     0.000 r  output_r_tready (IN)
                         net (fo=7, unset)            0.973     0.973    bd_0_i/hls_inst/inst/regslice_both_output_r_V_data_V_U/output_r_TREADY
    SLICE_X26Y32         LUT5 (Prop_lut5_I1_O)        0.124     1.097 r  bd_0_i/hls_inst/inst/regslice_both_output_r_V_data_V_U/sum_V[22]_i_2/O
                         net (fo=26, routed)          0.823     1.920    bd_0_i/hls_inst/inst/regslice_both_output_r_V_data_V_U/ap_NS_fsm1
    SLICE_X27Y33         LUT5 (Prop_lut5_I4_O)        0.124     2.044 r  bd_0_i/hls_inst/inst/regslice_both_output_r_V_data_V_U/count_V[1]_i_1/O
                         net (fo=43, routed)          1.564     3.608    bd_0_i/hls_inst/inst/count_V
    SLICE_X44Y36         FDRE                                         r  bd_0_i/hls_inst/inst/count_V_reg[0]_rep__12/R
  -------------------------------------------------------------------    -------------------

                         (clock ap_clk rise edge)     0.000     0.000 r  
                                                      0.000     0.000 r  ap_clk (IN)
                         net (fo=3327, unset)         0.924     0.924    bd_0_i/hls_inst/inst/ap_clk
    SLICE_X44Y36         FDRE                                         r  bd_0_i/hls_inst/inst/count_V_reg[0]_rep__12/C

Slack:                    inf
  Source:                 output_r_tready
                            (input port)
  Destination:            bd_0_i/hls_inst/inst/count_V_reg[0]_rep__13/R
                            (rising edge-triggered cell FDRE clocked by ap_clk  {rise@0.000ns fall@5.000ns period=10.000ns})
  Path Group:             (none)
  Path Type:              Setup (Max at Slow Process Corner)
  Data Path Delay:        3.608ns  (logic 0.248ns (6.874%)  route 3.360ns (93.126%))
  Logic Levels:           2  (LUT5=2)
  Clock Path Skew:        0.924ns (DCD - SCD + CPR)
    Destination Clock Delay (DCD):    0.924ns
    Source Clock Delay      (SCD):    0.000ns
    Clock Pessimism Removal (CPR):    0.000ns
  Clock Uncertainty:      0.025ns  ((TSJ^2 + TIJ^2)^1/2 + DJ) / 2 + PE
    Total System Jitter     (TSJ):    0.050ns
    Total Input Jitter      (TIJ):    0.000ns
    Discrete Jitter          (DJ):    0.000ns
    Phase Error              (PE):    0.000ns

    Location             Delay type                Incr(ns)  Path(ns)    Netlist Resource(s)
  -------------------------------------------------------------------    -------------------
                                                      0.000     0.000 r  output_r_tready (IN)
                         net (fo=7, unset)            0.973     0.973    bd_0_i/hls_inst/inst/regslice_both_output_r_V_data_V_U/output_r_TREADY
    SLICE_X26Y32         LUT5 (Prop_lut5_I1_O)        0.124     1.097 r  bd_0_i/hls_inst/inst/regslice_both_output_r_V_data_V_U/sum_V[22]_i_2/O
                         net (fo=26, routed)          0.823     1.920    bd_0_i/hls_inst/inst/regslice_both_output_r_V_data_V_U/ap_NS_fsm1
    SLICE_X27Y33         LUT5 (Prop_lut5_I4_O)        0.124     2.044 r  bd_0_i/hls_inst/inst/regslice_both_output_r_V_data_V_U/count_V[1]_i_1/O
                         net (fo=43, routed)          1.564     3.608    bd_0_i/hls_inst/inst/count_V
    SLICE_X44Y36         FDRE                                         r  bd_0_i/hls_inst/inst/count_V_reg[0]_rep__13/R
  -------------------------------------------------------------------    -------------------

                         (clock ap_clk rise edge)     0.000     0.000 r  
                                                      0.000     0.000 r  ap_clk (IN)
                         net (fo=3327, unset)         0.924     0.924    bd_0_i/hls_inst/inst/ap_clk
    SLICE_X44Y36         FDRE                                         r  bd_0_i/hls_inst/inst/count_V_reg[0]_rep__13/C

Slack:                    inf
  Source:                 output_r_tready
                            (input port)
  Destination:            bd_0_i/hls_inst/inst/count_V_reg[0]_rep__2/R
                            (rising edge-triggered cell FDRE clocked by ap_clk  {rise@0.000ns fall@5.000ns period=10.000ns})
  Path Group:             (none)
  Path Type:              Setup (Max at Slow Process Corner)
  Data Path Delay:        3.608ns  (logic 0.248ns (6.874%)  route 3.360ns (93.126%))
  Logic Levels:           2  (LUT5=2)
  Clock Path Skew:        0.924ns (DCD - SCD + CPR)
    Destination Clock Delay (DCD):    0.924ns
    Source Clock Delay      (SCD):    0.000ns
    Clock Pessimism Removal (CPR):    0.000ns
  Clock Uncertainty:      0.025ns  ((TSJ^2 + TIJ^2)^1/2 + DJ) / 2 + PE
    Total System Jitter     (TSJ):    0.050ns
    Total Input Jitter      (TIJ):    0.000ns
    Discrete Jitter          (DJ):    0.000ns
    Phase Error              (PE):    0.000ns

    Location             Delay type                Incr(ns)  Path(ns)    Netlist Resource(s)
  -------------------------------------------------------------------    -------------------
                                                      0.000     0.000 r  output_r_tready (IN)
                         net (fo=7, unset)            0.973     0.973    bd_0_i/hls_inst/inst/regslice_both_output_r_V_data_V_U/output_r_TREADY
    SLICE_X26Y32         LUT5 (Prop_lut5_I1_O)        0.124     1.097 r  bd_0_i/hls_inst/inst/regslice_both_output_r_V_data_V_U/sum_V[22]_i_2/O
                         net (fo=26, routed)          0.823     1.920    bd_0_i/hls_inst/inst/regslice_both_output_r_V_data_V_U/ap_NS_fsm1
    SLICE_X27Y33         LUT5 (Prop_lut5_I4_O)        0.124     2.044 r  bd_0_i/hls_inst/inst/regslice_both_output_r_V_data_V_U/count_V[1]_i_1/O
                         net (fo=43, routed)          1.564     3.608    bd_0_i/hls_inst/inst/count_V
    SLICE_X44Y36         FDRE                                         r  bd_0_i/hls_inst/inst/count_V_reg[0]_rep__2/R
  -------------------------------------------------------------------    -------------------

                         (clock ap_clk rise edge)     0.000     0.000 r  
                                                      0.000     0.000 r  ap_clk (IN)
                         net (fo=3327, unset)         0.924     0.924    bd_0_i/hls_inst/inst/ap_clk
    SLICE_X44Y36         FDRE                                         r  bd_0_i/hls_inst/inst/count_V_reg[0]_rep__2/C

Slack:                    inf
  Source:                 output_r_tready
                            (input port)
  Destination:            bd_0_i/hls_inst/inst/count_V_reg[0]_rep__3/R
                            (rising edge-triggered cell FDRE clocked by ap_clk  {rise@0.000ns fall@5.000ns period=10.000ns})
  Path Group:             (none)
  Path Type:              Setup (Max at Slow Process Corner)
  Data Path Delay:        3.608ns  (logic 0.248ns (6.874%)  route 3.360ns (93.126%))
  Logic Levels:           2  (LUT5=2)
  Clock Path Skew:        0.924ns (DCD - SCD + CPR)
    Destination Clock Delay (DCD):    0.924ns
    Source Clock Delay      (SCD):    0.000ns
    Clock Pessimism Removal (CPR):    0.000ns
  Clock Uncertainty:      0.025ns  ((TSJ^2 + TIJ^2)^1/2 + DJ) / 2 + PE
    Total System Jitter     (TSJ):    0.050ns
    Total Input Jitter      (TIJ):    0.000ns
    Discrete Jitter          (DJ):    0.000ns
    Phase Error              (PE):    0.000ns

    Location             Delay type                Incr(ns)  Path(ns)    Netlist Resource(s)
  -------------------------------------------------------------------    -------------------
                                                      0.000     0.000 r  output_r_tready (IN)
                         net (fo=7, unset)            0.973     0.973    bd_0_i/hls_inst/inst/regslice_both_output_r_V_data_V_U/output_r_TREADY
    SLICE_X26Y32         LUT5 (Prop_lut5_I1_O)        0.124     1.097 r  bd_0_i/hls_inst/inst/regslice_both_output_r_V_data_V_U/sum_V[22]_i_2/O
                         net (fo=26, routed)          0.823     1.920    bd_0_i/hls_inst/inst/regslice_both_output_r_V_data_V_U/ap_NS_fsm1
    SLICE_X27Y33         LUT5 (Prop_lut5_I4_O)        0.124     2.044 r  bd_0_i/hls_inst/inst/regslice_both_output_r_V_data_V_U/count_V[1]_i_1/O
                         net (fo=43, routed)          1.564     3.608    bd_0_i/hls_inst/inst/count_V
    SLICE_X44Y36         FDRE                                         r  bd_0_i/hls_inst/inst/count_V_reg[0]_rep__3/R
  -------------------------------------------------------------------    -------------------

                         (clock ap_clk rise edge)     0.000     0.000 r  
                                                      0.000     0.000 r  ap_clk (IN)
                         net (fo=3327, unset)         0.924     0.924    bd_0_i/hls_inst/inst/ap_clk
    SLICE_X44Y36         FDRE                                         r  bd_0_i/hls_inst/inst/count_V_reg[0]_rep__3/C





Min Delay Paths
--------------------------------------------------------------------------------------
Slack:                    inf
  Source:                 input_r_tdata[0]
                            (input port)
  Destination:            bd_0_i/hls_inst/inst/regslice_both_input_r_V_data_V_U/B_V_data_1_payload_A_reg[0]/D
                            (rising edge-triggered cell FDRE clocked by ap_clk  {rise@0.000ns fall@5.000ns period=10.000ns})
  Path Group:             (none)
  Path Type:              Hold (Min at Fast Process Corner)
  Data Path Delay:        0.410ns  (logic 0.000ns (0.000%)  route 0.410ns (100.000%))
  Logic Levels:           0  
  Clock Path Skew:        0.432ns (DCD - SCD - CPR)
    Destination Clock Delay (DCD):    0.432ns
    Source Clock Delay      (SCD):    0.000ns
    Clock Pessimism Removal (CPR):    -0.000ns

    Location             Delay type                Incr(ns)  Path(ns)    Netlist Resource(s)
  -------------------------------------------------------------------    -------------------
                                                      0.000     0.000 r  input_r_tdata[0] (IN)
                         net (fo=1, unset)            0.410     0.410    bd_0_i/hls_inst/inst/regslice_both_input_r_V_data_V_U/input_r_TDATA[0]
    SLICE_X86Y24         FDRE                                         r  bd_0_i/hls_inst/inst/regslice_both_input_r_V_data_V_U/B_V_data_1_payload_A_reg[0]/D
  -------------------------------------------------------------------    -------------------

                         (clock ap_clk rise edge)     0.000     0.000 r  
                                                      0.000     0.000 r  ap_clk (IN)
                         net (fo=3327, unset)         0.432     0.432    bd_0_i/hls_inst/inst/regslice_both_input_r_V_data_V_U/ap_clk
    SLICE_X86Y24         FDRE                                         r  bd_0_i/hls_inst/inst/regslice_both_input_r_V_data_V_U/B_V_data_1_payload_A_reg[0]/C

Slack:                    inf
  Source:                 input_r_tdata[10]
                            (input port)
  Destination:            bd_0_i/hls_inst/inst/regslice_both_input_r_V_data_V_U/B_V_data_1_payload_A_reg[10]/D
                            (rising edge-triggered cell FDRE clocked by ap_clk  {rise@0.000ns fall@5.000ns period=10.000ns})
  Path Group:             (none)
  Path Type:              Hold (Min at Fast Process Corner)
  Data Path Delay:        0.410ns  (logic 0.000ns (0.000%)  route 0.410ns (100.000%))
  Logic Levels:           0  
  Clock Path Skew:        0.432ns (DCD - SCD - CPR)
    Destination Clock Delay (DCD):    0.432ns
    Source Clock Delay      (SCD):    0.000ns
    Clock Pessimism Removal (CPR):    -0.000ns

    Location             Delay type                Incr(ns)  Path(ns)    Netlist Resource(s)
  -------------------------------------------------------------------    -------------------
                                                      0.000     0.000 r  input_r_tdata[10] (IN)
                         net (fo=1, unset)            0.410     0.410    bd_0_i/hls_inst/inst/regslice_both_input_r_V_data_V_U/input_r_TDATA[10]
    SLICE_X86Y28         FDRE                                         r  bd_0_i/hls_inst/inst/regslice_both_input_r_V_data_V_U/B_V_data_1_payload_A_reg[10]/D
  -------------------------------------------------------------------    -------------------

                         (clock ap_clk rise edge)     0.000     0.000 r  
                                                      0.000     0.000 r  ap_clk (IN)
                         net (fo=3327, unset)         0.432     0.432    bd_0_i/hls_inst/inst/regslice_both_input_r_V_data_V_U/ap_clk
    SLICE_X86Y28         FDRE                                         r  bd_0_i/hls_inst/inst/regslice_both_input_r_V_data_V_U/B_V_data_1_payload_A_reg[10]/C

Slack:                    inf
  Source:                 input_r_tdata[11]
                            (input port)
  Destination:            bd_0_i/hls_inst/inst/regslice_both_input_r_V_data_V_U/B_V_data_1_payload_A_reg[11]/D
                            (rising edge-triggered cell FDRE clocked by ap_clk  {rise@0.000ns fall@5.000ns period=10.000ns})
  Path Group:             (none)
  Path Type:              Hold (Min at Fast Process Corner)
  Data Path Delay:        0.410ns  (logic 0.000ns (0.000%)  route 0.410ns (100.000%))
  Logic Levels:           0  
  Clock Path Skew:        0.432ns (DCD - SCD - CPR)
    Destination Clock Delay (DCD):    0.432ns
    Source Clock Delay      (SCD):    0.000ns
    Clock Pessimism Removal (CPR):    -0.000ns

    Location             Delay type                Incr(ns)  Path(ns)    Netlist Resource(s)
  -------------------------------------------------------------------    -------------------
                                                      0.000     0.000 r  input_r_tdata[11] (IN)
                         net (fo=1, unset)            0.410     0.410    bd_0_i/hls_inst/inst/regslice_both_input_r_V_data_V_U/input_r_TDATA[11]
    SLICE_X86Y28         FDRE                                         r  bd_0_i/hls_inst/inst/regslice_both_input_r_V_data_V_U/B_V_data_1_payload_A_reg[11]/D
  -------------------------------------------------------------------    -------------------

                         (clock ap_clk rise edge)     0.000     0.000 r  
                                                      0.000     0.000 r  ap_clk (IN)
                         net (fo=3327, unset)         0.432     0.432    bd_0_i/hls_inst/inst/regslice_both_input_r_V_data_V_U/ap_clk
    SLICE_X86Y28         FDRE                                         r  bd_0_i/hls_inst/inst/regslice_both_input_r_V_data_V_U/B_V_data_1_payload_A_reg[11]/C

Slack:                    inf
  Source:                 input_r_tdata[12]
                            (input port)
  Destination:            bd_0_i/hls_inst/inst/regslice_both_input_r_V_data_V_U/B_V_data_1_payload_A_reg[12]/D
                            (rising edge-triggered cell FDRE clocked by ap_clk  {rise@0.000ns fall@5.000ns period=10.000ns})
  Path Group:             (none)
  Path Type:              Hold (Min at Fast Process Corner)
  Data Path Delay:        0.410ns  (logic 0.000ns (0.000%)  route 0.410ns (100.000%))
  Logic Levels:           0  
  Clock Path Skew:        0.432ns (DCD - SCD - CPR)
    Destination Clock Delay (DCD):    0.432ns
    Source Clock Delay      (SCD):    0.000ns
    Clock Pessimism Removal (CPR):    -0.000ns

    Location             Delay type                Incr(ns)  Path(ns)    Netlist Resource(s)
  -------------------------------------------------------------------    -------------------
                                                      0.000     0.000 r  input_r_tdata[12] (IN)
                         net (fo=1, unset)            0.410     0.410    bd_0_i/hls_inst/inst/regslice_both_input_r_V_data_V_U/input_r_TDATA[12]
    SLICE_X85Y27         FDRE                                         r  bd_0_i/hls_inst/inst/regslice_both_input_r_V_data_V_U/B_V_data_1_payload_A_reg[12]/D
  -------------------------------------------------------------------    -------------------

                         (clock ap_clk rise edge)     0.000     0.000 r  
                                                      0.000     0.000 r  ap_clk (IN)
                         net (fo=3327, unset)         0.432     0.432    bd_0_i/hls_inst/inst/regslice_both_input_r_V_data_V_U/ap_clk
    SLICE_X85Y27         FDRE                                         r  bd_0_i/hls_inst/inst/regslice_both_input_r_V_data_V_U/B_V_data_1_payload_A_reg[12]/C

Slack:                    inf
  Source:                 input_r_tdata[13]
                            (input port)
  Destination:            bd_0_i/hls_inst/inst/regslice_both_input_r_V_data_V_U/B_V_data_1_payload_A_reg[13]/D
                            (rising edge-triggered cell FDRE clocked by ap_clk  {rise@0.000ns fall@5.000ns period=10.000ns})
  Path Group:             (none)
  Path Type:              Hold (Min at Fast Process Corner)
  Data Path Delay:        0.410ns  (logic 0.000ns (0.000%)  route 0.410ns (100.000%))
  Logic Levels:           0  
  Clock Path Skew:        0.432ns (DCD - SCD - CPR)
    Destination Clock Delay (DCD):    0.432ns
    Source Clock Delay      (SCD):    0.000ns
    Clock Pessimism Removal (CPR):    -0.000ns

    Location             Delay type                Incr(ns)  Path(ns)    Netlist Resource(s)
  -------------------------------------------------------------------    -------------------
                                                      0.000     0.000 r  input_r_tdata[13] (IN)
                         net (fo=1, unset)            0.410     0.410    bd_0_i/hls_inst/inst/regslice_both_input_r_V_data_V_U/input_r_TDATA[13]
    SLICE_X87Y29         FDRE                                         r  bd_0_i/hls_inst/inst/regslice_both_input_r_V_data_V_U/B_V_data_1_payload_A_reg[13]/D
  -------------------------------------------------------------------    -------------------

                         (clock ap_clk rise edge)     0.000     0.000 r  
                                                      0.000     0.000 r  ap_clk (IN)
                         net (fo=3327, unset)         0.432     0.432    bd_0_i/hls_inst/inst/regslice_both_input_r_V_data_V_U/ap_clk
    SLICE_X87Y29         FDRE                                         r  bd_0_i/hls_inst/inst/regslice_both_input_r_V_data_V_U/B_V_data_1_payload_A_reg[13]/C

Slack:                    inf
  Source:                 input_r_tdata[14]
                            (input port)
  Destination:            bd_0_i/hls_inst/inst/regslice_both_input_r_V_data_V_U/B_V_data_1_payload_A_reg[14]/D
                            (rising edge-triggered cell FDRE clocked by ap_clk  {rise@0.000ns fall@5.000ns period=10.000ns})
  Path Group:             (none)
  Path Type:              Hold (Min at Fast Process Corner)
  Data Path Delay:        0.410ns  (logic 0.000ns (0.000%)  route 0.410ns (100.000%))
  Logic Levels:           0  
  Clock Path Skew:        0.432ns (DCD - SCD - CPR)
    Destination Clock Delay (DCD):    0.432ns
    Source Clock Delay      (SCD):    0.000ns
    Clock Pessimism Removal (CPR):    -0.000ns

    Location             Delay type                Incr(ns)  Path(ns)    Netlist Resource(s)
  -------------------------------------------------------------------    -------------------
                                                      0.000     0.000 r  input_r_tdata[14] (IN)
                         net (fo=1, unset)            0.410     0.410    bd_0_i/hls_inst/inst/regslice_both_input_r_V_data_V_U/input_r_TDATA[14]
    SLICE_X86Y26         FDRE                                         r  bd_0_i/hls_inst/inst/regslice_both_input_r_V_data_V_U/B_V_data_1_payload_A_reg[14]/D
  -------------------------------------------------------------------    -------------------

                         (clock ap_clk rise edge)     0.000     0.000 r  
                                                      0.000     0.000 r  ap_clk (IN)
                         net (fo=3327, unset)         0.432     0.432    bd_0_i/hls_inst/inst/regslice_both_input_r_V_data_V_U/ap_clk
    SLICE_X86Y26         FDRE                                         r  bd_0_i/hls_inst/inst/regslice_both_input_r_V_data_V_U/B_V_data_1_payload_A_reg[14]/C

Slack:                    inf
  Source:                 input_r_tdata[15]
                            (input port)
  Destination:            bd_0_i/hls_inst/inst/regslice_both_input_r_V_data_V_U/B_V_data_1_payload_A_reg[15]/D
                            (rising edge-triggered cell FDRE clocked by ap_clk  {rise@0.000ns fall@5.000ns period=10.000ns})
  Path Group:             (none)
  Path Type:              Hold (Min at Fast Process Corner)
  Data Path Delay:        0.410ns  (logic 0.000ns (0.000%)  route 0.410ns (100.000%))
  Logic Levels:           0  
  Clock Path Skew:        0.432ns (DCD - SCD - CPR)
    Destination Clock Delay (DCD):    0.432ns
    Source Clock Delay      (SCD):    0.000ns
    Clock Pessimism Removal (CPR):    -0.000ns

    Location             Delay type                Incr(ns)  Path(ns)    Netlist Resource(s)
  -------------------------------------------------------------------    -------------------
                                                      0.000     0.000 r  input_r_tdata[15] (IN)
                         net (fo=1, unset)            0.410     0.410    bd_0_i/hls_inst/inst/regslice_both_input_r_V_data_V_U/input_r_TDATA[15]
    SLICE_X86Y29         FDRE                                         r  bd_0_i/hls_inst/inst/regslice_both_input_r_V_data_V_U/B_V_data_1_payload_A_reg[15]/D
  -------------------------------------------------------------------    -------------------

                         (clock ap_clk rise edge)     0.000     0.000 r  
                                                      0.000     0.000 r  ap_clk (IN)
                         net (fo=3327, unset)         0.432     0.432    bd_0_i/hls_inst/inst/regslice_both_input_r_V_data_V_U/ap_clk
    SLICE_X86Y29         FDRE                                         r  bd_0_i/hls_inst/inst/regslice_both_input_r_V_data_V_U/B_V_data_1_payload_A_reg[15]/C

Slack:                    inf
  Source:                 input_r_tdata[16]
                            (input port)
  Destination:            bd_0_i/hls_inst/inst/regslice_both_input_r_V_data_V_U/B_V_data_1_payload_A_reg[16]/D
                            (rising edge-triggered cell FDRE clocked by ap_clk  {rise@0.000ns fall@5.000ns period=10.000ns})
  Path Group:             (none)
  Path Type:              Hold (Min at Fast Process Corner)
  Data Path Delay:        0.410ns  (logic 0.000ns (0.000%)  route 0.410ns (100.000%))
  Logic Levels:           0  
  Clock Path Skew:        0.432ns (DCD - SCD - CPR)
    Destination Clock Delay (DCD):    0.432ns
    Source Clock Delay      (SCD):    0.000ns
    Clock Pessimism Removal (CPR):    -0.000ns

    Location             Delay type                Incr(ns)  Path(ns)    Netlist Resource(s)
  -------------------------------------------------------------------    -------------------
                                                      0.000     0.000 r  input_r_tdata[16] (IN)
                         net (fo=1, unset)            0.410     0.410    bd_0_i/hls_inst/inst/regslice_both_input_r_V_data_V_U/input_r_TDATA[16]
    SLICE_X86Y26         FDRE                                         r  bd_0_i/hls_inst/inst/regslice_both_input_r_V_data_V_U/B_V_data_1_payload_A_reg[16]/D
  -------------------------------------------------------------------    -------------------

                         (clock ap_clk rise edge)     0.000     0.000 r  
                                                      0.000     0.000 r  ap_clk (IN)
                         net (fo=3327, unset)         0.432     0.432    bd_0_i/hls_inst/inst/regslice_both_input_r_V_data_V_U/ap_clk
    SLICE_X86Y26         FDRE                                         r  bd_0_i/hls_inst/inst/regslice_both_input_r_V_data_V_U/B_V_data_1_payload_A_reg[16]/C

Slack:                    inf
  Source:                 input_r_tdata[17]
                            (input port)
  Destination:            bd_0_i/hls_inst/inst/regslice_both_input_r_V_data_V_U/B_V_data_1_payload_A_reg[17]/D
                            (rising edge-triggered cell FDRE clocked by ap_clk  {rise@0.000ns fall@5.000ns period=10.000ns})
  Path Group:             (none)
  Path Type:              Hold (Min at Fast Process Corner)
  Data Path Delay:        0.410ns  (logic 0.000ns (0.000%)  route 0.410ns (100.000%))
  Logic Levels:           0  
  Clock Path Skew:        0.432ns (DCD - SCD - CPR)
    Destination Clock Delay (DCD):    0.432ns
    Source Clock Delay      (SCD):    0.000ns
    Clock Pessimism Removal (CPR):    -0.000ns

    Location             Delay type                Incr(ns)  Path(ns)    Netlist Resource(s)
  -------------------------------------------------------------------    -------------------
                                                      0.000     0.000 r  input_r_tdata[17] (IN)
                         net (fo=1, unset)            0.410     0.410    bd_0_i/hls_inst/inst/regslice_both_input_r_V_data_V_U/input_r_TDATA[17]
    SLICE_X86Y24         FDRE                                         r  bd_0_i/hls_inst/inst/regslice_both_input_r_V_data_V_U/B_V_data_1_payload_A_reg[17]/D
  -------------------------------------------------------------------    -------------------

                         (clock ap_clk rise edge)     0.000     0.000 r  
                                                      0.000     0.000 r  ap_clk (IN)
                         net (fo=3327, unset)         0.432     0.432    bd_0_i/hls_inst/inst/regslice_both_input_r_V_data_V_U/ap_clk
    SLICE_X86Y24         FDRE                                         r  bd_0_i/hls_inst/inst/regslice_both_input_r_V_data_V_U/B_V_data_1_payload_A_reg[17]/C

Slack:                    inf
  Source:                 input_r_tdata[18]
                            (input port)
  Destination:            bd_0_i/hls_inst/inst/regslice_both_input_r_V_data_V_U/B_V_data_1_payload_A_reg[18]/D
                            (rising edge-triggered cell FDRE clocked by ap_clk  {rise@0.000ns fall@5.000ns period=10.000ns})
  Path Group:             (none)
  Path Type:              Hold (Min at Fast Process Corner)
  Data Path Delay:        0.410ns  (logic 0.000ns (0.000%)  route 0.410ns (100.000%))
  Logic Levels:           0  
  Clock Path Skew:        0.432ns (DCD - SCD - CPR)
    Destination Clock Delay (DCD):    0.432ns
    Source Clock Delay      (SCD):    0.000ns
    Clock Pessimism Removal (CPR):    -0.000ns

    Location             Delay type                Incr(ns)  Path(ns)    Netlist Resource(s)
  -------------------------------------------------------------------    -------------------
                                                      0.000     0.000 r  input_r_tdata[18] (IN)
                         net (fo=1, unset)            0.410     0.410    bd_0_i/hls_inst/inst/regslice_both_input_r_V_data_V_U/input_r_TDATA[18]
    SLICE_X86Y25         FDRE                                         r  bd_0_i/hls_inst/inst/regslice_both_input_r_V_data_V_U/B_V_data_1_payload_A_reg[18]/D
  -------------------------------------------------------------------    -------------------

                         (clock ap_clk rise edge)     0.000     0.000 r  
                                                      0.000     0.000 r  ap_clk (IN)
                         net (fo=3327, unset)         0.432     0.432    bd_0_i/hls_inst/inst/regslice_both_input_r_V_data_V_U/ap_clk
    SLICE_X86Y25         FDRE                                         r  bd_0_i/hls_inst/inst/regslice_both_input_r_V_data_V_U/B_V_data_1_payload_A_reg[18]/C





