Copyright 1986-2022 Xilinx, Inc. All Rights Reserved.
---------------------------------------------------------------------------------------------------------------------------------------------------------------------------------------------------------------------------------
| Tool Version : Vivado v.2022.1 (win64) Build 3526262 Mon Apr 18 15:48:16 MDT 2022
| Date         : Sat Sep 26 05:33:52 2026
| Host         : ndrswcy running 64-bit major release  (build 9200)
| Command      : report_timing_summary -max_paths 10 -report_unconstrained -file bd_0_wrapper_timing_summary_routed.rpt -pb bd_0_wrapper_timing_summary_routed.pb -rpx bd_0_wrapper_timing_summary_routed.rpx -warn_on_violation
| Design       : bd_0_wrapper
| Device       : 7z020-clg400
| Speed File   : -1  PRODUCTION 1.12 2019-11-22
---------------------------------------------------------------------------------------------------------------------------------------------------------------------------------------------------------------------------------

Timing Summary Report

------------------------------------------------------------------------------------------------
| Timer Settings
| --------------
------------------------------------------------------------------------------------------------

  Enable Multi Corner Analysis               :  Yes
  Enable Pessimism Removal                   :  Yes
  Pessimism Removal Resolution               :  Nearest Common Node
  Enable Input Delay Default Clock           :  No
  Enable Preset / Clear Arcs                 :  No
  Disable Flight Delays                      :  No
  Ignore I/O Paths                           :  No
  Timing Early Launch at Borrowing Latches   :  No
  Borrow Time for Max Delay Exceptions       :  Yes
  Merge Timing Exceptions                    :  Yes

  Corner  Analyze    Analyze    
  Name    Max Paths  Min Paths  
  ------  ---------  ---------  
  Slow    Yes        Yes        
  Fast    Yes        Yes        


------------------------------------------------------------------------------------------------
| Report Methodology
| ------------------
------------------------------------------------------------------------------------------------

Rule       Severity  Description                    Violations  
---------  --------  -----------------------------  ----------  
TIMING-18  Warning   Missing input or output delay  87          

Note: This report is based on the most recent report_methodology run and may not be up-to-date. Run report_methodology on the current design for the latest report.



check_timing report

Table of Contents
-----------------
1. checking no_clock (0)
2. checking constant_clock (0)
3. checking pulse_width_clock (0)
4. checking unconstrained_internal_endpoints (0)
5. checking no_input_delay (44)
6. checking no_output_delay (43)
7. checking multiple_clock (0)
8. checking generated_clocks (0)
9. checking loops (0)
10. checking partial_input_delay (0)
11. checking partial_output_delay (0)
12. checking latch_loops (0)

1. checking no_clock (0)
------------------------
 There are 0 register/latch pins with no clock.


2. checking constant_clock (0)
------------------------------
 There are 0 register/latch pins with constant_clock.


3. checking pulse_width_clock (0)
---------------------------------
 There are 0 register/latch pins which need pulse_width check


4. checking unconstrained_internal_endpoints (0)
------------------------------------------------
 There are 0 pins that are not constrained for maximum delay.

 There are 0 pins that are not constrained for maximum delay due to constant clock.


5. checking no_input_delay (44)
-------------------------------
 There are 44 input ports with no input delay specified. (HIGH)

 There are 0 input ports with no input delay but user has a false path constraint.


6. checking no_output_delay (43)
--------------------------------
 There are 43 ports with no output delay specified. (HIGH)

 There are 0 ports with no output delay but user has a false path constraint

 There are 0 ports with no output delay but with a timing clock defined on it or propagating through it


7. checking multiple_clock (0)
------------------------------
 There are 0 register/latch pins with multiple clocks.


8. checking generated_clocks (0)
--------------------------------
 There are 0 generated clocks that are not connected to a clock source.


9. checking loops (0)
---------------------
 There are 0 combinational loops in the design.


10. checking partial_input_delay (0)
------------------------------------
 There are 0 input ports with partial input delay specified.


11. checking partial_output_delay (0)
-------------------------------------
 There are 0 ports with partial output delay specified.


12. checking latch_loops (0)
----------------------------
 There are 0 combinational latch loops in the design through latch input



------------------------------------------------------------------------------------------------
| Design Timing Summary
| ---------------------
------------------------------------------------------------------------------------------------

    WNS(ns)      TNS(ns)  TNS Failing Endpoints  TNS Total Endpoints      WHS(ns)      THS(ns)  THS Failing Endpoints  THS Total Endpoints     WPWS(ns)     TPWS(ns)  TPWS Failing Endpoints  TPWS Total Endpoints  
    -------      -------  ---------------------  -------------------      -------      -------  ---------------------  -------------------     --------     --------  ----------------------  --------------------  
      3.241        0.000                      0                 6378        0.101        0.000                      0                 6378        4.500        0.000                       0                  2523  


All user specified timing constraints are met.


------------------------------------------------------------------------------------------------
| Clock Summary
| -------------
------------------------------------------------------------------------------------------------

Clock   Waveform(ns)       Period(ns)      Frequency(MHz)
-----   ------------       ----------      --------------
ap_clk  {0.000 5.000}      10.000          100.000         


------------------------------------------------------------------------------------------------
| Intra Clock Table
| -----------------
------------------------------------------------------------------------------------------------

Clock             WNS(ns)      TNS(ns)  TNS Failing Endpoints  TNS Total Endpoints      WHS(ns)      THS(ns)  THS Failing Endpoints  THS Total Endpoints     WPWS(ns)     TPWS(ns)  TPWS Failing Endpoints  TPWS Total Endpoints  
-----             -------      -------  ---------------------  -------------------      -------      -------  ---------------------  -------------------     --------     --------  ----------------------  --------------------  
ap_clk              3.241        0.000                      0                 6378        0.101        0.000                      0                 6378        4.500        0.000                       0                  2523  


------------------------------------------------------------------------------------------------
| Inter Clock Table
| -----------------
------------------------------------------------------------------------------------------------

From Clock    To Clock          WNS(ns)      TNS(ns)  TNS Failing Endpoints  TNS Total Endpoints      WHS(ns)      THS(ns)  THS Failing Endpoints  THS Total Endpoints  
----------    --------          -------      -------  ---------------------  -------------------      -------      -------  ---------------------  -------------------  


------------------------------------------------------------------------------------------------
| Other Path Groups Table
| -----------------------
------------------------------------------------------------------------------------------------

Path Group    From Clock    To Clock          WNS(ns)      TNS(ns)  TNS Failing Endpoints  TNS Total Endpoints      WHS(ns)      THS(ns)  THS Failing Endpoints  THS Total Endpoints  
----------    ----------    --------          -------      -------  ---------------------  -------------------      -------      -------  ---------------------  -------------------  


------------------------------------------------------------------------------------------------
| User Ignored Path Table
| -----------------------
------------------------------------------------------------------------------------------------

Path Group    From Clock    To Clock    
----------    ----------    --------    


------------------------------------------------------------------------------------------------
| Unconstrained Path Table
| ------------------------
------------------------------------------------------------------------------------------------

Path Group    From Clock    To Clock    
----------    ----------    --------    
(none)        ap_clk                      
(none)                      ap_clk        


------------------------------------------------------------------------------------------------
| Timing Details
| --------------
------------------------------------------------------------------------------------------------


---------------------------------------------------------------------------------------------------
From Clock:  ap_clk
  To Clock:  ap_clk

Setup :            0  Failing Endpoints,  Worst Slack        3.241ns,  Total Violation        0.000ns
Hold  :            0  Failing Endpoints,  Worst Slack        0.101ns,  Total Violation        0.000ns
PW    :            0  Failing Endpoints,  Worst Slack        4.500ns,  Total Violation        0.000ns
---------------------------------------------------------------------------------------------------


Max Delay Paths
--------------------------------------------------------------------------------------
Slack (MET) :             3.241ns  (required time - arrival time)
  Source:                 bd_0_i/hls_inst/inst/empty_8_reg_1561_reg[1]/C
                            (rising edge-triggered cell FDRE clocked by ap_clk  {rise@0.000ns fall@5.000ns period=10.000ns})
  Destination:            bd_0_i/hls_inst/inst/mul_32s_16s_47_2_1_U35/dout_reg/A[17]
                            (rising edge-triggered cell DSP48E1 clocked by ap_clk  {rise@0.000ns fall@5.000ns period=10.000ns})
  Path Group:             ap_clk
  Path Type:              Setup (Max at Slow Process Corner)
  Requirement:            10.000ns  (ap_clk rise@10.000ns - ap_clk rise@0.000ns)
  Data Path Delay:        6.105ns  (logic 0.670ns (10.975%)  route 5.435ns (89.025%))
  Logic Levels:           1  (LUT2=1)
  Clock Path Skew:        -0.049ns (DCD - SCD + CPR)
    Destination Clock Delay (DCD):    0.924ns = ( 10.924 - 10.000 ) 
    Source Clock Delay      (SCD):    0.973ns
    Clock Pessimism Removal (CPR):    0.000ns
  Clock Uncertainty:      0.035ns  ((TSJ^2 + TIJ^2)^1/2 + DJ) / 2 + PE
    Total System Jitter     (TSJ):    0.071ns
    Total Input Jitter      (TIJ):    0.000ns
    Discrete Jitter          (DJ):    0.000ns
    Phase Error              (PE):    0.000ns

    Location             Delay type                Incr(ns)  Path(ns)    Netlist Resource(s)
  -------------------------------------------------------------------    -------------------
                         (clock ap_clk rise edge)     0.000     0.000 r  
                                                      0.000     0.000 r  ap_clk (IN)
                         net (fo=2533, unset)         0.973     0.973    bd_0_i/hls_inst/inst/ap_clk
    SLICE_X36Y14         FDRE                                         r  bd_0_i/hls_inst/inst/empty_8_reg_1561_reg[1]/C
  -------------------------------------------------------------------    -------------------
    SLICE_X36Y14         FDRE (Prop_fdre_C_Q)         0.518     1.491 r  bd_0_i/hls_inst/inst/empty_8_reg_1561_reg[1]/Q
                         net (fo=127, routed)         3.747     5.238    bd_0_i/hls_inst/inst/mul_32s_16s_47_2_1_U35/empty_8_reg_1561[1]
    SLICE_X11Y18         LUT2 (Prop_lut2_I0_O)        0.152     5.390 r  bd_0_i/hls_inst/inst/mul_32s_16s_47_2_1_U35/dout_reg_i_17__2/O
                         net (fo=10, routed)          1.688     7.078    bd_0_i/hls_inst/inst/mul_32s_16s_47_2_1_U35/empty_8_reg_1561_reg[1][0]
    DSP48_X1Y11          DSP48E1                                      r  bd_0_i/hls_inst/inst/mul_32s_16s_47_2_1_U35/dout_reg/A[17]
  -------------------------------------------------------------------    -------------------

                         (clock ap_clk rise edge)    10.000    10.000 r  
                                                      0.000    10.000 r  ap_clk (IN)
                         net (fo=2533, unset)         0.924    10.924    bd_0_i/hls_inst/inst/mul_32s_16s_47_2_1_U35/ap_clk
    DSP48_X1Y11          DSP48E1                                      r  bd_0_i/hls_inst/inst/mul_32s_16s_47_2_1_U35/dout_reg/CLK
                         clock pessimism              0.000    10.924    
                         clock uncertainty           -0.035    10.889    
    DSP48_X1Y11          DSP48E1 (Setup_dsp48e1_CLK_A[17])
                                                     -0.570    10.319    bd_0_i/hls_inst/inst/mul_32s_16s_47_2_1_U35/dout_reg
  -------------------------------------------------------------------
                         required time                         10.319    
                         arrival time                          -7.078    
  -------------------------------------------------------------------
                         slack                                  3.241    

Slack (MET) :             3.241ns  (required time - arrival time)
  Source:                 bd_0_i/hls_inst/inst/empty_8_reg_1561_reg[1]/C
                            (rising edge-triggered cell FDRE clocked by ap_clk  {rise@0.000ns fall@5.000ns period=10.000ns})
  Destination:            bd_0_i/hls_inst/inst/mul_32s_16s_47_2_1_U35/dout_reg/A[18]
                            (rising edge-triggered cell DSP48E1 clocked by ap_clk  {rise@0.000ns fall@5.000ns period=10.000ns})
  Path Group:             ap_clk
  Path Type:              Setup (Max at Slow Process Corner)
  Requirement:            10.000ns  (ap_clk rise@10.000ns - ap_clk rise@0.000ns)
  Data Path Delay:        6.105ns  (logic 0.670ns (10.975%)  route 5.435ns (89.025%))
  Logic Levels:           1  (LUT2=1)
  Clock Path Skew:        -0.049ns (DCD - SCD + CPR)
    Destination Clock Delay (DCD):    0.924ns = ( 10.924 - 10.000 ) 
    Source Clock Delay      (SCD):    0.973ns
    Clock Pessimism Removal (CPR):    0.000ns
  Clock Uncertainty:      0.035ns  ((TSJ^2 + TIJ^2)^1/2 + DJ) / 2 + PE
    Total System Jitter     (TSJ):    0.071ns
    Total Input Jitter      (TIJ):    0.000ns
    Discrete Jitter          (DJ):    0.000ns
    Phase Error              (PE):    0.000ns

    Location             Delay type                Incr(ns)  Path(ns)    Netlist Resource(s)
  -------------------------------------------------------------------    -------------------
                         (clock ap_clk rise edge)     0.000     0.000 r  
                                                      0.000     0.000 r  ap_clk (IN)
                         net (fo=2533, unset)         0.973     0.973    bd_0_i/hls_inst/inst/ap_clk
    SLICE_X36Y14         FDRE                                         r  bd_0_i/hls_inst/inst/empty_8_reg_1561_reg[1]/C
  -------------------------------------------------------------------    -------------------
    SLICE_X36Y14         FDRE (Prop_fdre_C_Q)         0.518     1.491 r  bd_0_i/hls_inst/inst/empty_8_reg_1561_reg[1]/Q
                         net (fo=127, routed)         3.747     5.238    bd_0_i/hls_inst/inst/mul_32s_16s_47_2_1_U35/empty_8_reg_1561[1]
    SLICE_X11Y18         LUT2 (Prop_lut2_I0_O)        0.152     5.390 r  bd_0_i/hls_inst/inst/mul_32s_16s_47_2_1_U35/dout_reg_i_17__2/O
                         net (fo=10, routed)          1.688     7.078    bd_0_i/hls_inst/inst/mul_32s_16s_47_2_1_U35/empty_8_reg_1561_reg[1][0]
    DSP48_X1Y11          DSP48E1                                      r  bd_0_i/hls_inst/inst/mul_32s_16s_47_2_1_U35/dout_reg/A[18]
  -------------------------------------------------------------------    -------------------

                         (clock ap_clk rise edge)    10.000    10.000 r  
                                                      0.000    10.000 r  ap_clk (IN)
                         net (fo=2533, unset)         0.924    10.924    bd_0_i/hls_inst/inst/mul_32s_16s_47_2_1_U35/ap_clk
    DSP48_X1Y11          DSP48E1                                      r  bd_0_i/hls_inst/inst/mul_32s_16s_47_2_1_U35/dout_reg/CLK
                         clock pessimism              0.000    10.924    
                         clock uncertainty           -0.035    10.889    
    DSP48_X1Y11          DSP48E1 (Setup_dsp48e1_CLK_A[18])
                                                     -0.570    10.319    bd_0_i/hls_inst/inst/mul_32s_16s_47_2_1_U35/dout_reg
  -------------------------------------------------------------------
                         required time                         10.319    
                         arrival time                          -7.078    
  -------------------------------------------------------------------
                         slack                                  3.241    

Slack (MET) :             3.248ns  (required time - arrival time)
  Source:                 bd_0_i/hls_inst/inst/empty_8_reg_1561_reg[1]/C
                            (rising edge-triggered cell FDRE clocked by ap_clk  {rise@0.000ns fall@5.000ns period=10.000ns})
  Destination:            bd_0_i/hls_inst/inst/mul_32s_16s_47_2_1_U35/dout_reg/A[15]
                            (rising edge-triggered cell DSP48E1 clocked by ap_clk  {rise@0.000ns fall@5.000ns period=10.000ns})
  Path Group:             ap_clk
  Path Type:              Setup (Max at Slow Process Corner)
  Requirement:            10.000ns  (ap_clk rise@10.000ns - ap_clk rise@0.000ns)
  Data Path Delay:        6.098ns  (logic 0.670ns (10.987%)  route 5.428ns (89.013%))
  Logic Levels:           1  (LUT2=1)
  Clock Path Skew:        -0.049ns (DCD - SCD + CPR)
    Destination Clock Delay (DCD):    0.924ns = ( 10.924 - 10.000 ) 
    Source Clock Delay      (SCD):    0.973ns
    Clock Pessimism Removal (CPR):    0.000ns
  Clock Uncertainty:      0.035ns  ((TSJ^2 + TIJ^2)^1/2 + DJ) / 2 + PE
    Total System Jitter     (TSJ):    0.071ns
    Total Input Jitter      (TIJ):    0.000ns
    Discrete Jitter          (DJ):    0.000ns
    Phase Error              (PE):    0.000ns

    Location             Delay type                Incr(ns)  Path(ns)    Netlist Resource(s)
  -------------------------------------------------------------------    -------------------
                         (clock ap_clk rise edge)     0.000     0.000 r  
                                                      0.000     0.000 r  ap_clk (IN)
                         net (fo=2533, unset)         0.973     0.973    bd_0_i/hls_inst/inst/ap_clk
    SLICE_X36Y14         FDRE                                         r  bd_0_i/hls_inst/inst/empty_8_reg_1561_reg[1]/C
  -------------------------------------------------------------------    -------------------
    SLICE_X36Y14         FDRE (Prop_fdre_C_Q)         0.518     1.491 r  bd_0_i/hls_inst/inst/empty_8_reg_1561_reg[1]/Q
                         net (fo=127, routed)         3.747     5.238    bd_0_i/hls_inst/inst/mul_32s_16s_47_2_1_U35/empty_8_reg_1561[1]
    SLICE_X11Y18         LUT2 (Prop_lut2_I0_O)        0.152     5.390 r  bd_0_i/hls_inst/inst/mul_32s_16s_47_2_1_U35/dout_reg_i_17__2/O
                         net (fo=10, routed)          1.681     7.071    bd_0_i/hls_inst/inst/mul_32s_16s_47_2_1_U35/empty_8_reg_1561_reg[1][0]
    DSP48_X1Y11          DSP48E1                                      r  bd_0_i/hls_inst/inst/mul_32s_16s_47_2_1_U35/dout_reg/A[15]
  -------------------------------------------------------------------    -------------------

                         (clock ap_clk rise edge)    10.000    10.000 r  
                                                      0.000    10.000 r  ap_clk (IN)
                         net (fo=2533, unset)         0.924    10.924    bd_0_i/hls_inst/inst/mul_32s_16s_47_2_1_U35/ap_clk
    DSP48_X1Y11          DSP48E1                                      r  bd_0_i/hls_inst/inst/mul_32s_16s_47_2_1_U35/dout_reg/CLK
                         clock pessimism              0.000    10.924    
                         clock uncertainty           -0.035    10.889    
    DSP48_X1Y11          DSP48E1 (Setup_dsp48e1_CLK_A[15])
                                                     -0.570    10.319    bd_0_i/hls_inst/inst/mul_32s_16s_47_2_1_U35/dout_reg
  -------------------------------------------------------------------
                         required time                         10.319    
                         arrival time                          -7.071    
  -------------------------------------------------------------------
                         slack                                  3.248    

Slack (MET) :             3.263ns  (required time - arrival time)
  Source:                 bd_0_i/hls_inst/inst/empty_8_reg_1561_reg[1]/C
                            (rising edge-triggered cell FDRE clocked by ap_clk  {rise@0.000ns fall@5.000ns period=10.000ns})
  Destination:            bd_0_i/hls_inst/inst/mul_32s_16s_47_2_1_U35/tmp_product/B[5]
                            (rising edge-triggered cell DSP48E1 clocked by ap_clk  {rise@0.000ns fall@5.000ns period=10.000ns})
  Path Group:             ap_clk
  Path Type:              Setup (Max at Slow Process Corner)
  Requirement:            10.000ns  (ap_clk rise@10.000ns - ap_clk rise@0.000ns)
  Data Path Delay:        6.001ns  (logic 0.668ns (11.131%)  route 5.333ns (88.869%))
  Logic Levels:           1  (LUT2=1)
  Clock Path Skew:        -0.049ns (DCD - SCD + CPR)
    Destination Clock Delay (DCD):    0.924ns = ( 10.924 - 10.000 ) 
    Source Clock Delay      (SCD):    0.973ns
    Clock Pessimism Removal (CPR):    0.000ns
  Clock Uncertainty:      0.035ns  ((TSJ^2 + TIJ^2)^1/2 + DJ) / 2 + PE
    Total System Jitter     (TSJ):    0.071ns
    Total Input Jitter      (TIJ):    0.000ns
    Discrete Jitter          (DJ):    0.000ns
    Phase Error              (PE):    0.000ns

    Location             Delay type                Incr(ns)  Path(ns)    Netlist Resource(s)
  -------------------------------------------------------------------    -------------------
                         (clock ap_clk rise edge)     0.000     0.000 r  
                                                      0.000     0.000 r  ap_clk (IN)
                         net (fo=2533, unset)         0.973     0.973    bd_0_i/hls_inst/inst/ap_clk
    SLICE_X36Y14         FDRE                                         r  bd_0_i/hls_inst/inst/empty_8_reg_1561_reg[1]/C
  -------------------------------------------------------------------    -------------------
    SLICE_X36Y14         FDRE (Prop_fdre_C_Q)         0.518     1.491 r  bd_0_i/hls_inst/inst/empty_8_reg_1561_reg[1]/Q
                         net (fo=127, routed)         4.548     6.039    bd_0_i/hls_inst/inst/mul_32s_16s_47_2_1_U35/empty_8_reg_1561[1]
    SLICE_X21Y27         LUT2 (Prop_lut2_I0_O)        0.150     6.189 r  bd_0_i/hls_inst/inst/mul_32s_16s_47_2_1_U35/tmp_product_i_2__5/O
                         net (fo=10, routed)          0.785     6.974    bd_0_i/hls_inst/inst/mul_32s_16s_47_2_1_U35/tmp_product_i_2__5_n_0
    DSP48_X1Y10          DSP48E1                                      r  bd_0_i/hls_inst/inst/mul_32s_16s_47_2_1_U35/tmp_product/B[5]
  -------------------------------------------------------------------    -------------------

                         (clock ap_clk rise edge)    10.000    10.000 r  
                                                      0.000    10.000 r  ap_clk (IN)
                         net (fo=2533, unset)         0.924    10.924    bd_0_i/hls_inst/inst/mul_32s_16s_47_2_1_U35/ap_clk
    DSP48_X1Y10          DSP48E1                                      r  bd_0_i/hls_inst/inst/mul_32s_16s_47_2_1_U35/tmp_product/CLK
                         clock pessimism              0.000    10.924    
                         clock uncertainty           -0.035    10.889    
    DSP48_X1Y10          DSP48E1 (Setup_dsp48e1_CLK_B[5])
                                                     -0.652    10.237    bd_0_i/hls_inst/inst/mul_32s_16s_47_2_1_U35/tmp_product
  -------------------------------------------------------------------
                         required time                         10.237    
                         arrival time                          -6.974    
  -------------------------------------------------------------------
                         slack                                  3.263    

Slack (MET) :             3.298ns  (required time - arrival time)
  Source:                 bd_0_i/hls_inst/inst/count_V_reg[1]_rep/C
                            (rising edge-triggered cell FDRE clocked by ap_clk  {rise@0.000ns fall@5.000ns period=10.000ns})
  Destination:            bd_0_i/hls_inst/inst/p_ZZ21low_pass_filter_firstRN3hls6streamINS_4axisI8ap_fixedILi32ELi10EL9ap_q_mode_11_reg[2]/D
                            (rising edge-triggered cell FDRE clocked by ap_clk  {rise@0.000ns fall@5.000ns period=10.000ns})
  Path Group:             ap_clk
  Path Type:              Setup (Max at Slow Process Corner)
  Requirement:            10.000ns  (ap_clk rise@10.000ns - ap_clk rise@0.000ns)
  Data Path Delay:        6.587ns  (logic 0.580ns (8.805%)  route 6.007ns (91.195%))
  Logic Levels:           1  (LUT6=1)
  Clock Path Skew:        -0.049ns (DCD - SCD + CPR)
    Destination Clock Delay (DCD):    0.924ns = ( 10.924 - 10.000 ) 
    Source Clock Delay      (SCD):    0.973ns
    Clock Pessimism Removal (CPR):    0.000ns
  Clock Uncertainty:      0.035ns  ((TSJ^2 + TIJ^2)^1/2 + DJ) / 2 + PE
    Total System Jitter     (TSJ):    0.071ns
    Total Input Jitter      (TIJ):    0.000ns
    Discrete Jitter          (DJ):    0.000ns
    Phase Error              (PE):    0.000ns

    Location             Delay type                Incr(ns)  Path(ns)    Netlist Resource(s)
  -------------------------------------------------------------------    -------------------
                         (clock ap_clk rise edge)     0.000     0.000 r  
                                                      0.000     0.000 r  ap_clk (IN)
                         net (fo=2533, unset)         0.973     0.973    bd_0_i/hls_inst/inst/ap_clk
    SLICE_X31Y12         FDRE                                         r  bd_0_i/hls_inst/inst/count_V_reg[1]_rep/C
  -------------------------------------------------------------------    -------------------
    SLICE_X31Y12         FDRE (Prop_fdre_C_Q)         0.456     1.429 r  bd_0_i/hls_inst/inst/count_V_reg[1]_rep/Q
                         net (fo=121, routed)         5.177     6.606    bd_0_i/hls_inst/inst/count_V_reg[1]_rep_n_0
    SLICE_X10Y16         LUT6 (Prop_lut6_I2_O)        0.124     6.730 r  bd_0_i/hls_inst/inst/p_ZZ21low_pass_filter_firstRN3hls6streamINS_4axisI8ap_fixedILi32ELi10EL9ap_q_mode_33[2]_i_1/O
                         net (fo=8, routed)           0.830     7.560    bd_0_i/hls_inst/inst/tmp_1_fu_542_p6[2]
    SLICE_X10Y19         FDRE                                         r  bd_0_i/hls_inst/inst/p_ZZ21low_pass_filter_firstRN3hls6streamINS_4axisI8ap_fixedILi32ELi10EL9ap_q_mode_11_reg[2]/D
  -------------------------------------------------------------------    -------------------

                         (clock ap_clk rise edge)    10.000    10.000 r  
                                                      0.000    10.000 r  ap_clk (IN)
                         net (fo=2533, unset)         0.924    10.924    bd_0_i/hls_inst/inst/ap_clk
    SLICE_X10Y19         FDRE                                         r  bd_0_i/hls_inst/inst/p_ZZ21low_pass_filter_firstRN3hls6streamINS_4axisI8ap_fixedILi32ELi10EL9ap_q_mode_11_reg[2]/C
                         clock pessimism              0.000    10.924    
                         clock uncertainty           -0.035    10.889    
    SLICE_X10Y19         FDRE (Setup_fdre_C_D)       -0.031    10.858    bd_0_i/hls_inst/inst/p_ZZ21low_pass_filter_firstRN3hls6streamINS_4axisI8ap_fixedILi32ELi10EL9ap_q_mode_11_reg[2]
  -------------------------------------------------------------------
                         required time                         10.858    
                         arrival time                          -7.560    
  -------------------------------------------------------------------
                         slack                                  3.298    

Slack (MET) :             3.311ns  (required time - arrival time)
  Source:                 bd_0_i/hls_inst/inst/empty_8_reg_1561_reg[1]/C
                            (rising edge-triggered cell FDRE clocked by ap_clk  {rise@0.000ns fall@5.000ns period=10.000ns})
  Destination:            bd_0_i/hls_inst/inst/mul_32s_16s_47_2_1_U35/dout_reg/A[16]
                            (rising edge-triggered cell DSP48E1 clocked by ap_clk  {rise@0.000ns fall@5.000ns period=10.000ns})
  Path Group:             ap_clk
  Path Type:              Setup (Max at Slow Process Corner)
  Requirement:            10.000ns  (ap_clk rise@10.000ns - ap_clk rise@0.000ns)
  Data Path Delay:        6.035ns  (logic 0.670ns (11.101%)  route 5.365ns (88.899%))
  Logic Levels:           1  (LUT2=1)
  Clock Path Skew:        -0.049ns (DCD - SCD + CPR)
    Destination Clock Delay (DCD):    0.924ns = ( 10.924 - 10.000 ) 
    Source Clock Delay      (SCD):    0.973ns
    Clock Pessimism Removal (CPR):    0.000ns
  Clock Uncertainty:      0.035ns  ((TSJ^2 + TIJ^2)^1/2 + DJ) / 2 + PE
    Total System Jitter     (TSJ):    0.071ns
    Total Input Jitter      (TIJ):    0.000ns
    Discrete Jitter          (DJ):    0.000ns
    Phase Error              (PE):    0.000ns

    Location             Delay type                Incr(ns)  Path(ns)    Netlist Resource(s)
  -------------------------------------------------------------------    -------------------
                         (clock ap_clk rise edge)     0.000     0.000 r  
                                                      0.000     0.000 r  ap_clk (IN)
                         net (fo=2533, unset)         0.973     0.973    bd_0_i/hls_inst/inst/ap_clk
    SLICE_X36Y14         FDRE                                         r  bd_0_i/hls_inst/inst/empty_8_reg_1561_reg[1]/C
  -------------------------------------------------------------------    -------------------
    SLICE_X36Y14         FDRE (Prop_fdre_C_Q)         0.518     1.491 r  bd_0_i/hls_inst/inst/empty_8_reg_1561_reg[1]/Q
                         net (fo=127, routed)         3.747     5.238    bd_0_i/hls_inst/inst/mul_32s_16s_47_2_1_U35/empty_8_reg_1561[1]
    SLICE_X11Y18         LUT2 (Prop_lut2_I0_O)        0.152     5.390 r  bd_0_i/hls_inst/inst/mul_32s_16s_47_2_1_U35/dout_reg_i_17__2/O
                         net (fo=10, routed)          1.618     7.008    bd_0_i/hls_inst/inst/mul_32s_16s_47_2_1_U35/empty_8_reg_1561_reg[1][0]
    DSP48_X1Y11          DSP48E1                                      r  bd_0_i/hls_inst/inst/mul_32s_16s_47_2_1_U35/dout_reg/A[16]
  -------------------------------------------------------------------    -------------------

                         (clock ap_clk rise edge)    10.000    10.000 r  
                                                      0.000    10.000 r  ap_clk (IN)
                         net (fo=2533, unset)         0.924    10.924    bd_0_i/hls_inst/inst/mul_32s_16s_47_2_1_U35/ap_clk
    DSP48_X1Y11          DSP48E1                                      r  bd_0_i/hls_inst/inst/mul_32s_16s_47_2_1_U35/dout_reg/CLK
                         clock pessimism              0.000    10.924    
                         clock uncertainty           -0.035    10.889    
    DSP48_X1Y11          DSP48E1 (Setup_dsp48e1_CLK_A[16])
                                                     -0.570    10.319    bd_0_i/hls_inst/inst/mul_32s_16s_47_2_1_U35/dout_reg
  -------------------------------------------------------------------
                         required time                         10.319    
                         arrival time                          -7.008    
  -------------------------------------------------------------------
                         slack                                  3.311    

Slack (MET) :             3.401ns  (required time - arrival time)
  Source:                 bd_0_i/hls_inst/inst/empty_8_reg_1561_reg[1]/C
                            (rising edge-triggered cell FDRE clocked by ap_clk  {rise@0.000ns fall@5.000ns period=10.000ns})
  Destination:            bd_0_i/hls_inst/inst/mul_32s_16s_47_2_1_U35/tmp_product/B[10]
                            (rising edge-triggered cell DSP48E1 clocked by ap_clk  {rise@0.000ns fall@5.000ns period=10.000ns})
  Path Group:             ap_clk
  Path Type:              Setup (Max at Slow Process Corner)
  Requirement:            10.000ns  (ap_clk rise@10.000ns - ap_clk rise@0.000ns)
  Data Path Delay:        5.863ns  (logic 0.668ns (11.394%)  route 5.195ns (88.606%))
  Logic Levels:           1  (LUT2=1)
  Clock Path Skew:        -0.049ns (DCD - SCD + CPR)
    Destination Clock Delay (DCD):    0.924ns = ( 10.924 - 10.000 ) 
    Source Clock Delay      (SCD):    0.973ns
    Clock Pessimism Removal (CPR):    0.000ns
  Clock Uncertainty:      0.035ns  ((TSJ^2 + TIJ^2)^1/2 + DJ) / 2 + PE
    Total System Jitter     (TSJ):    0.071ns
    Total Input Jitter      (TIJ):    0.000ns
    Discrete Jitter          (DJ):    0.000ns
    Phase Error              (PE):    0.000ns

    Location             Delay type                Incr(ns)  Path(ns)    Netlist Resource(s)
  -------------------------------------------------------------------    -------------------
                         (clock ap_clk rise edge)     0.000     0.000 r  
                                                      0.000     0.000 r  ap_clk (IN)
                         net (fo=2533, unset)         0.973     0.973    bd_0_i/hls_inst/inst/ap_clk
    SLICE_X36Y14         FDRE                                         r  bd_0_i/hls_inst/inst/empty_8_reg_1561_reg[1]/C
  -------------------------------------------------------------------    -------------------
    SLICE_X36Y14         FDRE (Prop_fdre_C_Q)         0.518     1.491 r  bd_0_i/hls_inst/inst/empty_8_reg_1561_reg[1]/Q
                         net (fo=127, routed)         4.548     6.039    bd_0_i/hls_inst/inst/mul_32s_16s_47_2_1_U35/empty_8_reg_1561[1]
    SLICE_X21Y27         LUT2 (Prop_lut2_I0_O)        0.150     6.189 r  bd_0_i/hls_inst/inst/mul_32s_16s_47_2_1_U35/tmp_product_i_2__5/O
                         net (fo=10, routed)          0.646     6.836    bd_0_i/hls_inst/inst/mul_32s_16s_47_2_1_U35/tmp_product_i_2__5_n_0
    DSP48_X1Y10          DSP48E1                                      r  bd_0_i/hls_inst/inst/mul_32s_16s_47_2_1_U35/tmp_product/B[10]
  -------------------------------------------------------------------    -------------------

                         (clock ap_clk rise edge)    10.000    10.000 r  
                                                      0.000    10.000 r  ap_clk (IN)
                         net (fo=2533, unset)         0.924    10.924    bd_0_i/hls_inst/inst/mul_32s_16s_47_2_1_U35/ap_clk
    DSP48_X1Y10          DSP48E1                                      r  bd_0_i/hls_inst/inst/mul_32s_16s_47_2_1_U35/tmp_product/CLK
                         clock pessimism              0.000    10.924    
                         clock uncertainty           -0.035    10.889    
    DSP48_X1Y10          DSP48E1 (Setup_dsp48e1_CLK_B[10])
                                                     -0.652    10.237    bd_0_i/hls_inst/inst/mul_32s_16s_47_2_1_U35/tmp_product
  -------------------------------------------------------------------
                         required time                         10.237    
                         arrival time                          -6.836    
  -------------------------------------------------------------------
                         slack                                  3.401    

Slack (MET) :             3.401ns  (required time - arrival time)
  Source:                 bd_0_i/hls_inst/inst/empty_8_reg_1561_reg[1]/C
                            (rising edge-triggered cell FDRE clocked by ap_clk  {rise@0.000ns fall@5.000ns period=10.000ns})
  Destination:            bd_0_i/hls_inst/inst/mul_32s_16s_47_2_1_U35/tmp_product/B[9]
                            (rising edge-triggered cell DSP48E1 clocked by ap_clk  {rise@0.000ns fall@5.000ns period=10.000ns})
  Path Group:             ap_clk
  Path Type:              Setup (Max at Slow Process Corner)
  Requirement:            10.000ns  (ap_clk rise@10.000ns - ap_clk rise@0.000ns)
  Data Path Delay:        5.863ns  (logic 0.668ns (11.394%)  route 5.195ns (88.606%))
  Logic Levels:           1  (LUT2=1)
  Clock Path Skew:        -0.049ns (DCD - SCD + CPR)
    Destination Clock Delay (DCD):    0.924ns = ( 10.924 - 10.000 ) 
    Source Clock Delay      (SCD):    0.973ns
    Clock Pessimism Removal (CPR):    0.000ns
  Clock Uncertainty:      0.035ns  ((TSJ^2 + TIJ^2)^1/2 + DJ) / 2 + PE
    Total System Jitter     (TSJ):    0.071ns
    Total Input Jitter      (TIJ):    0.000ns
    Discrete Jitter          (DJ):    0.000ns
    Phase Error              (PE):    0.000ns

    Location             Delay type                Incr(ns)  Path(ns)    Netlist Resource(s)
  -------------------------------------------------------------------    -------------------
                         (clock ap_clk rise edge)     0.000     0.000 r  
                                                      0.000     0.000 r  ap_clk (IN)
                         net (fo=2533, unset)         0.973     0.973    bd_0_i/hls_inst/inst/ap_clk
    SLICE_X36Y14         FDRE                                         r  bd_0_i/hls_inst/inst/empty_8_reg_1561_reg[1]/C
  -------------------------------------------------------------------    -------------------
    SLICE_X36Y14         FDRE (Prop_fdre_C_Q)         0.518     1.491 r  bd_0_i/hls_inst/inst/empty_8_reg_1561_reg[1]/Q
                         net (fo=127, routed)         4.548     6.039    bd_0_i/hls_inst/inst/mul_32s_16s_47_2_1_U35/empty_8_reg_1561[1]
    SLICE_X21Y27         LUT2 (Prop_lut2_I0_O)        0.150     6.189 r  bd_0_i/hls_inst/inst/mul_32s_16s_47_2_1_U35/tmp_product_i_2__5/O
                         net (fo=10, routed)          0.646     6.836    bd_0_i/hls_inst/inst/mul_32s_16s_47_2_1_U35/tmp_product_i_2__5_n_0
    DSP48_X1Y10          DSP48E1                                      r  bd_0_i/hls_inst/inst/mul_32s_16s_47_2_1_U35/tmp_product/B[9]
  -------------------------------------------------------------------    -------------------

                         (clock ap_clk rise edge)    10.000    10.000 r  
                                                      0.000    10.000 r  ap_clk (IN)
                         net (fo=2533, unset)         0.924    10.924    bd_0_i/hls_inst/inst/mul_32s_16s_47_2_1_U35/ap_clk
    DSP48_X1Y10          DSP48E1                                      r  bd_0_i/hls_inst/inst/mul_32s_16s_47_2_1_U35/tmp_product/CLK
                         clock pessimism              0.000    10.924    
                         clock uncertainty           -0.035    10.889    
    DSP48_X1Y10          DSP48E1 (Setup_dsp48e1_CLK_B[9])
                                                     -0.652    10.237    bd_0_i/hls_inst/inst/mul_32s_16s_47_2_1_U35/tmp_product
  -------------------------------------------------------------------
                         required time                         10.237    
                         arrival time                          -6.836    
  -------------------------------------------------------------------
                         slack                                  3.401    

Slack (MET) :             3.411ns  (required time - arrival time)
  Source:                 bd_0_i/hls_inst/inst/empty_8_reg_1561_reg[1]/C
                            (rising edge-triggered cell FDRE clocked by ap_clk  {rise@0.000ns fall@5.000ns period=10.000ns})
  Destination:            bd_0_i/hls_inst/inst/mul_32s_16s_47_2_1_U26/tmp_product/B[17]
                            (rising edge-triggered cell DSP48E1 clocked by ap_clk  {rise@0.000ns fall@5.000ns period=10.000ns})
  Path Group:             ap_clk
  Path Type:              Setup (Max at Slow Process Corner)
  Requirement:            10.000ns  (ap_clk rise@10.000ns - ap_clk rise@0.000ns)
  Data Path Delay:        5.853ns  (logic 0.670ns (11.447%)  route 5.183ns (88.553%))
  Logic Levels:           1  (LUT2=1)
  Clock Path Skew:        -0.049ns (DCD - SCD + CPR)
    Destination Clock Delay (DCD):    0.924ns = ( 10.924 - 10.000 ) 
    Source Clock Delay      (SCD):    0.973ns
    Clock Pessimism Removal (CPR):    0.000ns
  Clock Uncertainty:      0.035ns  ((TSJ^2 + TIJ^2)^1/2 + DJ) / 2 + PE
    Total System Jitter     (TSJ):    0.071ns
    Total Input Jitter      (TIJ):    0.000ns
    Discrete Jitter          (DJ):    0.000ns
    Phase Error              (PE):    0.000ns

    Location             Delay type                Incr(ns)  Path(ns)    Netlist Resource(s)
  -------------------------------------------------------------------    -------------------
                         (clock ap_clk rise edge)     0.000     0.000 r  
                                                      0.000     0.000 r  ap_clk (IN)
                         net (fo=2533, unset)         0.973     0.973    bd_0_i/hls_inst/inst/ap_clk
    SLICE_X36Y14         FDRE                                         r  bd_0_i/hls_inst/inst/empty_8_reg_1561_reg[1]/C
  -------------------------------------------------------------------    -------------------
    SLICE_X36Y14         FDRE (Prop_fdre_C_Q)         0.518     1.491 r  bd_0_i/hls_inst/inst/empty_8_reg_1561_reg[1]/Q
                         net (fo=127, routed)         4.573     6.064    bd_0_i/hls_inst/inst/mul_32s_16s_47_2_1_U26/dout_reg_1[1]
    SLICE_X11Y13         LUT2 (Prop_lut2_I0_O)        0.152     6.216 r  bd_0_i/hls_inst/inst/mul_32s_16s_47_2_1_U26/tmp_product_i_1__5/O
                         net (fo=10, routed)          0.609     6.826    bd_0_i/hls_inst/inst/mul_32s_16s_47_2_1_U26/tmp_product_i_1__5_n_0
    DSP48_X0Y4           DSP48E1                                      r  bd_0_i/hls_inst/inst/mul_32s_16s_47_2_1_U26/tmp_product/B[17]
  -------------------------------------------------------------------    -------------------

                         (clock ap_clk rise edge)    10.000    10.000 r  
                                                      0.000    10.000 r  ap_clk (IN)
                         net (fo=2533, unset)         0.924    10.924    bd_0_i/hls_inst/inst/mul_32s_16s_47_2_1_U26/ap_clk
    DSP48_X0Y4           DSP48E1                                      r  bd_0_i/hls_inst/inst/mul_32s_16s_47_2_1_U26/tmp_product/CLK
                         clock pessimism              0.000    10.924    
                         clock uncertainty           -0.035    10.889    
    DSP48_X0Y4           DSP48E1 (Setup_dsp48e1_CLK_B[17])
                                                     -0.652    10.237    bd_0_i/hls_inst/inst/mul_32s_16s_47_2_1_U26/tmp_product
  -------------------------------------------------------------------
                         required time                         10.237    
                         arrival time                          -6.826    
  -------------------------------------------------------------------
                         slack                                  3.411    

Slack (MET) :             3.413ns  (required time - arrival time)
  Source:                 bd_0_i/hls_inst/inst/empty_8_reg_1561_reg[1]/C
                            (rising edge-triggered cell FDRE clocked by ap_clk  {rise@0.000ns fall@5.000ns period=10.000ns})
  Destination:            bd_0_i/hls_inst/inst/mul_32s_16s_47_2_1_U35/tmp_product/B[14]
                            (rising edge-triggered cell DSP48E1 clocked by ap_clk  {rise@0.000ns fall@5.000ns period=10.000ns})
  Path Group:             ap_clk
  Path Type:              Setup (Max at Slow Process Corner)
  Requirement:            10.000ns  (ap_clk rise@10.000ns - ap_clk rise@0.000ns)
  Data Path Delay:        5.851ns  (logic 0.668ns (11.416%)  route 5.183ns (88.584%))
  Logic Levels:           1  (LUT2=1)
  Clock Path Skew:        -0.049ns (DCD - SCD + CPR)
    Destination Clock Delay (DCD):    0.924ns = ( 10.924 - 10.000 ) 
    Source Clock Delay      (SCD):    0.973ns
    Clock Pessimism Removal (CPR):    0.000ns
  Clock Uncertainty:      0.035ns  ((TSJ^2 + TIJ^2)^1/2 + DJ) / 2 + PE
    Total System Jitter     (TSJ):    0.071ns
    Total Input Jitter      (TIJ):    0.000ns
    Discrete Jitter          (DJ):    0.000ns
    Phase Error              (PE):    0.000ns

    Location             Delay type                Incr(ns)  Path(ns)    Netlist Resource(s)
  -------------------------------------------------------------------    -------------------
                         (clock ap_clk rise edge)     0.000     0.000 r  
                                                      0.000     0.000 r  ap_clk (IN)
                         net (fo=2533, unset)         0.973     0.973    bd_0_i/hls_inst/inst/ap_clk
    SLICE_X36Y14         FDRE                                         r  bd_0_i/hls_inst/inst/empty_8_reg_1561_reg[1]/C
  -------------------------------------------------------------------    -------------------
    SLICE_X36Y14         FDRE (Prop_fdre_C_Q)         0.518     1.491 r  bd_0_i/hls_inst/inst/empty_8_reg_1561_reg[1]/Q
                         net (fo=127, routed)         4.548     6.039    bd_0_i/hls_inst/inst/mul_32s_16s_47_2_1_U35/empty_8_reg_1561[1]
    SLICE_X21Y27         LUT2 (Prop_lut2_I0_O)        0.150     6.189 r  bd_0_i/hls_inst/inst/mul_32s_16s_47_2_1_U35/tmp_product_i_2__5/O
                         net (fo=10, routed)          0.635     6.824    bd_0_i/hls_inst/inst/mul_32s_16s_47_2_1_U35/tmp_product_i_2__5_n_0
    DSP48_X1Y10          DSP48E1                                      r  bd_0_i/hls_inst/inst/mul_32s_16s_47_2_1_U35/tmp_product/B[14]
  -------------------------------------------------------------------    -------------------

                         (clock ap_clk rise edge)    10.000    10.000 r  
                                                      0.000    10.000 r  ap_clk (IN)
                         net (fo=2533, unset)         0.924    10.924    bd_0_i/hls_inst/inst/mul_32s_16s_47_2_1_U35/ap_clk
    DSP48_X1Y10          DSP48E1                                      r  bd_0_i/hls_inst/inst/mul_32s_16s_47_2_1_U35/tmp_product/CLK
                         clock pessimism              0.000    10.924    
                         clock uncertainty           -0.035    10.889    
    DSP48_X1Y10          DSP48E1 (Setup_dsp48e1_CLK_B[14])
                                                     -0.652    10.237    bd_0_i/hls_inst/inst/mul_32s_16s_47_2_1_U35/tmp_product
  -------------------------------------------------------------------
                         required time                         10.237    
                         arrival time                          -6.824    
  -------------------------------------------------------------------
                         slack                                  3.413    





Min Delay Paths
--------------------------------------------------------------------------------------
Slack (MET) :             0.101ns  (arrival time - required time)
  Source:                 bd_0_i/hls_inst/inst/p_ZZ21low_pass_filter_firstRN3hls6streamINS_4axisI8ap_fixedILi32ELi10EL9ap_q_mode_4_reg[26]/C
                            (rising edge-triggered cell FDRE clocked by ap_clk  {rise@0.000ns fall@5.000ns period=10.000ns})
  Destination:            bd_0_i/hls_inst/inst/p_ZZ21low_pass_filter_firstRN3hls6streamINS_4axisI8ap_fixedILi32ELi10EL9ap_q_mode_14_reg[26]/D
                            (rising edge-triggered cell FDRE clocked by ap_clk  {rise@0.000ns fall@5.000ns period=10.000ns})
  Path Group:             ap_clk
  Path Type:              Hold (Min at Fast Process Corner)
  Requirement:            0.000ns  (ap_clk rise@0.000ns - ap_clk rise@0.000ns)
  Data Path Delay:        0.242ns  (logic 0.186ns (76.826%)  route 0.056ns (23.173%))
  Logic Levels:           1  (LUT6=1)
  Clock Path Skew:        0.022ns (DCD - SCD - CPR)
    Destination Clock Delay (DCD):    0.432ns
    Source Clock Delay      (SCD):    0.410ns
    Clock Pessimism Removal (CPR):    -0.000ns

    Location             Delay type                Incr(ns)  Path(ns)    Netlist Resource(s)
  -------------------------------------------------------------------    -------------------
                         (clock ap_clk rise edge)     0.000     0.000 r  
                                                      0.000     0.000 r  ap_clk (IN)
                         net (fo=2533, unset)         0.410     0.410    bd_0_i/hls_inst/inst/ap_clk
    SLICE_X23Y15         FDRE                                         r  bd_0_i/hls_inst/inst/p_ZZ21low_pass_filter_firstRN3hls6streamINS_4axisI8ap_fixedILi32ELi10EL9ap_q_mode_4_reg[26]/C
  -------------------------------------------------------------------    -------------------
    SLICE_X23Y15         FDRE (Prop_fdre_C_Q)         0.141     0.551 r  bd_0_i/hls_inst/inst/p_ZZ21low_pass_filter_firstRN3hls6streamINS_4axisI8ap_fixedILi32ELi10EL9ap_q_mode_4_reg[26]/Q
                         net (fo=1, routed)           0.056     0.607    bd_0_i/hls_inst/inst/mul_32s_16s_47_2_1_U26/dout_reg_8[26]
    SLICE_X22Y15         LUT6 (Prop_lut6_I5_O)        0.045     0.652 r  bd_0_i/hls_inst/inst/mul_32s_16s_47_2_1_U26/dout_reg_i_6__0/O
                         net (fo=5, routed)           0.000     0.652    bd_0_i/hls_inst/inst/r_V_6_fu_584_p6[26]
    SLICE_X22Y15         FDRE                                         r  bd_0_i/hls_inst/inst/p_ZZ21low_pass_filter_firstRN3hls6streamINS_4axisI8ap_fixedILi32ELi10EL9ap_q_mode_14_reg[26]/D
  -------------------------------------------------------------------    -------------------

                         (clock ap_clk rise edge)     0.000     0.000 r  
                                                      0.000     0.000 r  ap_clk (IN)
                         net (fo=2533, unset)         0.432     0.432    bd_0_i/hls_inst/inst/ap_clk
    SLICE_X22Y15         FDRE                                         r  bd_0_i/hls_inst/inst/p_ZZ21low_pass_filter_firstRN3hls6streamINS_4axisI8ap_fixedILi32ELi10EL9ap_q_mode_14_reg[26]/C
                         clock pessimism              0.000     0.432    
    SLICE_X22Y15         FDRE (Hold_fdre_C_D)         0.120     0.552    bd_0_i/hls_inst/inst/p_ZZ21low_pass_filter_firstRN3hls6streamINS_4axisI8ap_fixedILi32ELi10EL9ap_q_mode_14_reg[26]
  -------------------------------------------------------------------
                         required time                         -0.552    
                         arrival time                           0.652    
  -------------------------------------------------------------------
                         slack                                  0.101    

Slack (MET) :             0.101ns  (arrival time - required time)
  Source:                 bd_0_i/hls_inst/inst/sum_V_new_0_reg_332_reg[10]/C
                            (rising edge-triggered cell FDRE clocked by ap_clk  {rise@0.000ns fall@5.000ns period=10.000ns})
  Destination:            bd_0_i/hls_inst/inst/sum_V_reg[10]/D
                            (rising edge-triggered cell FDRE clocked by ap_clk  {rise@0.000ns fall@5.000ns period=10.000ns})
  Path Group:             ap_clk
  Path Type:              Hold (Min at Fast Process Corner)
  Requirement:            0.000ns  (ap_clk rise@0.000ns - ap_clk rise@0.000ns)
  Data Path Delay:        0.197ns  (logic 0.141ns (71.536%)  route 0.056ns (28.464%))
  Logic Levels:           0  
  Clock Path Skew:        0.022ns (DCD - SCD - CPR)
    Destination Clock Delay (DCD):    0.432ns
    Source Clock Delay      (SCD):    0.410ns
    Clock Pessimism Removal (CPR):    -0.000ns

    Location             Delay type                Incr(ns)  Path(ns)    Netlist Resource(s)
  -------------------------------------------------------------------    -------------------
                         (clock ap_clk rise edge)     0.000     0.000 r  
                                                      0.000     0.000 r  ap_clk (IN)
                         net (fo=2533, unset)         0.410     0.410    bd_0_i/hls_inst/inst/ap_clk
    SLICE_X27Y21         FDRE                                         r  bd_0_i/hls_inst/inst/sum_V_new_0_reg_332_reg[10]/C
  -------------------------------------------------------------------    -------------------
    SLICE_X27Y21         FDRE (Prop_fdre_C_Q)         0.141     0.551 r  bd_0_i/hls_inst/inst/sum_V_new_0_reg_332_reg[10]/Q
                         net (fo=1, routed)           0.056     0.607    bd_0_i/hls_inst/inst/sum_V_new_0_reg_332[10]
    SLICE_X26Y21         FDRE                                         r  bd_0_i/hls_inst/inst/sum_V_reg[10]/D
  -------------------------------------------------------------------    -------------------

                         (clock ap_clk rise edge)     0.000     0.000 r  
                                                      0.000     0.000 r  ap_clk (IN)
                         net (fo=2533, unset)         0.432     0.432    bd_0_i/hls_inst/inst/ap_clk
    SLICE_X26Y21         FDRE                                         r  bd_0_i/hls_inst/inst/sum_V_reg[10]/C
                         clock pessimism              0.000     0.432    
    SLICE_X26Y21         FDRE (Hold_fdre_C_D)         0.075     0.507    bd_0_i/hls_inst/inst/sum_V_reg[10]
  -------------------------------------------------------------------
                         required time                         -0.507    
                         arrival time                           0.607    
  -------------------------------------------------------------------
                         slack                                  0.101    

Slack (MET) :             0.132ns  (arrival time - required time)
  Source:                 bd_0_i/hls_inst/inst/regslice_both_input_r_V_data_V_U/B_V_data_1_payload_A_reg[17]/C
                            (rising edge-triggered cell FDRE clocked by ap_clk  {rise@0.000ns fall@5.000ns period=10.000ns})
  Destination:            bd_0_i/hls_inst/inst/p_ZZ21low_pass_filter_firstRN3hls6streamINS_4axisI8ap_fixedILi32ELi10EL9ap_q_mode_10_reg[17]/D
                            (rising edge-triggered cell FDRE clocked by ap_clk  {rise@0.000ns fall@5.000ns period=10.000ns})
  Path Group:             ap_clk
  Path Type:              Hold (Min at Fast Process Corner)
  Requirement:            0.000ns  (ap_clk rise@0.000ns - ap_clk rise@0.000ns)
  Data Path Delay:        0.273ns  (logic 0.186ns (68.106%)  route 0.087ns (31.894%))
  Logic Levels:           1  (LUT3=1)
  Clock Path Skew:        0.022ns (DCD - SCD - CPR)
    Destination Clock Delay (DCD):    0.432ns
    Source Clock Delay      (SCD):    0.410ns
    Clock Pessimism Removal (CPR):    -0.000ns

    Location             Delay type                Incr(ns)  Path(ns)    Netlist Resource(s)
  -------------------------------------------------------------------    -------------------
                         (clock ap_clk rise edge)     0.000     0.000 r  
                                                      0.000     0.000 r  ap_clk (IN)
                         net (fo=2533, unset)         0.410     0.410    bd_0_i/hls_inst/inst/regslice_both_input_r_V_data_V_U/ap_clk
    SLICE_X35Y2          FDRE                                         r  bd_0_i/hls_inst/inst/regslice_both_input_r_V_data_V_U/B_V_data_1_payload_A_reg[17]/C
  -------------------------------------------------------------------    -------------------
    SLICE_X35Y2          FDRE (Prop_fdre_C_Q)         0.141     0.551 r  bd_0_i/hls_inst/inst/regslice_both_input_r_V_data_V_U/B_V_data_1_payload_A_reg[17]/Q
                         net (fo=1, routed)           0.087     0.638    bd_0_i/hls_inst/inst/regslice_both_input_r_V_data_V_U/B_V_data_1_payload_A[17]
    SLICE_X34Y2          LUT3 (Prop_lut3_I1_O)        0.045     0.683 r  bd_0_i/hls_inst/inst/regslice_both_input_r_V_data_V_U/dout_reg_i_15/O
                         net (fo=5, routed)           0.000     0.683    bd_0_i/hls_inst/inst/input_r_TDATA_int_regslice[17]
    SLICE_X34Y2          FDRE                                         r  bd_0_i/hls_inst/inst/p_ZZ21low_pass_filter_firstRN3hls6streamINS_4axisI8ap_fixedILi32ELi10EL9ap_q_mode_10_reg[17]/D
  -------------------------------------------------------------------    -------------------

                         (clock ap_clk rise edge)     0.000     0.000 r  
                                                      0.000     0.000 r  ap_clk (IN)
                         net (fo=2533, unset)         0.432     0.432    bd_0_i/hls_inst/inst/ap_clk
    SLICE_X34Y2          FDRE                                         r  bd_0_i/hls_inst/inst/p_ZZ21low_pass_filter_firstRN3hls6streamINS_4axisI8ap_fixedILi32ELi10EL9ap_q_mode_10_reg[17]/C
                         clock pessimism              0.000     0.432    
    SLICE_X34Y2          FDRE (Hold_fdre_C_D)         0.120     0.552    bd_0_i/hls_inst/inst/p_ZZ21low_pass_filter_firstRN3hls6streamINS_4axisI8ap_fixedILi32ELi10EL9ap_q_mode_10_reg[17]
  -------------------------------------------------------------------
                         required time                         -0.552    
                         arrival time                           0.683    
  -------------------------------------------------------------------
                         slack                                  0.132    

Slack (MET) :             0.132ns  (arrival time - required time)
  Source:                 bd_0_i/hls_inst/inst/p_ZZ21low_pass_filter_firstRN3hls6streamINS_4axisI8ap_fixedILi32ELi10EL9ap_q_mode_27_reg[0]/C
                            (rising edge-triggered cell FDRE clocked by ap_clk  {rise@0.000ns fall@5.000ns period=10.000ns})
  Destination:            bd_0_i/hls_inst/inst/p_ZZ21low_pass_filter_firstRN3hls6streamINS_4axisI8ap_fixedILi32ELi10EL9ap_q_mode_15_reg[0]/D
                            (rising edge-triggered cell FDRE clocked by ap_clk  {rise@0.000ns fall@5.000ns period=10.000ns})
  Path Group:             ap_clk
  Path Type:              Hold (Min at Fast Process Corner)
  Requirement:            0.000ns  (ap_clk rise@0.000ns - ap_clk rise@0.000ns)
  Data Path Delay:        0.273ns  (logic 0.186ns (68.106%)  route 0.087ns (31.894%))
  Logic Levels:           1  (LUT6=1)
  Clock Path Skew:        0.022ns (DCD - SCD - CPR)
    Destination Clock Delay (DCD):    0.432ns
    Source Clock Delay      (SCD):    0.410ns
    Clock Pessimism Removal (CPR):    -0.000ns

    Location             Delay type                Incr(ns)  Path(ns)    Netlist Resource(s)
  -------------------------------------------------------------------    -------------------
                         (clock ap_clk rise edge)     0.000     0.000 r  
                                                      0.000     0.000 r  ap_clk (IN)
                         net (fo=2533, unset)         0.410     0.410    bd_0_i/hls_inst/inst/ap_clk
    SLICE_X23Y7          FDRE                                         r  bd_0_i/hls_inst/inst/p_ZZ21low_pass_filter_firstRN3hls6streamINS_4axisI8ap_fixedILi32ELi10EL9ap_q_mode_27_reg[0]/C
  -------------------------------------------------------------------    -------------------
    SLICE_X23Y7          FDRE (Prop_fdre_C_Q)         0.141     0.551 r  bd_0_i/hls_inst/inst/p_ZZ21low_pass_filter_firstRN3hls6streamINS_4axisI8ap_fixedILi32ELi10EL9ap_q_mode_27_reg[0]/Q
                         net (fo=1, routed)           0.087     0.638    bd_0_i/hls_inst/inst/mul_32s_16s_47_2_1_U25/dout_reg_2[0]
    SLICE_X22Y7          LUT6 (Prop_lut6_I1_O)        0.045     0.683 r  bd_0_i/hls_inst/inst/mul_32s_16s_47_2_1_U25/tmp_product_i_17__1/O
                         net (fo=5, routed)           0.000     0.683    bd_0_i/hls_inst/inst/r_V_5_fu_598_p6[0]
    SLICE_X22Y7          FDRE                                         r  bd_0_i/hls_inst/inst/p_ZZ21low_pass_filter_firstRN3hls6streamINS_4axisI8ap_fixedILi32ELi10EL9ap_q_mode_15_reg[0]/D
  -------------------------------------------------------------------    -------------------

                         (clock ap_clk rise edge)     0.000     0.000 r  
                                                      0.000     0.000 r  ap_clk (IN)
                         net (fo=2533, unset)         0.432     0.432    bd_0_i/hls_inst/inst/ap_clk
    SLICE_X22Y7          FDRE                                         r  bd_0_i/hls_inst/inst/p_ZZ21low_pass_filter_firstRN3hls6streamINS_4axisI8ap_fixedILi32ELi10EL9ap_q_mode_15_reg[0]/C
                         clock pessimism              0.000     0.432    
    SLICE_X22Y7          FDRE (Hold_fdre_C_D)         0.120     0.552    bd_0_i/hls_inst/inst/p_ZZ21low_pass_filter_firstRN3hls6streamINS_4axisI8ap_fixedILi32ELi10EL9ap_q_mode_15_reg[0]
  -------------------------------------------------------------------
                         required time                         -0.552    
                         arrival time                           0.683    
  -------------------------------------------------------------------
                         slack                                  0.132    

Slack (MET) :             0.132ns  (arrival time - required time)
  Source:                 bd_0_i/hls_inst/inst/regslice_both_input_r_V_strb_V_U/B_V_data_1_payload_B_reg[0]/C
                            (rising edge-triggered cell FDRE clocked by ap_clk  {rise@0.000ns fall@5.000ns period=10.000ns})
  Destination:            bd_0_i/hls_inst/inst/tmp_strb_V_reg_1548_reg[0]/D
                            (rising edge-triggered cell FDRE clocked by ap_clk  {rise@0.000ns fall@5.000ns period=10.000ns})
  Path Group:             ap_clk
  Path Type:              Hold (Min at Fast Process Corner)
  Requirement:            0.000ns  (ap_clk rise@0.000ns - ap_clk rise@0.000ns)
  Data Path Delay:        0.273ns  (logic 0.186ns (68.106%)  route 0.087ns (31.894%))
  Logic Levels:           1  (LUT3=1)
  Clock Path Skew:        0.022ns (DCD - SCD - CPR)
    Destination Clock Delay (DCD):    0.432ns
    Source Clock Delay      (SCD):    0.410ns
    Clock Pessimism Removal (CPR):    -0.000ns

    Location             Delay type                Incr(ns)  Path(ns)    Netlist Resource(s)
  -------------------------------------------------------------------    -------------------
                         (clock ap_clk rise edge)     0.000     0.000 r  
                                                      0.000     0.000 r  ap_clk (IN)
                         net (fo=2533, unset)         0.410     0.410    bd_0_i/hls_inst/inst/regslice_both_input_r_V_strb_V_U/ap_clk
    SLICE_X43Y4          FDRE                                         r  bd_0_i/hls_inst/inst/regslice_both_input_r_V_strb_V_U/B_V_data_1_payload_B_reg[0]/C
  -------------------------------------------------------------------    -------------------
    SLICE_X43Y4          FDRE (Prop_fdre_C_Q)         0.141     0.551 r  bd_0_i/hls_inst/inst/regslice_both_input_r_V_strb_V_U/B_V_data_1_payload_B_reg[0]/Q
                         net (fo=1, routed)           0.087     0.638    bd_0_i/hls_inst/inst/regslice_both_input_r_V_strb_V_U/B_V_data_1_payload_B[0]
    SLICE_X42Y4          LUT3 (Prop_lut3_I0_O)        0.045     0.683 r  bd_0_i/hls_inst/inst/regslice_both_input_r_V_strb_V_U/tmp_strb_V_reg_1548[0]_i_1/O
                         net (fo=1, routed)           0.000     0.683    bd_0_i/hls_inst/inst/input_r_TSTRB_int_regslice[0]
    SLICE_X42Y4          FDRE                                         r  bd_0_i/hls_inst/inst/tmp_strb_V_reg_1548_reg[0]/D
  -------------------------------------------------------------------    -------------------

                         (clock ap_clk rise edge)     0.000     0.000 r  
                                                      0.000     0.000 r  ap_clk (IN)
                         net (fo=2533, unset)         0.432     0.432    bd_0_i/hls_inst/inst/ap_clk
    SLICE_X42Y4          FDRE                                         r  bd_0_i/hls_inst/inst/tmp_strb_V_reg_1548_reg[0]/C
                         clock pessimism              0.000     0.432    
    SLICE_X42Y4          FDRE (Hold_fdre_C_D)         0.120     0.552    bd_0_i/hls_inst/inst/tmp_strb_V_reg_1548_reg[0]
  -------------------------------------------------------------------
                         required time                         -0.552    
                         arrival time                           0.683    
  -------------------------------------------------------------------
                         slack                                  0.132    

Slack (MET) :             0.135ns  (arrival time - required time)
  Source:                 bd_0_i/hls_inst/inst/p_ZZ21low_pass_filter_firstRN3hls6streamINS_4axisI8ap_fixedILi32ELi10EL9ap_q_mode_22_reg[26]/C
                            (rising edge-triggered cell FDRE clocked by ap_clk  {rise@0.000ns fall@5.000ns period=10.000ns})
  Destination:            bd_0_i/hls_inst/inst/mux_case_1579650690755802875930101110741158_reg_241_reg[26]/D
                            (rising edge-triggered cell FDRE clocked by ap_clk  {rise@0.000ns fall@5.000ns period=10.000ns})
  Path Group:             ap_clk
  Path Type:              Hold (Min at Fast Process Corner)
  Requirement:            0.000ns  (ap_clk rise@0.000ns - ap_clk rise@0.000ns)
  Data Path Delay:        0.287ns  (logic 0.189ns (65.806%)  route 0.098ns (34.194%))
  Logic Levels:           1  (LUT4=1)
  Clock Path Skew:        0.022ns (DCD - SCD - CPR)
    Destination Clock Delay (DCD):    0.432ns
    Source Clock Delay      (SCD):    0.410ns
    Clock Pessimism Removal (CPR):    -0.000ns

    Location             Delay type                Incr(ns)  Path(ns)    Netlist Resource(s)
  -------------------------------------------------------------------    -------------------
                         (clock ap_clk rise edge)     0.000     0.000 r  
                                                      0.000     0.000 r  ap_clk (IN)
                         net (fo=2533, unset)         0.410     0.410    bd_0_i/hls_inst/inst/ap_clk
    SLICE_X15Y25         FDRE                                         r  bd_0_i/hls_inst/inst/p_ZZ21low_pass_filter_firstRN3hls6streamINS_4axisI8ap_fixedILi32ELi10EL9ap_q_mode_22_reg[26]/C
  -------------------------------------------------------------------    -------------------
    SLICE_X15Y25         FDRE (Prop_fdre_C_Q)         0.141     0.551 r  bd_0_i/hls_inst/inst/p_ZZ21low_pass_filter_firstRN3hls6streamINS_4axisI8ap_fixedILi32ELi10EL9ap_q_mode_22_reg[26]/Q
                         net (fo=2, routed)           0.098     0.649    bd_0_i/hls_inst/inst/p_ZZ21low_pass_filter_firstRN3hls6streamINS_4axisI8ap_fixedILi32ELi10EL9ap_q_mode_22[26]
    SLICE_X14Y25         LUT4 (Prop_lut4_I0_O)        0.048     0.697 r  bd_0_i/hls_inst/inst/mux_case_1579650690755802875930101110741158_reg_241[26]_i_1/O
                         net (fo=1, routed)           0.000     0.697    bd_0_i/hls_inst/inst/mux_case_1579650690755802875930101110741158_reg_241[26]_i_1_n_0
    SLICE_X14Y25         FDRE                                         r  bd_0_i/hls_inst/inst/mux_case_1579650690755802875930101110741158_reg_241_reg[26]/D
  -------------------------------------------------------------------    -------------------

                         (clock ap_clk rise edge)     0.000     0.000 r  
                                                      0.000     0.000 r  ap_clk (IN)
                         net (fo=2533, unset)         0.432     0.432    bd_0_i/hls_inst/inst/ap_clk
    SLICE_X14Y25         FDRE                                         r  bd_0_i/hls_inst/inst/mux_case_1579650690755802875930101110741158_reg_241_reg[26]/C
                         clock pessimism              0.000     0.432    
    SLICE_X14Y25         FDRE (Hold_fdre_C_D)         0.131     0.563    bd_0_i/hls_inst/inst/mux_case_1579650690755802875930101110741158_reg_241_reg[26]
  -------------------------------------------------------------------
                         required time                         -0.563    
                         arrival time                           0.697    
  -------------------------------------------------------------------
                         slack                                  0.135    

Slack (MET) :             0.135ns  (arrival time - required time)
  Source:                 bd_0_i/hls_inst/inst/p_ZZ21low_pass_filter_firstRN3hls6streamINS_4axisI8ap_fixedILi32ELi10EL9ap_q_mode_22_reg[5]/C
                            (rising edge-triggered cell FDRE clocked by ap_clk  {rise@0.000ns fall@5.000ns period=10.000ns})
  Destination:            bd_0_i/hls_inst/inst/mux_case_1579650690755802875930101110741158_reg_241_reg[5]/D
                            (rising edge-triggered cell FDRE clocked by ap_clk  {rise@0.000ns fall@5.000ns period=10.000ns})
  Path Group:             ap_clk
  Path Type:              Hold (Min at Fast Process Corner)
  Requirement:            0.000ns  (ap_clk rise@0.000ns - ap_clk rise@0.000ns)
  Data Path Delay:        0.287ns  (logic 0.189ns (65.806%)  route 0.098ns (34.194%))
  Logic Levels:           1  (LUT4=1)
  Clock Path Skew:        0.022ns (DCD - SCD - CPR)
    Destination Clock Delay (DCD):    0.432ns
    Source Clock Delay      (SCD):    0.410ns
    Clock Pessimism Removal (CPR):    -0.000ns

    Location             Delay type                Incr(ns)  Path(ns)    Netlist Resource(s)
  -------------------------------------------------------------------    -------------------
                         (clock ap_clk rise edge)     0.000     0.000 r  
                                                      0.000     0.000 r  ap_clk (IN)
                         net (fo=2533, unset)         0.410     0.410    bd_0_i/hls_inst/inst/ap_clk
    SLICE_X11Y21         FDRE                                         r  bd_0_i/hls_inst/inst/p_ZZ21low_pass_filter_firstRN3hls6streamINS_4axisI8ap_fixedILi32ELi10EL9ap_q_mode_22_reg[5]/C
  -------------------------------------------------------------------    -------------------
    SLICE_X11Y21         FDRE (Prop_fdre_C_Q)         0.141     0.551 r  bd_0_i/hls_inst/inst/p_ZZ21low_pass_filter_firstRN3hls6streamINS_4axisI8ap_fixedILi32ELi10EL9ap_q_mode_22_reg[5]/Q
                         net (fo=2, routed)           0.098     0.649    bd_0_i/hls_inst/inst/p_ZZ21low_pass_filter_firstRN3hls6streamINS_4axisI8ap_fixedILi32ELi10EL9ap_q_mode_22[5]
    SLICE_X10Y21         LUT4 (Prop_lut4_I0_O)        0.048     0.697 r  bd_0_i/hls_inst/inst/mux_case_1579650690755802875930101110741158_reg_241[5]_i_1/O
                         net (fo=1, routed)           0.000     0.697    bd_0_i/hls_inst/inst/mux_case_1579650690755802875930101110741158_reg_241[5]_i_1_n_0
    SLICE_X10Y21         FDRE                                         r  bd_0_i/hls_inst/inst/mux_case_1579650690755802875930101110741158_reg_241_reg[5]/D
  -------------------------------------------------------------------    -------------------

                         (clock ap_clk rise edge)     0.000     0.000 r  
                                                      0.000     0.000 r  ap_clk (IN)
                         net (fo=2533, unset)         0.432     0.432    bd_0_i/hls_inst/inst/ap_clk
    SLICE_X10Y21         FDRE                                         r  bd_0_i/hls_inst/inst/mux_case_1579650690755802875930101110741158_reg_241_reg[5]/C
                         clock pessimism              0.000     0.432    
    SLICE_X10Y21         FDRE (Hold_fdre_C_D)         0.131     0.563    bd_0_i/hls_inst/inst/mux_case_1579650690755802875930101110741158_reg_241_reg[5]
  -------------------------------------------------------------------
                         required time                         -0.563    
                         arrival time                           0.697    
  -------------------------------------------------------------------
                         slack                                  0.135    

Slack (MET) :             0.136ns  (arrival time - required time)
  Source:                 bd_0_i/hls_inst/inst/p_ZZ21low_pass_filter_firstRN3hls6streamINS_4axisI8ap_fixedILi32ELi10EL9ap_q_mode_23_reg[10]/C
                            (rising edge-triggered cell FDRE clocked by ap_clk  {rise@0.000ns fall@5.000ns period=10.000ns})
  Destination:            bd_0_i/hls_inst/inst/mux_case_1571700745812865940100110841148_reg_306_reg[10]/D
                            (rising edge-triggered cell FDRE clocked by ap_clk  {rise@0.000ns fall@5.000ns period=10.000ns})
  Path Group:             ap_clk
  Path Type:              Hold (Min at Fast Process Corner)
  Requirement:            0.000ns  (ap_clk rise@0.000ns - ap_clk rise@0.000ns)
  Data Path Delay:        0.288ns  (logic 0.189ns (65.556%)  route 0.099ns (34.444%))
  Logic Levels:           1  (LUT4=1)
  Clock Path Skew:        0.022ns (DCD - SCD - CPR)
    Destination Clock Delay (DCD):    0.432ns
    Source Clock Delay      (SCD):    0.410ns
    Clock Pessimism Removal (CPR):    -0.000ns

    Location             Delay type                Incr(ns)  Path(ns)    Netlist Resource(s)
  -------------------------------------------------------------------    -------------------
                         (clock ap_clk rise edge)     0.000     0.000 r  
                                                      0.000     0.000 r  ap_clk (IN)
                         net (fo=2533, unset)         0.410     0.410    bd_0_i/hls_inst/inst/ap_clk
    SLICE_X39Y23         FDRE                                         r  bd_0_i/hls_inst/inst/p_ZZ21low_pass_filter_firstRN3hls6streamINS_4axisI8ap_fixedILi32ELi10EL9ap_q_mode_23_reg[10]/C
  -------------------------------------------------------------------    -------------------
    SLICE_X39Y23         FDRE (Prop_fdre_C_Q)         0.141     0.551 r  bd_0_i/hls_inst/inst/p_ZZ21low_pass_filter_firstRN3hls6streamINS_4axisI8ap_fixedILi32ELi10EL9ap_q_mode_23_reg[10]/Q
                         net (fo=2, routed)           0.099     0.650    bd_0_i/hls_inst/inst/p_ZZ21low_pass_filter_firstRN3hls6streamINS_4axisI8ap_fixedILi32ELi10EL9ap_q_mode_23[10]
    SLICE_X38Y23         LUT4 (Prop_lut4_I0_O)        0.048     0.698 r  bd_0_i/hls_inst/inst/mux_case_1571700745812865940100110841148_reg_306[10]_i_1/O
                         net (fo=1, routed)           0.000     0.698    bd_0_i/hls_inst/inst/mux_case_1571700745812865940100110841148_reg_306[10]_i_1_n_0
    SLICE_X38Y23         FDRE                                         r  bd_0_i/hls_inst/inst/mux_case_1571700745812865940100110841148_reg_306_reg[10]/D
  -------------------------------------------------------------------    -------------------

                         (clock ap_clk rise edge)     0.000     0.000 r  
                                                      0.000     0.000 r  ap_clk (IN)
                         net (fo=2533, unset)         0.432     0.432    bd_0_i/hls_inst/inst/ap_clk
    SLICE_X38Y23         FDRE                                         r  bd_0_i/hls_inst/inst/mux_case_1571700745812865940100110841148_reg_306_reg[10]/C
                         clock pessimism              0.000     0.432    
    SLICE_X38Y23         FDRE (Hold_fdre_C_D)         0.131     0.563    bd_0_i/hls_inst/inst/mux_case_1571700745812865940100110841148_reg_306_reg[10]
  -------------------------------------------------------------------
                         required time                         -0.563    
                         arrival time                           0.698    
  -------------------------------------------------------------------
                         slack                                  0.136    

Slack (MET) :             0.136ns  (arrival time - required time)
  Source:                 bd_0_i/hls_inst/inst/p_ZZ21low_pass_filter_firstRN3hls6streamINS_4axisI8ap_fixedILi32ELi10EL9ap_q_mode_23_reg[4]/C
                            (rising edge-triggered cell FDRE clocked by ap_clk  {rise@0.000ns fall@5.000ns period=10.000ns})
  Destination:            bd_0_i/hls_inst/inst/mux_case_1571700745812865940100110841148_reg_306_reg[4]/D
                            (rising edge-triggered cell FDRE clocked by ap_clk  {rise@0.000ns fall@5.000ns period=10.000ns})
  Path Group:             ap_clk
  Path Type:              Hold (Min at Fast Process Corner)
  Requirement:            0.000ns  (ap_clk rise@0.000ns - ap_clk rise@0.000ns)
  Data Path Delay:        0.288ns  (logic 0.189ns (65.556%)  route 0.099ns (34.444%))
  Logic Levels:           1  (LUT4=1)
  Clock Path Skew:        0.022ns (DCD - SCD - CPR)
    Destination Clock Delay (DCD):    0.432ns
    Source Clock Delay      (SCD):    0.410ns
    Clock Pessimism Removal (CPR):    -0.000ns

    Location             Delay type                Incr(ns)  Path(ns)    Netlist Resource(s)
  -------------------------------------------------------------------    -------------------
                         (clock ap_clk rise edge)     0.000     0.000 r  
                                                      0.000     0.000 r  ap_clk (IN)
                         net (fo=2533, unset)         0.410     0.410    bd_0_i/hls_inst/inst/ap_clk
    SLICE_X33Y18         FDRE                                         r  bd_0_i/hls_inst/inst/p_ZZ21low_pass_filter_firstRN3hls6streamINS_4axisI8ap_fixedILi32ELi10EL9ap_q_mode_23_reg[4]/C
  -------------------------------------------------------------------    -------------------
    SLICE_X33Y18         FDRE (Prop_fdre_C_Q)         0.141     0.551 r  bd_0_i/hls_inst/inst/p_ZZ21low_pass_filter_firstRN3hls6streamINS_4axisI8ap_fixedILi32ELi10EL9ap_q_mode_23_reg[4]/Q
                         net (fo=2, routed)           0.099     0.650    bd_0_i/hls_inst/inst/p_ZZ21low_pass_filter_firstRN3hls6streamINS_4axisI8ap_fixedILi32ELi10EL9ap_q_mode_23[4]
    SLICE_X32Y18         LUT4 (Prop_lut4_I0_O)        0.048     0.698 r  bd_0_i/hls_inst/inst/mux_case_1571700745812865940100110841148_reg_306[4]_i_1/O
                         net (fo=1, routed)           0.000     0.698    bd_0_i/hls_inst/inst/mux_case_1571700745812865940100110841148_reg_306[4]_i_1_n_0
    SLICE_X32Y18         FDRE                                         r  bd_0_i/hls_inst/inst/mux_case_1571700745812865940100110841148_reg_306_reg[4]/D
  -------------------------------------------------------------------    -------------------

                         (clock ap_clk rise edge)     0.000     0.000 r  
                                                      0.000     0.000 r  ap_clk (IN)
                         net (fo=2533, unset)         0.432     0.432    bd_0_i/hls_inst/inst/ap_clk
    SLICE_X32Y18         FDRE                                         r  bd_0_i/hls_inst/inst/mux_case_1571700745812865940100110841148_reg_306_reg[4]/C
                         clock pessimism              0.000     0.432    
    SLICE_X32Y18         FDRE (Hold_fdre_C_D)         0.131     0.563    bd_0_i/hls_inst/inst/mux_case_1571700745812865940100110841148_reg_306_reg[4]
  -------------------------------------------------------------------
                         required time                         -0.563    
                         arrival time                           0.698    
  -------------------------------------------------------------------
                         slack                                  0.136    

Slack (MET) :             0.139ns  (arrival time - required time)
  Source:                 bd_0_i/hls_inst/inst/p_ZZ21low_pass_filter_firstRN3hls6streamINS_4axisI8ap_fixedILi32ELi10EL9ap_q_mode_1_reg[24]/C
                            (rising edge-triggered cell FDRE clocked by ap_clk  {rise@0.000ns fall@5.000ns period=10.000ns})
  Destination:            bd_0_i/hls_inst/inst/mux_case_3573696749808869936100510801152_reg_280_reg[24]/D
                            (rising edge-triggered cell FDRE clocked by ap_clk  {rise@0.000ns fall@5.000ns period=10.000ns})
  Path Group:             ap_clk
  Path Type:              Hold (Min at Fast Process Corner)
  Requirement:            0.000ns  (ap_clk rise@0.000ns - ap_clk rise@0.000ns)
  Data Path Delay:        0.291ns  (logic 0.189ns (64.902%)  route 0.102ns (35.098%))
  Logic Levels:           1  (LUT4=1)
  Clock Path Skew:        0.022ns (DCD - SCD - CPR)
    Destination Clock Delay (DCD):    0.432ns
    Source Clock Delay      (SCD):    0.410ns
    Clock Pessimism Removal (CPR):    -0.000ns

    Location             Delay type                Incr(ns)  Path(ns)    Netlist Resource(s)
  -------------------------------------------------------------------    -------------------
                         (clock ap_clk rise edge)     0.000     0.000 r  
                                                      0.000     0.000 r  ap_clk (IN)
                         net (fo=2533, unset)         0.410     0.410    bd_0_i/hls_inst/inst/ap_clk
    SLICE_X31Y20         FDRE                                         r  bd_0_i/hls_inst/inst/p_ZZ21low_pass_filter_firstRN3hls6streamINS_4axisI8ap_fixedILi32ELi10EL9ap_q_mode_1_reg[24]/C
  -------------------------------------------------------------------    -------------------
    SLICE_X31Y20         FDRE (Prop_fdre_C_Q)         0.141     0.551 r  bd_0_i/hls_inst/inst/p_ZZ21low_pass_filter_firstRN3hls6streamINS_4axisI8ap_fixedILi32ELi10EL9ap_q_mode_1_reg[24]/Q
                         net (fo=2, routed)           0.102     0.653    bd_0_i/hls_inst/inst/p_ZZ21low_pass_filter_firstRN3hls6streamINS_4axisI8ap_fixedILi32ELi10EL9ap_q_mode_1[24]
    SLICE_X30Y20         LUT4 (Prop_lut4_I0_O)        0.048     0.701 r  bd_0_i/hls_inst/inst/mux_case_3573696749808869936100510801152_reg_280[24]_i_1/O
                         net (fo=1, routed)           0.000     0.701    bd_0_i/hls_inst/inst/mux_case_3573696749808869936100510801152_reg_280[24]_i_1_n_0
    SLICE_X30Y20         FDRE                                         r  bd_0_i/hls_inst/inst/mux_case_3573696749808869936100510801152_reg_280_reg[24]/D
  -------------------------------------------------------------------    -------------------

                         (clock ap_clk rise edge)     0.000     0.000 r  
                                                      0.000     0.000 r  ap_clk (IN)
                         net (fo=2533, unset)         0.432     0.432    bd_0_i/hls_inst/inst/ap_clk
    SLICE_X30Y20         FDRE                                         r  bd_0_i/hls_inst/inst/mux_case_3573696749808869936100510801152_reg_280_reg[24]/C
                         clock pessimism              0.000     0.432    
    SLICE_X30Y20         FDRE (Hold_fdre_C_D)         0.131     0.563    bd_0_i/hls_inst/inst/mux_case_3573696749808869936100510801152_reg_280_reg[24]
  -------------------------------------------------------------------
                         required time                         -0.563    
                         arrival time                           0.701    
  -------------------------------------------------------------------
                         slack                                  0.139    





Pulse Width Checks
--------------------------------------------------------------------------------------
Clock Name:         ap_clk
Waveform(ns):       { 0.000 5.000 }
Period(ns):         10.000
Sources:            { ap_clk }

Check Type        Corner  Lib Pin      Reference Pin  Required(ns)  Actual(ns)  Slack(ns)  Location      Pin
Min Period        n/a     DSP48E1/CLK  n/a            3.884         10.000      6.116      DSP48_X2Y1    bd_0_i/hls_inst/inst/mul_32s_16s_47_2_1_U14/dout_reg/CLK
Min Period        n/a     DSP48E1/CLK  n/a            3.884         10.000      6.116      DSP48_X2Y3    bd_0_i/hls_inst/inst/mul_32s_16s_47_2_1_U15/dout_reg/CLK
Min Period        n/a     DSP48E1/CLK  n/a            3.884         10.000      6.116      DSP48_X2Y7    bd_0_i/hls_inst/inst/mul_32s_16s_47_2_1_U16/dout_reg/CLK
Min Period        n/a     DSP48E1/CLK  n/a            3.884         10.000      6.116      DSP48_X2Y5    bd_0_i/hls_inst/inst/mul_32s_16s_47_2_1_U21/dout_reg/CLK
Min Period        n/a     DSP48E1/CLK  n/a            3.884         10.000      6.116      DSP48_X1Y7    bd_0_i/hls_inst/inst/mul_32s_16s_47_2_1_U22/dout_reg/CLK
Min Period        n/a     DSP48E1/CLK  n/a            3.884         10.000      6.116      DSP48_X1Y5    bd_0_i/hls_inst/inst/mul_32s_16s_47_2_1_U25/dout_reg/CLK
Min Period        n/a     DSP48E1/CLK  n/a            3.884         10.000      6.116      DSP48_X0Y5    bd_0_i/hls_inst/inst/mul_32s_16s_47_2_1_U26/dout_reg/CLK
Min Period        n/a     DSP48E1/CLK  n/a            3.884         10.000      6.116      DSP48_X0Y7    bd_0_i/hls_inst/inst/mul_32s_16s_47_2_1_U29/dout_reg/CLK
Min Period        n/a     DSP48E1/CLK  n/a            3.884         10.000      6.116      DSP48_X2Y9    bd_0_i/hls_inst/inst/mul_32s_16s_47_2_1_U30/dout_reg/CLK
Min Period        n/a     DSP48E1/CLK  n/a            3.884         10.000      6.116      DSP48_X1Y9    bd_0_i/hls_inst/inst/mul_32s_16s_47_2_1_U34/dout_reg/CLK
Low Pulse Width   Slow    FDSE/C       n/a            0.500         5.000       4.500      SLICE_X31Y17  bd_0_i/hls_inst/inst/ap_CS_fsm_reg[0]/C
Low Pulse Width   Fast    FDSE/C       n/a            0.500         5.000       4.500      SLICE_X31Y17  bd_0_i/hls_inst/inst/ap_CS_fsm_reg[0]/C
Low Pulse Width   Slow    FDRE/C       n/a            0.500         5.000       4.500      SLICE_X31Y17  bd_0_i/hls_inst/inst/ap_CS_fsm_reg[1]/C
Low Pulse Width   Fast    FDRE/C       n/a            0.500         5.000       4.500      SLICE_X31Y17  bd_0_i/hls_inst/inst/ap_CS_fsm_reg[1]/C
Low Pulse Width   Slow    FDRE/C       n/a            0.500         5.000       4.500      SLICE_X30Y15  bd_0_i/hls_inst/inst/ap_CS_fsm_reg[2]/C
Low Pulse Width   Fast    FDRE/C       n/a            0.500         5.000       4.500      SLICE_X30Y15  bd_0_i/hls_inst/inst/ap_CS_fsm_reg[2]/C
Low Pulse Width   Slow    FDRE/C       n/a            0.500         5.000       4.500      SLICE_X31Y17  bd_0_i/hls_inst/inst/ap_CS_fsm_reg[3]/C
Low Pulse Width   Fast    FDRE/C       n/a            0.500         5.000       4.500      SLICE_X31Y17  bd_0_i/hls_inst/inst/ap_CS_fsm_reg[3]/C
Low Pulse Width   Slow    FDRE/C       n/a            0.500         5.000       4.500      SLICE_X26Y11  bd_0_i/hls_inst/inst/ap_CS_fsm_reg[4]/C
Low Pulse Width   Fast    FDRE/C       n/a            0.500         5.000       4.500      SLICE_X26Y11  bd_0_i/hls_inst/inst/ap_CS_fsm_reg[4]/C
High Pulse Width  Slow    FDSE/C       n/a            0.500         5.000       4.500      SLICE_X31Y17  bd_0_i/hls_inst/inst/ap_CS_fsm_reg[0]/C
High Pulse Width  Fast    FDSE/C       n/a            0.500         5.000       4.500      SLICE_X31Y17  bd_0_i/hls_inst/inst/ap_CS_fsm_reg[0]/C
High Pulse Width  Slow    FDRE/C       n/a            0.500         5.000       4.500      SLICE_X31Y17  bd_0_i/hls_inst/inst/ap_CS_fsm_reg[1]/C
High Pulse Width  Fast    FDRE/C       n/a            0.500         5.000       4.500      SLICE_X31Y17  bd_0_i/hls_inst/inst/ap_CS_fsm_reg[1]/C
High Pulse Width  Slow    FDRE/C       n/a            0.500         5.000       4.500      SLICE_X30Y15  bd_0_i/hls_inst/inst/ap_CS_fsm_reg[2]/C
High Pulse Width  Fast    FDRE/C       n/a            0.500         5.000       4.500      SLICE_X30Y15  bd_0_i/hls_inst/inst/ap_CS_fsm_reg[2]/C
High Pulse Width  Slow    FDRE/C       n/a            0.500         5.000       4.500      SLICE_X31Y17  bd_0_i/hls_inst/inst/ap_CS_fsm_reg[3]/C
High Pulse Width  Fast    FDRE/C       n/a            0.500         5.000       4.500      SLICE_X31Y17  bd_0_i/hls_inst/inst/ap_CS_fsm_reg[3]/C
High Pulse Width  Slow    FDRE/C       n/a            0.500         5.000       4.500      SLICE_X26Y11  bd_0_i/hls_inst/inst/ap_CS_fsm_reg[4]/C
High Pulse Width  Fast    FDRE/C       n/a            0.500         5.000       4.500      SLICE_X26Y11  bd_0_i/hls_inst/inst/ap_CS_fsm_reg[4]/C



--------------------------------------------------------------------------------------
Path Group:  (none)
From Clock:  ap_clk
  To Clock:  

Max Delay            43 Endpoints
Min Delay            43 Endpoints
--------------------------------------------------------------------------------------


Max Delay Paths
--------------------------------------------------------------------------------------
Slack:                    inf
  Source:                 bd_0_i/hls_inst/inst/regslice_both_output_r_V_data_V_U/B_V_data_1_sel_rd_reg/C
                            (rising edge-triggered cell FDRE clocked by ap_clk  {rise@0.000ns fall@5.000ns period=10.000ns})
  Destination:            output_r_tdata[20]
                            (output port)
  Path Group:             (none)
  Path Type:              Max at Slow Process Corner
  Data Path Delay:        3.062ns  (logic 0.606ns (19.789%)  route 2.456ns (80.211%))
  Logic Levels:           1  (LUT3=1)
  Clock Uncertainty:      0.025ns  ((TSJ^2 + TIJ^2)^1/2 + DJ) / 2 + PE
    Total System Jitter     (TSJ):    0.050ns
    Total Input Jitter      (TIJ):    0.000ns
    Discrete Jitter          (DJ):    0.000ns
    Phase Error              (PE):    0.000ns

    Location             Delay type                Incr(ns)  Path(ns)    Netlist Resource(s)
  -------------------------------------------------------------------    -------------------
                         (clock ap_clk rise edge)     0.000     0.000 r  
                                                      0.000     0.000 r  ap_clk (IN)
                         net (fo=2533, unset)         0.973     0.973    bd_0_i/hls_inst/inst/regslice_both_output_r_V_data_V_U/ap_clk
    SLICE_X31Y19         FDRE                                         r  bd_0_i/hls_inst/inst/regslice_both_output_r_V_data_V_U/B_V_data_1_sel_rd_reg/C
  -------------------------------------------------------------------    -------------------
    SLICE_X31Y19         FDRE (Prop_fdre_C_Q)         0.456     1.429 r  bd_0_i/hls_inst/inst/regslice_both_output_r_V_data_V_U/B_V_data_1_sel_rd_reg/Q
                         net (fo=33, routed)          1.483     2.912    bd_0_i/hls_inst/inst/regslice_both_output_r_V_data_V_U/B_V_data_1_sel
    SLICE_X30Y24         LUT3 (Prop_lut3_I2_O)        0.150     3.062 r  bd_0_i/hls_inst/inst/regslice_both_output_r_V_data_V_U/output_r_TDATA[20]_INST_0/O
                         net (fo=0)                   0.973     4.035    output_r_tdata[20]
                                                                      r  output_r_tdata[20] (OUT)
  -------------------------------------------------------------------    -------------------

Slack:                    inf
  Source:                 bd_0_i/hls_inst/inst/regslice_both_output_r_V_data_V_U/B_V_data_1_sel_rd_reg/C
                            (rising edge-triggered cell FDRE clocked by ap_clk  {rise@0.000ns fall@5.000ns period=10.000ns})
  Destination:            output_r_tdata[19]
                            (output port)
  Path Group:             (none)
  Path Type:              Max at Slow Process Corner
  Data Path Delay:        3.036ns  (logic 0.580ns (19.102%)  route 2.456ns (80.898%))
  Logic Levels:           1  (LUT3=1)
  Clock Uncertainty:      0.025ns  ((TSJ^2 + TIJ^2)^1/2 + DJ) / 2 + PE
    Total System Jitter     (TSJ):    0.050ns
    Total Input Jitter      (TIJ):    0.000ns
    Discrete Jitter          (DJ):    0.000ns
    Phase Error              (PE):    0.000ns

    Location             Delay type                Incr(ns)  Path(ns)    Netlist Resource(s)
  -------------------------------------------------------------------    -------------------
                         (clock ap_clk rise edge)     0.000     0.000 r  
                                                      0.000     0.000 r  ap_clk (IN)
                         net (fo=2533, unset)         0.973     0.973    bd_0_i/hls_inst/inst/regslice_both_output_r_V_data_V_U/ap_clk
    SLICE_X31Y19         FDRE                                         r  bd_0_i/hls_inst/inst/regslice_both_output_r_V_data_V_U/B_V_data_1_sel_rd_reg/C
  -------------------------------------------------------------------    -------------------
    SLICE_X31Y19         FDRE (Prop_fdre_C_Q)         0.456     1.429 r  bd_0_i/hls_inst/inst/regslice_both_output_r_V_data_V_U/B_V_data_1_sel_rd_reg/Q
                         net (fo=33, routed)          1.483     2.912    bd_0_i/hls_inst/inst/regslice_both_output_r_V_data_V_U/B_V_data_1_sel
    SLICE_X30Y24         LUT3 (Prop_lut3_I2_O)        0.124     3.036 r  bd_0_i/hls_inst/inst/regslice_both_output_r_V_data_V_U/output_r_TDATA[19]_INST_0/O
                         net (fo=0)                   0.973     4.009    output_r_tdata[19]
                                                                      r  output_r_tdata[19] (OUT)
  -------------------------------------------------------------------    -------------------

Slack:                    inf
  Source:                 bd_0_i/hls_inst/inst/regslice_both_output_r_V_data_V_U/B_V_data_1_payload_A_reg[26]/C
                            (rising edge-triggered cell FDRE clocked by ap_clk  {rise@0.000ns fall@5.000ns period=10.000ns})
  Destination:            output_r_tdata[26]
                            (output port)
  Path Group:             (none)
  Path Type:              Max at Slow Process Corner
  Data Path Delay:        2.929ns  (logic 0.664ns (22.671%)  route 2.265ns (77.329%))
  Logic Levels:           1  (LUT3=1)
  Clock Uncertainty:      0.025ns  ((TSJ^2 + TIJ^2)^1/2 + DJ) / 2 + PE
    Total System Jitter     (TSJ):    0.050ns
    Total Input Jitter      (TIJ):    0.000ns
    Discrete Jitter          (DJ):    0.000ns
    Phase Error              (PE):    0.000ns

    Location             Delay type                Incr(ns)  Path(ns)    Netlist Resource(s)
  -------------------------------------------------------------------    -------------------
                         (clock ap_clk rise edge)     0.000     0.000 r  
                                                      0.000     0.000 r  ap_clk (IN)
                         net (fo=2533, unset)         0.973     0.973    bd_0_i/hls_inst/inst/regslice_both_output_r_V_data_V_U/ap_clk
    SLICE_X30Y25         FDRE                                         r  bd_0_i/hls_inst/inst/regslice_both_output_r_V_data_V_U/B_V_data_1_payload_A_reg[26]/C
  -------------------------------------------------------------------    -------------------
    SLICE_X30Y25         FDRE (Prop_fdre_C_Q)         0.518     1.491 r  bd_0_i/hls_inst/inst/regslice_both_output_r_V_data_V_U/B_V_data_1_payload_A_reg[26]/Q
                         net (fo=1, routed)           1.292     2.783    bd_0_i/hls_inst/inst/regslice_both_output_r_V_data_V_U/B_V_data_1_payload_A[26]
    SLICE_X30Y26         LUT3 (Prop_lut3_I1_O)        0.146     2.929 r  bd_0_i/hls_inst/inst/regslice_both_output_r_V_data_V_U/output_r_TDATA[26]_INST_0/O
                         net (fo=0)                   0.973     3.902    output_r_tdata[26]
                                                                      r  output_r_tdata[26] (OUT)
  -------------------------------------------------------------------    -------------------

Slack:                    inf
  Source:                 bd_0_i/hls_inst/inst/regslice_both_output_r_V_data_V_U/B_V_data_1_sel_rd_reg/C
                            (rising edge-triggered cell FDRE clocked by ap_clk  {rise@0.000ns fall@5.000ns period=10.000ns})
  Destination:            output_r_tdata[28]
                            (output port)
  Path Group:             (none)
  Path Type:              Max at Slow Process Corner
  Data Path Delay:        2.853ns  (logic 0.606ns (21.244%)  route 2.247ns (78.756%))
  Logic Levels:           1  (LUT3=1)
  Clock Uncertainty:      0.025ns  ((TSJ^2 + TIJ^2)^1/2 + DJ) / 2 + PE
    Total System Jitter     (TSJ):    0.050ns
    Total Input Jitter      (TIJ):    0.000ns
    Discrete Jitter          (DJ):    0.000ns
    Phase Error              (PE):    0.000ns

    Location             Delay type                Incr(ns)  Path(ns)    Netlist Resource(s)
  -------------------------------------------------------------------    -------------------
                         (clock ap_clk rise edge)     0.000     0.000 r  
                                                      0.000     0.000 r  ap_clk (IN)
                         net (fo=2533, unset)         0.973     0.973    bd_0_i/hls_inst/inst/regslice_both_output_r_V_data_V_U/ap_clk
    SLICE_X31Y19         FDRE                                         r  bd_0_i/hls_inst/inst/regslice_both_output_r_V_data_V_U/B_V_data_1_sel_rd_reg/C
  -------------------------------------------------------------------    -------------------
    SLICE_X31Y19         FDRE (Prop_fdre_C_Q)         0.456     1.429 r  bd_0_i/hls_inst/inst/regslice_both_output_r_V_data_V_U/B_V_data_1_sel_rd_reg/Q
                         net (fo=33, routed)          1.274     2.703    bd_0_i/hls_inst/inst/regslice_both_output_r_V_data_V_U/B_V_data_1_sel
    SLICE_X29Y26         LUT3 (Prop_lut3_I2_O)        0.150     2.853 r  bd_0_i/hls_inst/inst/regslice_both_output_r_V_data_V_U/output_r_TDATA[28]_INST_0/O
                         net (fo=0)                   0.973     3.826    output_r_tdata[28]
                                                                      r  output_r_tdata[28] (OUT)
  -------------------------------------------------------------------    -------------------

Slack:                    inf
  Source:                 bd_0_i/hls_inst/inst/regslice_both_output_r_V_data_V_U/B_V_data_1_sel_rd_reg/C
                            (rising edge-triggered cell FDRE clocked by ap_clk  {rise@0.000ns fall@5.000ns period=10.000ns})
  Destination:            output_r_tdata[30]
                            (output port)
  Path Group:             (none)
  Path Type:              Max at Slow Process Corner
  Data Path Delay:        2.851ns  (logic 0.606ns (21.259%)  route 2.245ns (78.741%))
  Logic Levels:           1  (LUT3=1)
  Clock Uncertainty:      0.025ns  ((TSJ^2 + TIJ^2)^1/2 + DJ) / 2 + PE
    Total System Jitter     (TSJ):    0.050ns
    Total Input Jitter      (TIJ):    0.000ns
    Discrete Jitter          (DJ):    0.000ns
    Phase Error              (PE):    0.000ns

    Location             Delay type                Incr(ns)  Path(ns)    Netlist Resource(s)
  -------------------------------------------------------------------    -------------------
                         (clock ap_clk rise edge)     0.000     0.000 r  
                                                      0.000     0.000 r  ap_clk (IN)
                         net (fo=2533, unset)         0.973     0.973    bd_0_i/hls_inst/inst/regslice_both_output_r_V_data_V_U/ap_clk
    SLICE_X31Y19         FDRE                                         r  bd_0_i/hls_inst/inst/regslice_both_output_r_V_data_V_U/B_V_data_1_sel_rd_reg/C
  -------------------------------------------------------------------    -------------------
    SLICE_X31Y19         FDRE (Prop_fdre_C_Q)         0.456     1.429 r  bd_0_i/hls_inst/inst/regslice_both_output_r_V_data_V_U/B_V_data_1_sel_rd_reg/Q
                         net (fo=33, routed)          1.272     2.701    bd_0_i/hls_inst/inst/regslice_both_output_r_V_data_V_U/B_V_data_1_sel
    SLICE_X29Y26         LUT3 (Prop_lut3_I2_O)        0.150     2.851 r  bd_0_i/hls_inst/inst/regslice_both_output_r_V_data_V_U/output_r_TDATA[30]_INST_0/O
                         net (fo=0)                   0.973     3.824    output_r_tdata[30]
                                                                      r  output_r_tdata[30] (OUT)
  -------------------------------------------------------------------    -------------------

Slack:                    inf
  Source:                 bd_0_i/hls_inst/inst/regslice_both_output_r_V_data_V_U/B_V_data_1_sel_rd_reg/C
                            (rising edge-triggered cell FDRE clocked by ap_clk  {rise@0.000ns fall@5.000ns period=10.000ns})
  Destination:            output_r_tdata[27]
                            (output port)
  Path Group:             (none)
  Path Type:              Max at Slow Process Corner
  Data Path Delay:        2.827ns  (logic 0.580ns (20.520%)  route 2.247ns (79.480%))
  Logic Levels:           1  (LUT3=1)
  Clock Uncertainty:      0.025ns  ((TSJ^2 + TIJ^2)^1/2 + DJ) / 2 + PE
    Total System Jitter     (TSJ):    0.050ns
    Total Input Jitter      (TIJ):    0.000ns
    Discrete Jitter          (DJ):    0.000ns
    Phase Error              (PE):    0.000ns

    Location             Delay type                Incr(ns)  Path(ns)    Netlist Resource(s)
  -------------------------------------------------------------------    -------------------
                         (clock ap_clk rise edge)     0.000     0.000 r  
                                                      0.000     0.000 r  ap_clk (IN)
                         net (fo=2533, unset)         0.973     0.973    bd_0_i/hls_inst/inst/regslice_both_output_r_V_data_V_U/ap_clk
    SLICE_X31Y19         FDRE                                         r  bd_0_i/hls_inst/inst/regslice_both_output_r_V_data_V_U/B_V_data_1_sel_rd_reg/C
  -------------------------------------------------------------------    -------------------
    SLICE_X31Y19         FDRE (Prop_fdre_C_Q)         0.456     1.429 r  bd_0_i/hls_inst/inst/regslice_both_output_r_V_data_V_U/B_V_data_1_sel_rd_reg/Q
                         net (fo=33, routed)          1.274     2.703    bd_0_i/hls_inst/inst/regslice_both_output_r_V_data_V_U/B_V_data_1_sel
    SLICE_X29Y26         LUT3 (Prop_lut3_I2_O)        0.124     2.827 r  bd_0_i/hls_inst/inst/regslice_both_output_r_V_data_V_U/output_r_TDATA[27]_INST_0/O
                         net (fo=0)                   0.973     3.800    output_r_tdata[27]
                                                                      r  output_r_tdata[27] (OUT)
  -------------------------------------------------------------------    -------------------

Slack:                    inf
  Source:                 bd_0_i/hls_inst/inst/regslice_both_output_r_V_data_V_U/B_V_data_1_sel_rd_reg/C
                            (rising edge-triggered cell FDRE clocked by ap_clk  {rise@0.000ns fall@5.000ns period=10.000ns})
  Destination:            output_r_tdata[29]
                            (output port)
  Path Group:             (none)
  Path Type:              Max at Slow Process Corner
  Data Path Delay:        2.825ns  (logic 0.580ns (20.534%)  route 2.245ns (79.466%))
  Logic Levels:           1  (LUT3=1)
  Clock Uncertainty:      0.025ns  ((TSJ^2 + TIJ^2)^1/2 + DJ) / 2 + PE
    Total System Jitter     (TSJ):    0.050ns
    Total Input Jitter      (TIJ):    0.000ns
    Discrete Jitter          (DJ):    0.000ns
    Phase Error              (PE):    0.000ns

    Location             Delay type                Incr(ns)  Path(ns)    Netlist Resource(s)
  -------------------------------------------------------------------    -------------------
                         (clock ap_clk rise edge)     0.000     0.000 r  
                                                      0.000     0.000 r  ap_clk (IN)
                         net (fo=2533, unset)         0.973     0.973    bd_0_i/hls_inst/inst/regslice_both_output_r_V_data_V_U/ap_clk
    SLICE_X31Y19         FDRE                                         r  bd_0_i/hls_inst/inst/regslice_both_output_r_V_data_V_U/B_V_data_1_sel_rd_reg/C
  -------------------------------------------------------------------    -------------------
    SLICE_X31Y19         FDRE (Prop_fdre_C_Q)         0.456     1.429 r  bd_0_i/hls_inst/inst/regslice_both_output_r_V_data_V_U/B_V_data_1_sel_rd_reg/Q
                         net (fo=33, routed)          1.272     2.701    bd_0_i/hls_inst/inst/regslice_both_output_r_V_data_V_U/B_V_data_1_sel
    SLICE_X29Y26         LUT3 (Prop_lut3_I2_O)        0.124     2.825 r  bd_0_i/hls_inst/inst/regslice_both_output_r_V_data_V_U/output_r_TDATA[29]_INST_0/O
                         net (fo=0)                   0.973     3.798    output_r_tdata[29]
                                                                      r  output_r_tdata[29] (OUT)
  -------------------------------------------------------------------    -------------------

Slack:                    inf
  Source:                 bd_0_i/hls_inst/inst/regslice_both_output_r_V_data_V_U/B_V_data_1_payload_B_reg[24]/C
                            (rising edge-triggered cell FDRE clocked by ap_clk  {rise@0.000ns fall@5.000ns period=10.000ns})
  Destination:            output_r_tdata[24]
                            (output port)
  Path Group:             (none)
  Path Type:              Max at Slow Process Corner
  Data Path Delay:        2.823ns  (logic 0.807ns (28.582%)  route 2.016ns (71.418%))
  Logic Levels:           1  (LUT3=1)
  Clock Uncertainty:      0.025ns  ((TSJ^2 + TIJ^2)^1/2 + DJ) / 2 + PE
    Total System Jitter     (TSJ):    0.050ns
    Total Input Jitter      (TIJ):    0.000ns
    Discrete Jitter          (DJ):    0.000ns
    Phase Error              (PE):    0.000ns

    Location             Delay type                Incr(ns)  Path(ns)    Netlist Resource(s)
  -------------------------------------------------------------------    -------------------
                         (clock ap_clk rise edge)     0.000     0.000 r  
                                                      0.000     0.000 r  ap_clk (IN)
                         net (fo=2533, unset)         0.973     0.973    bd_0_i/hls_inst/inst/regslice_both_output_r_V_data_V_U/ap_clk
    SLICE_X30Y23         FDRE                                         r  bd_0_i/hls_inst/inst/regslice_both_output_r_V_data_V_U/B_V_data_1_payload_B_reg[24]/C
  -------------------------------------------------------------------    -------------------
    SLICE_X30Y23         FDRE (Prop_fdre_C_Q)         0.478     1.451 r  bd_0_i/hls_inst/inst/regslice_both_output_r_V_data_V_U/B_V_data_1_payload_B_reg[24]/Q
                         net (fo=1, routed)           1.043     2.494    bd_0_i/hls_inst/inst/regslice_both_output_r_V_data_V_U/B_V_data_1_payload_B[24]
    SLICE_X31Y24         LUT3 (Prop_lut3_I0_O)        0.329     2.823 r  bd_0_i/hls_inst/inst/regslice_both_output_r_V_data_V_U/output_r_TDATA[24]_INST_0/O
                         net (fo=0)                   0.973     3.796    output_r_tdata[24]
                                                                      r  output_r_tdata[24] (OUT)
  -------------------------------------------------------------------    -------------------

Slack:                    inf
  Source:                 bd_0_i/hls_inst/inst/regslice_both_output_r_V_data_V_U/B_V_data_1_sel_rd_reg/C
                            (rising edge-triggered cell FDRE clocked by ap_clk  {rise@0.000ns fall@5.000ns period=10.000ns})
  Destination:            output_r_tdata[25]
                            (output port)
  Path Group:             (none)
  Path Type:              Max at Slow Process Corner
  Data Path Delay:        2.772ns  (logic 0.580ns (20.920%)  route 2.192ns (79.080%))
  Logic Levels:           1  (LUT3=1)
  Clock Uncertainty:      0.025ns  ((TSJ^2 + TIJ^2)^1/2 + DJ) / 2 + PE
    Total System Jitter     (TSJ):    0.050ns
    Total Input Jitter      (TIJ):    0.000ns
    Discrete Jitter          (DJ):    0.000ns
    Phase Error              (PE):    0.000ns

    Location             Delay type                Incr(ns)  Path(ns)    Netlist Resource(s)
  -------------------------------------------------------------------    -------------------
                         (clock ap_clk rise edge)     0.000     0.000 r  
                                                      0.000     0.000 r  ap_clk (IN)
                         net (fo=2533, unset)         0.973     0.973    bd_0_i/hls_inst/inst/regslice_both_output_r_V_data_V_U/ap_clk
    SLICE_X31Y19         FDRE                                         r  bd_0_i/hls_inst/inst/regslice_both_output_r_V_data_V_U/B_V_data_1_sel_rd_reg/C
  -------------------------------------------------------------------    -------------------
    SLICE_X31Y19         FDRE (Prop_fdre_C_Q)         0.456     1.429 r  bd_0_i/hls_inst/inst/regslice_both_output_r_V_data_V_U/B_V_data_1_sel_rd_reg/Q
                         net (fo=33, routed)          1.219     2.648    bd_0_i/hls_inst/inst/regslice_both_output_r_V_data_V_U/B_V_data_1_sel
    SLICE_X30Y26         LUT3 (Prop_lut3_I2_O)        0.124     2.772 r  bd_0_i/hls_inst/inst/regslice_both_output_r_V_data_V_U/output_r_TDATA[25]_INST_0/O
                         net (fo=0)                   0.973     3.745    output_r_tdata[25]
                                                                      r  output_r_tdata[25] (OUT)
  -------------------------------------------------------------------    -------------------

Slack:                    inf
  Source:                 bd_0_i/hls_inst/inst/regslice_both_output_r_V_data_V_U/B_V_data_1_sel_rd_reg/C
                            (rising edge-triggered cell FDRE clocked by ap_clk  {rise@0.000ns fall@5.000ns period=10.000ns})
  Destination:            output_r_tdata[31]
                            (output port)
  Path Group:             (none)
  Path Type:              Max at Slow Process Corner
  Data Path Delay:        2.770ns  (logic 0.580ns (20.935%)  route 2.190ns (79.065%))
  Logic Levels:           1  (LUT3=1)
  Clock Uncertainty:      0.025ns  ((TSJ^2 + TIJ^2)^1/2 + DJ) / 2 + PE
    Total System Jitter     (TSJ):    0.050ns
    Total Input Jitter      (TIJ):    0.000ns
    Discrete Jitter          (DJ):    0.000ns
    Phase Error              (PE):    0.000ns

    Location             Delay type                Incr(ns)  Path(ns)    Netlist Resource(s)
  -------------------------------------------------------------------    -------------------
                         (clock ap_clk rise edge)     0.000     0.000 r  
                                                      0.000     0.000 r  ap_clk (IN)
                         net (fo=2533, unset)         0.973     0.973    bd_0_i/hls_inst/inst/regslice_both_output_r_V_data_V_U/ap_clk
    SLICE_X31Y19         FDRE                                         r  bd_0_i/hls_inst/inst/regslice_both_output_r_V_data_V_U/B_V_data_1_sel_rd_reg/C
  -------------------------------------------------------------------    -------------------
    SLICE_X31Y19         FDRE (Prop_fdre_C_Q)         0.456     1.429 r  bd_0_i/hls_inst/inst/regslice_both_output_r_V_data_V_U/B_V_data_1_sel_rd_reg/Q
                         net (fo=33, routed)          1.217     2.646    bd_0_i/hls_inst/inst/regslice_both_output_r_V_data_V_U/B_V_data_1_sel
    SLICE_X30Y26         LUT3 (Prop_lut3_I2_O)        0.124     2.770 r  bd_0_i/hls_inst/inst/regslice_both_output_r_V_data_V_U/output_r_TDATA[31]_INST_0/O
                         net (fo=0)                   0.973     3.743    output_r_tdata[31]
                                                                      r  output_r_tdata[31] (OUT)
  -------------------------------------------------------------------    -------------------





Min Delay Paths
--------------------------------------------------------------------------------------
Slack:                    inf
  Source:                 bd_0_i/hls_inst/inst/regslice_both_output_r_V_data_V_U/B_V_data_1_state_reg[0]/C
                            (rising edge-triggered cell FDRE clocked by ap_clk  {rise@0.000ns fall@5.000ns period=10.000ns})
  Destination:            output_r_tvalid
                            (output port)
  Path Group:             (none)
  Path Type:              Min at Fast Process Corner
  Data Path Delay:        0.551ns  (logic 0.141ns (25.583%)  route 0.410ns (74.417%))
  Logic Levels:           0  
  Clock Uncertainty:      0.025ns  ((TSJ^2 + TIJ^2)^1/2 + DJ) / 2 + PE
    Total System Jitter     (TSJ):    0.050ns
    Total Input Jitter      (TIJ):    0.000ns
    Discrete Jitter          (DJ):    0.000ns
    Phase Error              (PE):    0.000ns

    Location             Delay type                Incr(ns)  Path(ns)    Netlist Resource(s)
  -------------------------------------------------------------------    -------------------
                         (clock ap_clk rise edge)     0.000     0.000 r  
                                                      0.000     0.000 r  ap_clk (IN)
                         net (fo=2533, unset)         0.410     0.410    bd_0_i/hls_inst/inst/regslice_both_output_r_V_data_V_U/ap_clk
    SLICE_X31Y17         FDRE                                         r  bd_0_i/hls_inst/inst/regslice_both_output_r_V_data_V_U/B_V_data_1_state_reg[0]/C
  -------------------------------------------------------------------    -------------------
    SLICE_X31Y17         FDRE (Prop_fdre_C_Q)         0.141     0.551 r  bd_0_i/hls_inst/inst/regslice_both_output_r_V_data_V_U/B_V_data_1_state_reg[0]/Q
                         net (fo=7, unset)            0.410     0.961    output_r_tvalid
                                                                      r  output_r_tvalid (OUT)
  -------------------------------------------------------------------    -------------------

Slack:                    inf
  Source:                 bd_0_i/hls_inst/inst/regslice_both_input_r_V_data_V_U/B_V_data_1_state_reg[1]/C
                            (rising edge-triggered cell FDRE clocked by ap_clk  {rise@0.000ns fall@5.000ns period=10.000ns})
  Destination:            input_r_tready
                            (output port)
  Path Group:             (none)
  Path Type:              Min at Fast Process Corner
  Data Path Delay:        0.558ns  (logic 0.148ns (26.517%)  route 0.410ns (73.483%))
  Logic Levels:           0  
  Clock Uncertainty:      0.025ns  ((TSJ^2 + TIJ^2)^1/2 + DJ) / 2 + PE
    Total System Jitter     (TSJ):    0.050ns
    Total Input Jitter      (TIJ):    0.000ns
    Discrete Jitter          (DJ):    0.000ns
    Phase Error              (PE):    0.000ns

    Location             Delay type                Incr(ns)  Path(ns)    Netlist Resource(s)
  -------------------------------------------------------------------    -------------------
                         (clock ap_clk rise edge)     0.000     0.000 r  
                                                      0.000     0.000 r  ap_clk (IN)
                         net (fo=2533, unset)         0.410     0.410    bd_0_i/hls_inst/inst/regslice_both_input_r_V_data_V_U/ap_clk
    SLICE_X42Y6          FDRE                                         r  bd_0_i/hls_inst/inst/regslice_both_input_r_V_data_V_U/B_V_data_1_state_reg[1]/C
  -------------------------------------------------------------------    -------------------
    SLICE_X42Y6          FDRE (Prop_fdre_C_Q)         0.148     0.558 r  bd_0_i/hls_inst/inst/regslice_both_input_r_V_data_V_U/B_V_data_1_state_reg[1]/Q
                         net (fo=5, unset)            0.410     0.968    input_r_tready
                                                                      r  input_r_tready (OUT)
  -------------------------------------------------------------------    -------------------

Slack:                    inf
  Source:                 bd_0_i/hls_inst/inst/regslice_both_output_r_V_strb_V_U/B_V_data_1_payload_A_reg[3]/C
                            (rising edge-triggered cell FDRE clocked by ap_clk  {rise@0.000ns fall@5.000ns period=10.000ns})
  Destination:            output_r_tstrb[3]
                            (output port)
  Path Group:             (none)
  Path Type:              Min at Fast Process Corner
  Data Path Delay:        0.649ns  (logic 0.186ns (28.655%)  route 0.463ns (71.345%))
  Logic Levels:           1  (LUT3=1)
  Clock Uncertainty:      0.025ns  ((TSJ^2 + TIJ^2)^1/2 + DJ) / 2 + PE
    Total System Jitter     (TSJ):    0.050ns
    Total Input Jitter      (TIJ):    0.000ns
    Discrete Jitter          (DJ):    0.000ns
    Phase Error              (PE):    0.000ns

    Location             Delay type                Incr(ns)  Path(ns)    Netlist Resource(s)
  -------------------------------------------------------------------    -------------------
                         (clock ap_clk rise edge)     0.000     0.000 r  
                                                      0.000     0.000 r  ap_clk (IN)
                         net (fo=2533, unset)         0.410     0.410    bd_0_i/hls_inst/inst/regslice_both_output_r_V_strb_V_U/ap_clk
    SLICE_X40Y4          FDRE                                         r  bd_0_i/hls_inst/inst/regslice_both_output_r_V_strb_V_U/B_V_data_1_payload_A_reg[3]/C
  -------------------------------------------------------------------    -------------------
    SLICE_X40Y4          FDRE (Prop_fdre_C_Q)         0.141     0.551 r  bd_0_i/hls_inst/inst/regslice_both_output_r_V_strb_V_U/B_V_data_1_payload_A_reg[3]/Q
                         net (fo=1, routed)           0.053     0.604    bd_0_i/hls_inst/inst/regslice_both_output_r_V_strb_V_U/B_V_data_1_payload_A[3]
    SLICE_X41Y4          LUT3 (Prop_lut3_I2_O)        0.045     0.649 r  bd_0_i/hls_inst/inst/regslice_both_output_r_V_strb_V_U/output_r_TSTRB[3]_INST_0/O
                         net (fo=0)                   0.410     1.059    output_r_tstrb[3]
                                                                      r  output_r_tstrb[3] (OUT)
  -------------------------------------------------------------------    -------------------

Slack:                    inf
  Source:                 bd_0_i/hls_inst/inst/regslice_both_output_r_V_data_V_U/B_V_data_1_payload_B_reg[25]/C
                            (rising edge-triggered cell FDRE clocked by ap_clk  {rise@0.000ns fall@5.000ns period=10.000ns})
  Destination:            output_r_tdata[25]
                            (output port)
  Path Group:             (none)
  Path Type:              Min at Fast Process Corner
  Data Path Delay:        0.683ns  (logic 0.186ns (27.223%)  route 0.497ns (72.777%))
  Logic Levels:           1  (LUT3=1)
  Clock Uncertainty:      0.025ns  ((TSJ^2 + TIJ^2)^1/2 + DJ) / 2 + PE
    Total System Jitter     (TSJ):    0.050ns
    Total Input Jitter      (TIJ):    0.000ns
    Discrete Jitter          (DJ):    0.000ns
    Phase Error              (PE):    0.000ns

    Location             Delay type                Incr(ns)  Path(ns)    Netlist Resource(s)
  -------------------------------------------------------------------    -------------------
                         (clock ap_clk rise edge)     0.000     0.000 r  
                                                      0.000     0.000 r  ap_clk (IN)
                         net (fo=2533, unset)         0.410     0.410    bd_0_i/hls_inst/inst/regslice_both_output_r_V_data_V_U/ap_clk
    SLICE_X31Y26         FDRE                                         r  bd_0_i/hls_inst/inst/regslice_both_output_r_V_data_V_U/B_V_data_1_payload_B_reg[25]/C
  -------------------------------------------------------------------    -------------------
    SLICE_X31Y26         FDRE (Prop_fdre_C_Q)         0.141     0.551 r  bd_0_i/hls_inst/inst/regslice_both_output_r_V_data_V_U/B_V_data_1_payload_B_reg[25]/Q
                         net (fo=1, routed)           0.087     0.638    bd_0_i/hls_inst/inst/regslice_both_output_r_V_data_V_U/B_V_data_1_payload_B[25]
    SLICE_X30Y26         LUT3 (Prop_lut3_I0_O)        0.045     0.683 r  bd_0_i/hls_inst/inst/regslice_both_output_r_V_data_V_U/output_r_TDATA[25]_INST_0/O
                         net (fo=0)                   0.410     1.093    output_r_tdata[25]
                                                                      r  output_r_tdata[25] (OUT)
  -------------------------------------------------------------------    -------------------

Slack:                    inf
  Source:                 bd_0_i/hls_inst/inst/regslice_both_output_r_V_data_V_U/B_V_data_1_payload_A_reg[13]/C
                            (rising edge-triggered cell FDRE clocked by ap_clk  {rise@0.000ns fall@5.000ns period=10.000ns})
  Destination:            output_r_tdata[13]
                            (output port)
  Path Group:             (none)
  Path Type:              Min at Fast Process Corner
  Data Path Delay:        0.701ns  (logic 0.209ns (29.804%)  route 0.492ns (70.196%))
  Logic Levels:           1  (LUT3=1)
  Clock Uncertainty:      0.025ns  ((TSJ^2 + TIJ^2)^1/2 + DJ) / 2 + PE
    Total System Jitter     (TSJ):    0.050ns
    Total Input Jitter      (TIJ):    0.000ns
    Discrete Jitter          (DJ):    0.000ns
    Phase Error              (PE):    0.000ns

    Location             Delay type                Incr(ns)  Path(ns)    Netlist Resource(s)
  -------------------------------------------------------------------    -------------------
                         (clock ap_clk rise edge)     0.000     0.000 r  
                                                      0.000     0.000 r  ap_clk (IN)
                         net (fo=2533, unset)         0.410     0.410    bd_0_i/hls_inst/inst/regslice_both_output_r_V_data_V_U/ap_clk
    SLICE_X30Y22         FDRE                                         r  bd_0_i/hls_inst/inst/regslice_both_output_r_V_data_V_U/B_V_data_1_payload_A_reg[13]/C
  -------------------------------------------------------------------    -------------------
    SLICE_X30Y22         FDRE (Prop_fdre_C_Q)         0.164     0.574 r  bd_0_i/hls_inst/inst/regslice_both_output_r_V_data_V_U/B_V_data_1_payload_A_reg[13]/Q
                         net (fo=1, routed)           0.082     0.656    bd_0_i/hls_inst/inst/regslice_both_output_r_V_data_V_U/B_V_data_1_payload_A[13]
    SLICE_X31Y22         LUT3 (Prop_lut3_I1_O)        0.045     0.701 r  bd_0_i/hls_inst/inst/regslice_both_output_r_V_data_V_U/output_r_TDATA[13]_INST_0/O
                         net (fo=0)                   0.410     1.111    output_r_tdata[13]
                                                                      r  output_r_tdata[13] (OUT)
  -------------------------------------------------------------------    -------------------

Slack:                    inf
  Source:                 bd_0_i/hls_inst/inst/regslice_both_output_r_V_data_V_U/B_V_data_1_payload_A_reg[0]/C
                            (rising edge-triggered cell FDRE clocked by ap_clk  {rise@0.000ns fall@5.000ns period=10.000ns})
  Destination:            output_r_tdata[0]
                            (output port)
  Path Group:             (none)
  Path Type:              Min at Fast Process Corner
  Data Path Delay:        0.704ns  (logic 0.212ns (30.103%)  route 0.492ns (69.897%))
  Logic Levels:           1  (LUT3=1)
  Clock Uncertainty:      0.025ns  ((TSJ^2 + TIJ^2)^1/2 + DJ) / 2 + PE
    Total System Jitter     (TSJ):    0.050ns
    Total Input Jitter      (TIJ):    0.000ns
    Discrete Jitter          (DJ):    0.000ns
    Phase Error              (PE):    0.000ns

    Location             Delay type                Incr(ns)  Path(ns)    Netlist Resource(s)
  -------------------------------------------------------------------    -------------------
                         (clock ap_clk rise edge)     0.000     0.000 r  
                                                      0.000     0.000 r  ap_clk (IN)
                         net (fo=2533, unset)         0.410     0.410    bd_0_i/hls_inst/inst/regslice_both_output_r_V_data_V_U/ap_clk
    SLICE_X30Y19         FDRE                                         r  bd_0_i/hls_inst/inst/regslice_both_output_r_V_data_V_U/B_V_data_1_payload_A_reg[0]/C
  -------------------------------------------------------------------    -------------------
    SLICE_X30Y19         FDRE (Prop_fdre_C_Q)         0.164     0.574 r  bd_0_i/hls_inst/inst/regslice_both_output_r_V_data_V_U/B_V_data_1_payload_A_reg[0]/Q
                         net (fo=1, routed)           0.082     0.656    bd_0_i/hls_inst/inst/regslice_both_output_r_V_data_V_U/B_V_data_1_payload_A[0]
    SLICE_X31Y19         LUT3 (Prop_lut3_I1_O)        0.048     0.704 r  bd_0_i/hls_inst/inst/regslice_both_output_r_V_data_V_U/output_r_TDATA[0]_INST_0/O
                         net (fo=0)                   0.410     1.114    output_r_tdata[0]
                                                                      r  output_r_tdata[0] (OUT)
  -------------------------------------------------------------------    -------------------

Slack:                    inf
  Source:                 bd_0_i/hls_inst/inst/regslice_both_output_r_V_data_V_U/B_V_data_1_payload_B_reg[17]/C
                            (rising edge-triggered cell FDRE clocked by ap_clk  {rise@0.000ns fall@5.000ns period=10.000ns})
  Destination:            output_r_tdata[17]
                            (output port)
  Path Group:             (none)
  Path Type:              Min at Fast Process Corner
  Data Path Delay:        0.722ns  (logic 0.226ns (31.287%)  route 0.496ns (68.713%))
  Logic Levels:           1  (LUT3=1)
  Clock Uncertainty:      0.025ns  ((TSJ^2 + TIJ^2)^1/2 + DJ) / 2 + PE
    Total System Jitter     (TSJ):    0.050ns
    Total Input Jitter      (TIJ):    0.000ns
    Discrete Jitter          (DJ):    0.000ns
    Phase Error              (PE):    0.000ns

    Location             Delay type                Incr(ns)  Path(ns)    Netlist Resource(s)
  -------------------------------------------------------------------    -------------------
                         (clock ap_clk rise edge)     0.000     0.000 r  
                                                      0.000     0.000 r  ap_clk (IN)
                         net (fo=2533, unset)         0.410     0.410    bd_0_i/hls_inst/inst/regslice_both_output_r_V_data_V_U/ap_clk
    SLICE_X31Y22         FDRE                                         r  bd_0_i/hls_inst/inst/regslice_both_output_r_V_data_V_U/B_V_data_1_payload_B_reg[17]/C
  -------------------------------------------------------------------    -------------------
    SLICE_X31Y22         FDRE (Prop_fdre_C_Q)         0.128     0.538 r  bd_0_i/hls_inst/inst/regslice_both_output_r_V_data_V_U/B_V_data_1_payload_B_reg[17]/Q
                         net (fo=1, routed)           0.086     0.624    bd_0_i/hls_inst/inst/regslice_both_output_r_V_data_V_U/B_V_data_1_payload_B[17]
    SLICE_X31Y22         LUT3 (Prop_lut3_I0_O)        0.098     0.722 r  bd_0_i/hls_inst/inst/regslice_both_output_r_V_data_V_U/output_r_TDATA[17]_INST_0/O
                         net (fo=0)                   0.410     1.132    output_r_tdata[17]
                                                                      r  output_r_tdata[17] (OUT)
  -------------------------------------------------------------------    -------------------

Slack:                    inf
  Source:                 bd_0_i/hls_inst/inst/regslice_both_output_r_V_data_V_U/B_V_data_1_payload_A_reg[31]/C
                            (rising edge-triggered cell FDRE clocked by ap_clk  {rise@0.000ns fall@5.000ns period=10.000ns})
  Destination:            output_r_tdata[31]
                            (output port)
  Path Group:             (none)
  Path Type:              Min at Fast Process Corner
  Data Path Delay:        0.729ns  (logic 0.209ns (28.657%)  route 0.520ns (71.343%))
  Logic Levels:           1  (LUT3=1)
  Clock Uncertainty:      0.025ns  ((TSJ^2 + TIJ^2)^1/2 + DJ) / 2 + PE
    Total System Jitter     (TSJ):    0.050ns
    Total Input Jitter      (TIJ):    0.000ns
    Discrete Jitter          (DJ):    0.000ns
    Phase Error              (PE):    0.000ns

    Location             Delay type                Incr(ns)  Path(ns)    Netlist Resource(s)
  -------------------------------------------------------------------    -------------------
                         (clock ap_clk rise edge)     0.000     0.000 r  
                                                      0.000     0.000 r  ap_clk (IN)
                         net (fo=2533, unset)         0.410     0.410    bd_0_i/hls_inst/inst/regslice_both_output_r_V_data_V_U/ap_clk
    SLICE_X30Y25         FDRE                                         r  bd_0_i/hls_inst/inst/regslice_both_output_r_V_data_V_U/B_V_data_1_payload_A_reg[31]/C
  -------------------------------------------------------------------    -------------------
    SLICE_X30Y25         FDRE (Prop_fdre_C_Q)         0.164     0.574 r  bd_0_i/hls_inst/inst/regslice_both_output_r_V_data_V_U/B_V_data_1_payload_A_reg[31]/Q
                         net (fo=1, routed)           0.110     0.684    bd_0_i/hls_inst/inst/regslice_both_output_r_V_data_V_U/B_V_data_1_payload_A[31]
    SLICE_X30Y26         LUT3 (Prop_lut3_I1_O)        0.045     0.729 r  bd_0_i/hls_inst/inst/regslice_both_output_r_V_data_V_U/output_r_TDATA[31]_INST_0/O
                         net (fo=0)                   0.410     1.139    output_r_tdata[31]
                                                                      r  output_r_tdata[31] (OUT)
  -------------------------------------------------------------------    -------------------

Slack:                    inf
  Source:                 bd_0_i/hls_inst/inst/regslice_both_output_r_V_strb_V_U/B_V_data_1_payload_A_reg[2]/C
                            (rising edge-triggered cell FDRE clocked by ap_clk  {rise@0.000ns fall@5.000ns period=10.000ns})
  Destination:            output_r_tstrb[2]
                            (output port)
  Path Group:             (none)
  Path Type:              Min at Fast Process Corner
  Data Path Delay:        0.734ns  (logic 0.187ns (25.474%)  route 0.547ns (74.526%))
  Logic Levels:           1  (LUT3=1)
  Clock Uncertainty:      0.025ns  ((TSJ^2 + TIJ^2)^1/2 + DJ) / 2 + PE
    Total System Jitter     (TSJ):    0.050ns
    Total Input Jitter      (TIJ):    0.000ns
    Discrete Jitter          (DJ):    0.000ns
    Phase Error              (PE):    0.000ns

    Location             Delay type                Incr(ns)  Path(ns)    Netlist Resource(s)
  -------------------------------------------------------------------    -------------------
                         (clock ap_clk rise edge)     0.000     0.000 r  
                                                      0.000     0.000 r  ap_clk (IN)
                         net (fo=2533, unset)         0.410     0.410    bd_0_i/hls_inst/inst/regslice_both_output_r_V_strb_V_U/ap_clk
    SLICE_X40Y4          FDRE                                         r  bd_0_i/hls_inst/inst/regslice_both_output_r_V_strb_V_U/B_V_data_1_payload_A_reg[2]/C
  -------------------------------------------------------------------    -------------------
    SLICE_X40Y4          FDRE (Prop_fdre_C_Q)         0.141     0.551 r  bd_0_i/hls_inst/inst/regslice_both_output_r_V_strb_V_U/B_V_data_1_payload_A_reg[2]/Q
                         net (fo=1, routed)           0.137     0.688    bd_0_i/hls_inst/inst/regslice_both_output_r_V_strb_V_U/B_V_data_1_payload_A[2]
    SLICE_X41Y4          LUT3 (Prop_lut3_I2_O)        0.046     0.734 r  bd_0_i/hls_inst/inst/regslice_both_output_r_V_strb_V_U/output_r_TSTRB[2]_INST_0/O
                         net (fo=0)                   0.410     1.144    output_r_tstrb[2]
                                                                      r  output_r_tstrb[2] (OUT)
  -------------------------------------------------------------------    -------------------

Slack:                    inf
  Source:                 bd_0_i/hls_inst/inst/regslice_both_output_r_V_keep_V_U/B_V_data_1_sel_rd_reg/C
                            (rising edge-triggered cell FDRE clocked by ap_clk  {rise@0.000ns fall@5.000ns period=10.000ns})
  Destination:            output_r_tkeep[3]
                            (output port)
  Path Group:             (none)
  Path Type:              Min at Fast Process Corner
  Data Path Delay:        0.737ns  (logic 0.186ns (25.254%)  route 0.551ns (74.746%))
  Logic Levels:           1  (LUT3=1)
  Clock Uncertainty:      0.025ns  ((TSJ^2 + TIJ^2)^1/2 + DJ) / 2 + PE
    Total System Jitter     (TSJ):    0.050ns
    Total Input Jitter      (TIJ):    0.000ns
    Discrete Jitter          (DJ):    0.000ns
    Phase Error              (PE):    0.000ns

    Location             Delay type                Incr(ns)  Path(ns)    Netlist Resource(s)
  -------------------------------------------------------------------    -------------------
                         (clock ap_clk rise edge)     0.000     0.000 r  
                                                      0.000     0.000 r  ap_clk (IN)
                         net (fo=2533, unset)         0.410     0.410    bd_0_i/hls_inst/inst/regslice_both_output_r_V_keep_V_U/ap_clk
    SLICE_X39Y1          FDRE                                         r  bd_0_i/hls_inst/inst/regslice_both_output_r_V_keep_V_U/B_V_data_1_sel_rd_reg/C
  -------------------------------------------------------------------    -------------------
    SLICE_X39Y1          FDRE (Prop_fdre_C_Q)         0.141     0.551 r  bd_0_i/hls_inst/inst/regslice_both_output_r_V_keep_V_U/B_V_data_1_sel_rd_reg/Q
                         net (fo=5, routed)           0.140     0.692    bd_0_i/hls_inst/inst/regslice_both_output_r_V_keep_V_U/B_V_data_1_sel
    SLICE_X40Y1          LUT3 (Prop_lut3_I1_O)        0.045     0.737 r  bd_0_i/hls_inst/inst/regslice_both_output_r_V_keep_V_U/output_r_TKEEP[3]_INST_0/O
                         net (fo=0)                   0.410     1.147    output_r_tkeep[3]
                                                                      r  output_r_tkeep[3] (OUT)
  -------------------------------------------------------------------    -------------------





--------------------------------------------------------------------------------------
Path Group:  (none)
From Clock:  
  To Clock:  ap_clk

Max Delay           258 Endpoints
Min Delay           258 Endpoints
--------------------------------------------------------------------------------------


Max Delay Paths
--------------------------------------------------------------------------------------
Slack:                    inf
  Source:                 ap_rst_n
                            (input port)
  Destination:            bd_0_i/hls_inst/inst/regslice_both_input_r_V_keep_V_U/B_V_data_1_sel_wr_reg/R
                            (rising edge-triggered cell FDRE clocked by ap_clk  {rise@0.000ns fall@5.000ns period=10.000ns})
  Path Group:             (none)
  Path Type:              Setup (Max at Slow Process Corner)
  Data Path Delay:        3.964ns  (logic 0.124ns (3.128%)  route 3.840ns (96.872%))
  Logic Levels:           1  (LUT1=1)
  Clock Path Skew:        0.924ns (DCD - SCD + CPR)
    Destination Clock Delay (DCD):    0.924ns
    Source Clock Delay      (SCD):    0.000ns
    Clock Pessimism Removal (CPR):    0.000ns
  Clock Uncertainty:      0.025ns  ((TSJ^2 + TIJ^2)^1/2 + DJ) / 2 + PE
    Total System Jitter     (TSJ):    0.050ns
    Total Input Jitter      (TIJ):    0.000ns
    Discrete Jitter          (DJ):    0.000ns
    Phase Error              (PE):    0.000ns

    Location             Delay type                Incr(ns)  Path(ns)    Netlist Resource(s)
  -------------------------------------------------------------------    -------------------
                                                      0.000     0.000 f  ap_rst_n (IN)
                         net (fo=0)                   0.973     0.973    bd_0_i/hls_inst/inst/regslice_both_output_r_V_last_V_U/ap_rst_n
    SLICE_X31Y4          LUT1 (Prop_lut1_I0_O)        0.124     1.097 r  bd_0_i/hls_inst/inst/regslice_both_output_r_V_last_V_U/B_V_data_1_state[1]_i_1/O
                         net (fo=42, routed)          2.867     3.964    bd_0_i/hls_inst/inst/regslice_both_input_r_V_keep_V_U/ap_rst_n_inv
    SLICE_X42Y3          FDRE                                         r  bd_0_i/hls_inst/inst/regslice_both_input_r_V_keep_V_U/B_V_data_1_sel_wr_reg/R
  -------------------------------------------------------------------    -------------------

                         (clock ap_clk rise edge)     0.000     0.000 r  
                                                      0.000     0.000 r  ap_clk (IN)
                         net (fo=2533, unset)         0.924     0.924    bd_0_i/hls_inst/inst/regslice_both_input_r_V_keep_V_U/ap_clk
    SLICE_X42Y3          FDRE                                         r  bd_0_i/hls_inst/inst/regslice_both_input_r_V_keep_V_U/B_V_data_1_sel_wr_reg/C

Slack:                    inf
  Source:                 ap_rst_n
                            (input port)
  Destination:            bd_0_i/hls_inst/inst/regslice_both_input_r_V_keep_V_U/B_V_data_1_state_reg[0]/R
                            (rising edge-triggered cell FDRE clocked by ap_clk  {rise@0.000ns fall@5.000ns period=10.000ns})
  Path Group:             (none)
  Path Type:              Setup (Max at Slow Process Corner)
  Data Path Delay:        3.964ns  (logic 0.124ns (3.128%)  route 3.840ns (96.872%))
  Logic Levels:           1  (LUT1=1)
  Clock Path Skew:        0.924ns (DCD - SCD + CPR)
    Destination Clock Delay (DCD):    0.924ns
    Source Clock Delay      (SCD):    0.000ns
    Clock Pessimism Removal (CPR):    0.000ns
  Clock Uncertainty:      0.025ns  ((TSJ^2 + TIJ^2)^1/2 + DJ) / 2 + PE
    Total System Jitter     (TSJ):    0.050ns
    Total Input Jitter      (TIJ):    0.000ns
    Discrete Jitter          (DJ):    0.000ns
    Phase Error              (PE):    0.000ns

    Location             Delay type                Incr(ns)  Path(ns)    Netlist Resource(s)
  -------------------------------------------------------------------    -------------------
                                                      0.000     0.000 f  ap_rst_n (IN)
                         net (fo=0)                   0.973     0.973    bd_0_i/hls_inst/inst/regslice_both_output_r_V_last_V_U/ap_rst_n
    SLICE_X31Y4          LUT1 (Prop_lut1_I0_O)        0.124     1.097 r  bd_0_i/hls_inst/inst/regslice_both_output_r_V_last_V_U/B_V_data_1_state[1]_i_1/O
                         net (fo=42, routed)          2.867     3.964    bd_0_i/hls_inst/inst/regslice_both_input_r_V_keep_V_U/ap_rst_n_inv
    SLICE_X42Y3          FDRE                                         r  bd_0_i/hls_inst/inst/regslice_both_input_r_V_keep_V_U/B_V_data_1_state_reg[0]/R
  -------------------------------------------------------------------    -------------------

                         (clock ap_clk rise edge)     0.000     0.000 r  
                                                      0.000     0.000 r  ap_clk (IN)
                         net (fo=2533, unset)         0.924     0.924    bd_0_i/hls_inst/inst/regslice_both_input_r_V_keep_V_U/ap_clk
    SLICE_X42Y3          FDRE                                         r  bd_0_i/hls_inst/inst/regslice_both_input_r_V_keep_V_U/B_V_data_1_state_reg[0]/C

Slack:                    inf
  Source:                 ap_rst_n
                            (input port)
  Destination:            bd_0_i/hls_inst/inst/regslice_both_input_r_V_keep_V_U/B_V_data_1_state_reg[1]/R
                            (rising edge-triggered cell FDRE clocked by ap_clk  {rise@0.000ns fall@5.000ns period=10.000ns})
  Path Group:             (none)
  Path Type:              Setup (Max at Slow Process Corner)
  Data Path Delay:        3.964ns  (logic 0.124ns (3.128%)  route 3.840ns (96.872%))
  Logic Levels:           1  (LUT1=1)
  Clock Path Skew:        0.924ns (DCD - SCD + CPR)
    Destination Clock Delay (DCD):    0.924ns
    Source Clock Delay      (SCD):    0.000ns
    Clock Pessimism Removal (CPR):    0.000ns
  Clock Uncertainty:      0.025ns  ((TSJ^2 + TIJ^2)^1/2 + DJ) / 2 + PE
    Total System Jitter     (TSJ):    0.050ns
    Total Input Jitter      (TIJ):    0.000ns
    Discrete Jitter          (DJ):    0.000ns
    Phase Error              (PE):    0.000ns

    Location             Delay type                Incr(ns)  Path(ns)    Netlist Resource(s)
  -------------------------------------------------------------------    -------------------
                                                      0.000     0.000 f  ap_rst_n (IN)
                         net (fo=0)                   0.973     0.973    bd_0_i/hls_inst/inst/regslice_both_output_r_V_last_V_U/ap_rst_n
    SLICE_X31Y4          LUT1 (Prop_lut1_I0_O)        0.124     1.097 r  bd_0_i/hls_inst/inst/regslice_both_output_r_V_last_V_U/B_V_data_1_state[1]_i_1/O
                         net (fo=42, routed)          2.867     3.964    bd_0_i/hls_inst/inst/regslice_both_input_r_V_keep_V_U/ap_rst_n_inv
    SLICE_X42Y3          FDRE                                         r  bd_0_i/hls_inst/inst/regslice_both_input_r_V_keep_V_U/B_V_data_1_state_reg[1]/R
  -------------------------------------------------------------------    -------------------

                         (clock ap_clk rise edge)     0.000     0.000 r  
                                                      0.000     0.000 r  ap_clk (IN)
                         net (fo=2533, unset)         0.924     0.924    bd_0_i/hls_inst/inst/regslice_both_input_r_V_keep_V_U/ap_clk
    SLICE_X42Y3          FDRE                                         r  bd_0_i/hls_inst/inst/regslice_both_input_r_V_keep_V_U/B_V_data_1_state_reg[1]/C

Slack:                    inf
  Source:                 ap_rst_n
                            (input port)
  Destination:            bd_0_i/hls_inst/inst/regslice_both_input_r_V_data_V_U/B_V_data_1_sel_wr_reg/R
                            (rising edge-triggered cell FDRE clocked by ap_clk  {rise@0.000ns fall@5.000ns period=10.000ns})
  Path Group:             (none)
  Path Type:              Setup (Max at Slow Process Corner)
  Data Path Delay:        3.831ns  (logic 0.124ns (3.236%)  route 3.707ns (96.764%))
  Logic Levels:           1  (LUT1=1)
  Clock Path Skew:        0.924ns (DCD - SCD + CPR)
    Destination Clock Delay (DCD):    0.924ns
    Source Clock Delay      (SCD):    0.000ns
    Clock Pessimism Removal (CPR):    0.000ns
  Clock Uncertainty:      0.025ns  ((TSJ^2 + TIJ^2)^1/2 + DJ) / 2 + PE
    Total System Jitter     (TSJ):    0.050ns
    Total Input Jitter      (TIJ):    0.000ns
    Discrete Jitter          (DJ):    0.000ns
    Phase Error              (PE):    0.000ns

    Location             Delay type                Incr(ns)  Path(ns)    Netlist Resource(s)
  -------------------------------------------------------------------    -------------------
                                                      0.000     0.000 f  ap_rst_n (IN)
                         net (fo=0)                   0.973     0.973    bd_0_i/hls_inst/inst/regslice_both_output_r_V_last_V_U/ap_rst_n
    SLICE_X31Y4          LUT1 (Prop_lut1_I0_O)        0.124     1.097 r  bd_0_i/hls_inst/inst/regslice_both_output_r_V_last_V_U/B_V_data_1_state[1]_i_1/O
                         net (fo=42, routed)          2.734     3.831    bd_0_i/hls_inst/inst/regslice_both_input_r_V_data_V_U/ap_rst_n_inv
    SLICE_X42Y6          FDRE                                         r  bd_0_i/hls_inst/inst/regslice_both_input_r_V_data_V_U/B_V_data_1_sel_wr_reg/R
  -------------------------------------------------------------------    -------------------

                         (clock ap_clk rise edge)     0.000     0.000 r  
                                                      0.000     0.000 r  ap_clk (IN)
                         net (fo=2533, unset)         0.924     0.924    bd_0_i/hls_inst/inst/regslice_both_input_r_V_data_V_U/ap_clk
    SLICE_X42Y6          FDRE                                         r  bd_0_i/hls_inst/inst/regslice_both_input_r_V_data_V_U/B_V_data_1_sel_wr_reg/C

Slack:                    inf
  Source:                 ap_rst_n
                            (input port)
  Destination:            bd_0_i/hls_inst/inst/regslice_both_input_r_V_data_V_U/B_V_data_1_state_reg[0]/R
                            (rising edge-triggered cell FDRE clocked by ap_clk  {rise@0.000ns fall@5.000ns period=10.000ns})
  Path Group:             (none)
  Path Type:              Setup (Max at Slow Process Corner)
  Data Path Delay:        3.831ns  (logic 0.124ns (3.236%)  route 3.707ns (96.764%))
  Logic Levels:           1  (LUT1=1)
  Clock Path Skew:        0.924ns (DCD - SCD + CPR)
    Destination Clock Delay (DCD):    0.924ns
    Source Clock Delay      (SCD):    0.000ns
    Clock Pessimism Removal (CPR):    0.000ns
  Clock Uncertainty:      0.025ns  ((TSJ^2 + TIJ^2)^1/2 + DJ) / 2 + PE
    Total System Jitter     (TSJ):    0.050ns
    Total Input Jitter      (TIJ):    0.000ns
    Discrete Jitter          (DJ):    0.000ns
    Phase Error              (PE):    0.000ns

    Location             Delay type                Incr(ns)  Path(ns)    Netlist Resource(s)
  -------------------------------------------------------------------    -------------------
                                                      0.000     0.000 f  ap_rst_n (IN)
                         net (fo=0)                   0.973     0.973    bd_0_i/hls_inst/inst/regslice_both_output_r_V_last_V_U/ap_rst_n
    SLICE_X31Y4          LUT1 (Prop_lut1_I0_O)        0.124     1.097 r  bd_0_i/hls_inst/inst/regslice_both_output_r_V_last_V_U/B_V_data_1_state[1]_i_1/O
                         net (fo=42, routed)          2.734     3.831    bd_0_i/hls_inst/inst/regslice_both_input_r_V_data_V_U/ap_rst_n_inv
    SLICE_X42Y6          FDRE                                         r  bd_0_i/hls_inst/inst/regslice_both_input_r_V_data_V_U/B_V_data_1_state_reg[0]/R
  -------------------------------------------------------------------    -------------------

                         (clock ap_clk rise edge)     0.000     0.000 r  
                                                      0.000     0.000 r  ap_clk (IN)
                         net (fo=2533, unset)         0.924     0.924    bd_0_i/hls_inst/inst/regslice_both_input_r_V_data_V_U/ap_clk
    SLICE_X42Y6          FDRE                                         r  bd_0_i/hls_inst/inst/regslice_both_input_r_V_data_V_U/B_V_data_1_state_reg[0]/C

Slack:                    inf
  Source:                 ap_rst_n
                            (input port)
  Destination:            bd_0_i/hls_inst/inst/regslice_both_input_r_V_data_V_U/B_V_data_1_state_reg[1]/R
                            (rising edge-triggered cell FDRE clocked by ap_clk  {rise@0.000ns fall@5.000ns period=10.000ns})
  Path Group:             (none)
  Path Type:              Setup (Max at Slow Process Corner)
  Data Path Delay:        3.831ns  (logic 0.124ns (3.236%)  route 3.707ns (96.764%))
  Logic Levels:           1  (LUT1=1)
  Clock Path Skew:        0.924ns (DCD - SCD + CPR)
    Destination Clock Delay (DCD):    0.924ns
    Source Clock Delay      (SCD):    0.000ns
    Clock Pessimism Removal (CPR):    0.000ns
  Clock Uncertainty:      0.025ns  ((TSJ^2 + TIJ^2)^1/2 + DJ) / 2 + PE
    Total System Jitter     (TSJ):    0.050ns
    Total Input Jitter      (TIJ):    0.000ns
    Discrete Jitter          (DJ):    0.000ns
    Phase Error              (PE):    0.000ns

    Location             Delay type                Incr(ns)  Path(ns)    Netlist Resource(s)
  -------------------------------------------------------------------    -------------------
                                                      0.000     0.000 f  ap_rst_n (IN)
                         net (fo=0)                   0.973     0.973    bd_0_i/hls_inst/inst/regslice_both_output_r_V_last_V_U/ap_rst_n
    SLICE_X31Y4          LUT1 (Prop_lut1_I0_O)        0.124     1.097 r  bd_0_i/hls_inst/inst/regslice_both_output_r_V_last_V_U/B_V_data_1_state[1]_i_1/O
                         net (fo=42, routed)          2.734     3.831    bd_0_i/hls_inst/inst/regslice_both_input_r_V_data_V_U/ap_rst_n_inv
    SLICE_X42Y6          FDRE                                         r  bd_0_i/hls_inst/inst/regslice_both_input_r_V_data_V_U/B_V_data_1_state_reg[1]/R
  -------------------------------------------------------------------    -------------------

                         (clock ap_clk rise edge)     0.000     0.000 r  
                                                      0.000     0.000 r  ap_clk (IN)
                         net (fo=2533, unset)         0.924     0.924    bd_0_i/hls_inst/inst/regslice_both_input_r_V_data_V_U/ap_clk
    SLICE_X42Y6          FDRE                                         r  bd_0_i/hls_inst/inst/regslice_both_input_r_V_data_V_U/B_V_data_1_state_reg[1]/C

Slack:                    inf
  Source:                 ap_rst_n
                            (input port)
  Destination:            bd_0_i/hls_inst/inst/regslice_both_output_r_V_keep_V_U/B_V_data_1_sel_rd_reg/R
                            (rising edge-triggered cell FDRE clocked by ap_clk  {rise@0.000ns fall@5.000ns period=10.000ns})
  Path Group:             (none)
  Path Type:              Setup (Max at Slow Process Corner)
  Data Path Delay:        3.812ns  (logic 0.124ns (3.253%)  route 3.688ns (96.747%))
  Logic Levels:           1  (LUT1=1)
  Clock Path Skew:        0.924ns (DCD - SCD + CPR)
    Destination Clock Delay (DCD):    0.924ns
    Source Clock Delay      (SCD):    0.000ns
    Clock Pessimism Removal (CPR):    0.000ns
  Clock Uncertainty:      0.025ns  ((TSJ^2 + TIJ^2)^1/2 + DJ) / 2 + PE
    Total System Jitter     (TSJ):    0.050ns
    Total Input Jitter      (TIJ):    0.000ns
    Discrete Jitter          (DJ):    0.000ns
    Phase Error              (PE):    0.000ns

    Location             Delay type                Incr(ns)  Path(ns)    Netlist Resource(s)
  -------------------------------------------------------------------    -------------------
                                                      0.000     0.000 f  ap_rst_n (IN)
                         net (fo=0)                   0.973     0.973    bd_0_i/hls_inst/inst/regslice_both_output_r_V_last_V_U/ap_rst_n
    SLICE_X31Y4          LUT1 (Prop_lut1_I0_O)        0.124     1.097 r  bd_0_i/hls_inst/inst/regslice_both_output_r_V_last_V_U/B_V_data_1_state[1]_i_1/O
                         net (fo=42, routed)          2.715     3.812    bd_0_i/hls_inst/inst/regslice_both_output_r_V_keep_V_U/ap_rst_n_inv
    SLICE_X39Y1          FDRE                                         r  bd_0_i/hls_inst/inst/regslice_both_output_r_V_keep_V_U/B_V_data_1_sel_rd_reg/R
  -------------------------------------------------------------------    -------------------

                         (clock ap_clk rise edge)     0.000     0.000 r  
                                                      0.000     0.000 r  ap_clk (IN)
                         net (fo=2533, unset)         0.924     0.924    bd_0_i/hls_inst/inst/regslice_both_output_r_V_keep_V_U/ap_clk
    SLICE_X39Y1          FDRE                                         r  bd_0_i/hls_inst/inst/regslice_both_output_r_V_keep_V_U/B_V_data_1_sel_rd_reg/C

Slack:                    inf
  Source:                 ap_rst_n
                            (input port)
  Destination:            bd_0_i/hls_inst/inst/regslice_both_output_r_V_last_V_U/B_V_data_1_sel_rd_reg/R
                            (rising edge-triggered cell FDRE clocked by ap_clk  {rise@0.000ns fall@5.000ns period=10.000ns})
  Path Group:             (none)
  Path Type:              Setup (Max at Slow Process Corner)
  Data Path Delay:        3.812ns  (logic 0.124ns (3.253%)  route 3.688ns (96.747%))
  Logic Levels:           1  (LUT1=1)
  Clock Path Skew:        0.924ns (DCD - SCD + CPR)
    Destination Clock Delay (DCD):    0.924ns
    Source Clock Delay      (SCD):    0.000ns
    Clock Pessimism Removal (CPR):    0.000ns
  Clock Uncertainty:      0.025ns  ((TSJ^2 + TIJ^2)^1/2 + DJ) / 2 + PE
    Total System Jitter     (TSJ):    0.050ns
    Total Input Jitter      (TIJ):    0.000ns
    Discrete Jitter          (DJ):    0.000ns
    Phase Error              (PE):    0.000ns

    Location             Delay type                Incr(ns)  Path(ns)    Netlist Resource(s)
  -------------------------------------------------------------------    -------------------
                                                      0.000     0.000 f  ap_rst_n (IN)
                         net (fo=0)                   0.973     0.973    bd_0_i/hls_inst/inst/regslice_both_output_r_V_last_V_U/ap_rst_n
    SLICE_X31Y4          LUT1 (Prop_lut1_I0_O)        0.124     1.097 r  bd_0_i/hls_inst/inst/regslice_both_output_r_V_last_V_U/B_V_data_1_state[1]_i_1/O
                         net (fo=42, routed)          2.715     3.812    bd_0_i/hls_inst/inst/regslice_both_output_r_V_last_V_U/ap_rst_n_inv
    SLICE_X39Y1          FDRE                                         r  bd_0_i/hls_inst/inst/regslice_both_output_r_V_last_V_U/B_V_data_1_sel_rd_reg/R
  -------------------------------------------------------------------    -------------------

                         (clock ap_clk rise edge)     0.000     0.000 r  
                                                      0.000     0.000 r  ap_clk (IN)
                         net (fo=2533, unset)         0.924     0.924    bd_0_i/hls_inst/inst/regslice_both_output_r_V_last_V_U/ap_clk
    SLICE_X39Y1          FDRE                                         r  bd_0_i/hls_inst/inst/regslice_both_output_r_V_last_V_U/B_V_data_1_sel_rd_reg/C

Slack:                    inf
  Source:                 ap_rst_n
                            (input port)
  Destination:            bd_0_i/hls_inst/inst/regslice_both_input_r_V_keep_V_U/B_V_data_1_sel_rd_reg/R
                            (rising edge-triggered cell FDRE clocked by ap_clk  {rise@0.000ns fall@5.000ns period=10.000ns})
  Path Group:             (none)
  Path Type:              Setup (Max at Slow Process Corner)
  Data Path Delay:        3.809ns  (logic 0.124ns (3.256%)  route 3.685ns (96.744%))
  Logic Levels:           1  (LUT1=1)
  Clock Path Skew:        0.924ns (DCD - SCD + CPR)
    Destination Clock Delay (DCD):    0.924ns
    Source Clock Delay      (SCD):    0.000ns
    Clock Pessimism Removal (CPR):    0.000ns
  Clock Uncertainty:      0.025ns  ((TSJ^2 + TIJ^2)^1/2 + DJ) / 2 + PE
    Total System Jitter     (TSJ):    0.050ns
    Total Input Jitter      (TIJ):    0.000ns
    Discrete Jitter          (DJ):    0.000ns
    Phase Error              (PE):    0.000ns

    Location             Delay type                Incr(ns)  Path(ns)    Netlist Resource(s)
  -------------------------------------------------------------------    -------------------
                                                      0.000     0.000 f  ap_rst_n (IN)
                         net (fo=0)                   0.973     0.973    bd_0_i/hls_inst/inst/regslice_both_output_r_V_last_V_U/ap_rst_n
    SLICE_X31Y4          LUT1 (Prop_lut1_I0_O)        0.124     1.097 r  bd_0_i/hls_inst/inst/regslice_both_output_r_V_last_V_U/B_V_data_1_state[1]_i_1/O
                         net (fo=42, routed)          2.712     3.809    bd_0_i/hls_inst/inst/regslice_both_input_r_V_keep_V_U/ap_rst_n_inv
    SLICE_X41Y2          FDRE                                         r  bd_0_i/hls_inst/inst/regslice_both_input_r_V_keep_V_U/B_V_data_1_sel_rd_reg/R
  -------------------------------------------------------------------    -------------------

                         (clock ap_clk rise edge)     0.000     0.000 r  
                                                      0.000     0.000 r  ap_clk (IN)
                         net (fo=2533, unset)         0.924     0.924    bd_0_i/hls_inst/inst/regslice_both_input_r_V_keep_V_U/ap_clk
    SLICE_X41Y2          FDRE                                         r  bd_0_i/hls_inst/inst/regslice_both_input_r_V_keep_V_U/B_V_data_1_sel_rd_reg/C

Slack:                    inf
  Source:                 ap_rst_n
                            (input port)
  Destination:            bd_0_i/hls_inst/inst/regslice_both_input_r_V_last_V_U/B_V_data_1_sel_rd_reg/R
                            (rising edge-triggered cell FDRE clocked by ap_clk  {rise@0.000ns fall@5.000ns period=10.000ns})
  Path Group:             (none)
  Path Type:              Setup (Max at Slow Process Corner)
  Data Path Delay:        3.809ns  (logic 0.124ns (3.256%)  route 3.685ns (96.744%))
  Logic Levels:           1  (LUT1=1)
  Clock Path Skew:        0.924ns (DCD - SCD + CPR)
    Destination Clock Delay (DCD):    0.924ns
    Source Clock Delay      (SCD):    0.000ns
    Clock Pessimism Removal (CPR):    0.000ns
  Clock Uncertainty:      0.025ns  ((TSJ^2 + TIJ^2)^1/2 + DJ) / 2 + PE
    Total System Jitter     (TSJ):    0.050ns
    Total Input Jitter      (TIJ):    0.000ns
    Discrete Jitter          (DJ):    0.000ns
    Phase Error              (PE):    0.000ns

    Location             Delay type                Incr(ns)  Path(ns)    Netlist Resource(s)
  -------------------------------------------------------------------    -------------------
                                                      0.000     0.000 f  ap_rst_n (IN)
                         net (fo=0)                   0.973     0.973    bd_0_i/hls_inst/inst/regslice_both_output_r_V_last_V_U/ap_rst_n
    SLICE_X31Y4          LUT1 (Prop_lut1_I0_O)        0.124     1.097 r  bd_0_i/hls_inst/inst/regslice_both_output_r_V_last_V_U/B_V_data_1_state[1]_i_1/O
                         net (fo=42, routed)          2.712     3.809    bd_0_i/hls_inst/inst/regslice_both_input_r_V_last_V_U/ap_rst_n_inv
    SLICE_X41Y2          FDRE                                         r  bd_0_i/hls_inst/inst/regslice_both_input_r_V_last_V_U/B_V_data_1_sel_rd_reg/R
  -------------------------------------------------------------------    -------------------

                         (clock ap_clk rise edge)     0.000     0.000 r  
                                                      0.000     0.000 r  ap_clk (IN)
                         net (fo=2533, unset)         0.924     0.924    bd_0_i/hls_inst/inst/regslice_both_input_r_V_last_V_U/ap_clk
    SLICE_X41Y2          FDRE                                         r  bd_0_i/hls_inst/inst/regslice_both_input_r_V_last_V_U/B_V_data_1_sel_rd_reg/C





Min Delay Paths
--------------------------------------------------------------------------------------
Slack:                    inf
  Source:                 input_r_tdata[0]
                            (input port)
  Destination:            bd_0_i/hls_inst/inst/regslice_both_input_r_V_data_V_U/B_V_data_1_payload_A_reg[0]/D
                            (rising edge-triggered cell FDRE clocked by ap_clk  {rise@0.000ns fall@5.000ns period=10.000ns})
  Path Group:             (none)
  Path Type:              Hold (Min at Fast Process Corner)
  Data Path Delay:        0.410ns  (logic 0.000ns (0.000%)  route 0.410ns (100.000%))
  Logic Levels:           0  
  Clock Path Skew:        0.432ns (DCD - SCD - CPR)
    Destination Clock Delay (DCD):    0.432ns
    Source Clock Delay      (SCD):    0.000ns
    Clock Pessimism Removal (CPR):    -0.000ns

    Location             Delay type                Incr(ns)  Path(ns)    Netlist Resource(s)
  -------------------------------------------------------------------    -------------------
                                                      0.000     0.000 r  input_r_tdata[0] (IN)
                         net (fo=1, unset)            0.410     0.410    bd_0_i/hls_inst/inst/regslice_both_input_r_V_data_V_U/input_r_TDATA[0]
    SLICE_X37Y1          FDRE                                         r  bd_0_i/hls_inst/inst/regslice_both_input_r_V_data_V_U/B_V_data_1_payload_A_reg[0]/D
  -------------------------------------------------------------------    -------------------

                         (clock ap_clk rise edge)     0.000     0.000 r  
                                                      0.000     0.000 r  ap_clk (IN)
                         net (fo=2533, unset)         0.432     0.432    bd_0_i/hls_inst/inst/regslice_both_input_r_V_data_V_U/ap_clk
    SLICE_X37Y1          FDRE                                         r  bd_0_i/hls_inst/inst/regslice_both_input_r_V_data_V_U/B_V_data_1_payload_A_reg[0]/C

Slack:                    inf
  Source:                 input_r_tdata[10]
                            (input port)
  Destination:            bd_0_i/hls_inst/inst/regslice_both_input_r_V_data_V_U/B_V_data_1_payload_A_reg[10]/D
                            (rising edge-triggered cell FDRE clocked by ap_clk  {rise@0.000ns fall@5.000ns period=10.000ns})
  Path Group:             (none)
  Path Type:              Hold (Min at Fast Process Corner)
  Data Path Delay:        0.410ns  (logic 0.000ns (0.000%)  route 0.410ns (100.000%))
  Logic Levels:           0  
  Clock Path Skew:        0.432ns (DCD - SCD - CPR)
    Destination Clock Delay (DCD):    0.432ns
    Source Clock Delay      (SCD):    0.000ns
    Clock Pessimism Removal (CPR):    -0.000ns

    Location             Delay type                Incr(ns)  Path(ns)    Netlist Resource(s)
  -------------------------------------------------------------------    -------------------
                                                      0.000     0.000 r  input_r_tdata[10] (IN)
                         net (fo=1, unset)            0.410     0.410    bd_0_i/hls_inst/inst/regslice_both_input_r_V_data_V_U/input_r_TDATA[10]
    SLICE_X40Y6          FDRE                                         r  bd_0_i/hls_inst/inst/regslice_both_input_r_V_data_V_U/B_V_data_1_payload_A_reg[10]/D
  -------------------------------------------------------------------    -------------------

                         (clock ap_clk rise edge)     0.000     0.000 r  
                                                      0.000     0.000 r  ap_clk (IN)
                         net (fo=2533, unset)         0.432     0.432    bd_0_i/hls_inst/inst/regslice_both_input_r_V_data_V_U/ap_clk
    SLICE_X40Y6          FDRE                                         r  bd_0_i/hls_inst/inst/regslice_both_input_r_V_data_V_U/B_V_data_1_payload_A_reg[10]/C

Slack:                    inf
  Source:                 input_r_tdata[11]
                            (input port)
  Destination:            bd_0_i/hls_inst/inst/regslice_both_input_r_V_data_V_U/B_V_data_1_payload_A_reg[11]/D
                            (rising edge-triggered cell FDRE clocked by ap_clk  {rise@0.000ns fall@5.000ns period=10.000ns})
  Path Group:             (none)
  Path Type:              Hold (Min at Fast Process Corner)
  Data Path Delay:        0.410ns  (logic 0.000ns (0.000%)  route 0.410ns (100.000%))
  Logic Levels:           0  
  Clock Path Skew:        0.432ns (DCD - SCD - CPR)
    Destination Clock Delay (DCD):    0.432ns
    Source Clock Delay      (SCD):    0.000ns
    Clock Pessimism Removal (CPR):    -0.000ns

    Location             Delay type                Incr(ns)  Path(ns)    Netlist Resource(s)
  -------------------------------------------------------------------    -------------------
                                                      0.000     0.000 r  input_r_tdata[11] (IN)
                         net (fo=1, unset)            0.410     0.410    bd_0_i/hls_inst/inst/regslice_both_input_r_V_data_V_U/input_r_TDATA[11]
    SLICE_X38Y7          FDRE                                         r  bd_0_i/hls_inst/inst/regslice_both_input_r_V_data_V_U/B_V_data_1_payload_A_reg[11]/D
  -------------------------------------------------------------------    -------------------

                         (clock ap_clk rise edge)     0.000     0.000 r  
                                                      0.000     0.000 r  ap_clk (IN)
                         net (fo=2533, unset)         0.432     0.432    bd_0_i/hls_inst/inst/regslice_both_input_r_V_data_V_U/ap_clk
    SLICE_X38Y7          FDRE                                         r  bd_0_i/hls_inst/inst/regslice_both_input_r_V_data_V_U/B_V_data_1_payload_A_reg[11]/C

Slack:                    inf
  Source:                 input_r_tdata[12]
                            (input port)
  Destination:            bd_0_i/hls_inst/inst/regslice_both_input_r_V_data_V_U/B_V_data_1_payload_A_reg[12]/D
                            (rising edge-triggered cell FDRE clocked by ap_clk  {rise@0.000ns fall@5.000ns period=10.000ns})
  Path Group:             (none)
  Path Type:              Hold (Min at Fast Process Corner)
  Data Path Delay:        0.410ns  (logic 0.000ns (0.000%)  route 0.410ns (100.000%))
  Logic Levels:           0  
  Clock Path Skew:        0.432ns (DCD - SCD - CPR)
    Destination Clock Delay (DCD):    0.432ns
    Source Clock Delay      (SCD):    0.000ns
    Clock Pessimism Removal (CPR):    -0.000ns

    Location             Delay type                Incr(ns)  Path(ns)    Netlist Resource(s)
  -------------------------------------------------------------------    -------------------
                                                      0.000     0.000 r  input_r_tdata[12] (IN)
                         net (fo=1, unset)            0.410     0.410    bd_0_i/hls_inst/inst/regslice_both_input_r_V_data_V_U/input_r_TDATA[12]
    SLICE_X41Y10         FDRE                                         r  bd_0_i/hls_inst/inst/regslice_both_input_r_V_data_V_U/B_V_data_1_payload_A_reg[12]/D
  -------------------------------------------------------------------    -------------------

                         (clock ap_clk rise edge)     0.000     0.000 r  
                                                      0.000     0.000 r  ap_clk (IN)
                         net (fo=2533, unset)         0.432     0.432    bd_0_i/hls_inst/inst/regslice_both_input_r_V_data_V_U/ap_clk
    SLICE_X41Y10         FDRE                                         r  bd_0_i/hls_inst/inst/regslice_both_input_r_V_data_V_U/B_V_data_1_payload_A_reg[12]/C

Slack:                    inf
  Source:                 input_r_tdata[13]
                            (input port)
  Destination:            bd_0_i/hls_inst/inst/regslice_both_input_r_V_data_V_U/B_V_data_1_payload_A_reg[13]/D
                            (rising edge-triggered cell FDRE clocked by ap_clk  {rise@0.000ns fall@5.000ns period=10.000ns})
  Path Group:             (none)
  Path Type:              Hold (Min at Fast Process Corner)
  Data Path Delay:        0.410ns  (logic 0.000ns (0.000%)  route 0.410ns (100.000%))
  Logic Levels:           0  
  Clock Path Skew:        0.432ns (DCD - SCD - CPR)
    Destination Clock Delay (DCD):    0.432ns
    Source Clock Delay      (SCD):    0.000ns
    Clock Pessimism Removal (CPR):    -0.000ns

    Location             Delay type                Incr(ns)  Path(ns)    Netlist Resource(s)
  -------------------------------------------------------------------    -------------------
                                                      0.000     0.000 r  input_r_tdata[13] (IN)
                         net (fo=1, unset)            0.410     0.410    bd_0_i/hls_inst/inst/regslice_both_input_r_V_data_V_U/input_r_TDATA[13]
    SLICE_X41Y10         FDRE                                         r  bd_0_i/hls_inst/inst/regslice_both_input_r_V_data_V_U/B_V_data_1_payload_A_reg[13]/D
  -------------------------------------------------------------------    -------------------

                         (clock ap_clk rise edge)     0.000     0.000 r  
                                                      0.000     0.000 r  ap_clk (IN)
                         net (fo=2533, unset)         0.432     0.432    bd_0_i/hls_inst/inst/regslice_both_input_r_V_data_V_U/ap_clk
    SLICE_X41Y10         FDRE                                         r  bd_0_i/hls_inst/inst/regslice_both_input_r_V_data_V_U/B_V_data_1_payload_A_reg[13]/C

Slack:                    inf
  Source:                 input_r_tdata[14]
                            (input port)
  Destination:            bd_0_i/hls_inst/inst/regslice_both_input_r_V_data_V_U/B_V_data_1_payload_A_reg[14]/D
                            (rising edge-triggered cell FDRE clocked by ap_clk  {rise@0.000ns fall@5.000ns period=10.000ns})
  Path Group:             (none)
  Path Type:              Hold (Min at Fast Process Corner)
  Data Path Delay:        0.410ns  (logic 0.000ns (0.000%)  route 0.410ns (100.000%))
  Logic Levels:           0  
  Clock Path Skew:        0.432ns (DCD - SCD - CPR)
    Destination Clock Delay (DCD):    0.432ns
    Source Clock Delay      (SCD):    0.000ns
    Clock Pessimism Removal (CPR):    -0.000ns

    Location             Delay type                Incr(ns)  Path(ns)    Netlist Resource(s)
  -------------------------------------------------------------------    -------------------
                                                      0.000     0.000 r  input_r_tdata[14] (IN)
                         net (fo=1, unset)            0.410     0.410    bd_0_i/hls_inst/inst/regslice_both_input_r_V_data_V_U/input_r_TDATA[14]
    SLICE_X44Y8          FDRE                                         r  bd_0_i/hls_inst/inst/regslice_both_input_r_V_data_V_U/B_V_data_1_payload_A_reg[14]/D
  -------------------------------------------------------------------    -------------------

                         (clock ap_clk rise edge)     0.000     0.000 r  
                                                      0.000     0.000 r  ap_clk (IN)
                         net (fo=2533, unset)         0.432     0.432    bd_0_i/hls_inst/inst/regslice_both_input_r_V_data_V_U/ap_clk
    SLICE_X44Y8          FDRE                                         r  bd_0_i/hls_inst/inst/regslice_both_input_r_V_data_V_U/B_V_data_1_payload_A_reg[14]/C

Slack:                    inf
  Source:                 input_r_tdata[15]
                            (input port)
  Destination:            bd_0_i/hls_inst/inst/regslice_both_input_r_V_data_V_U/B_V_data_1_payload_A_reg[15]/D
                            (rising edge-triggered cell FDRE clocked by ap_clk  {rise@0.000ns fall@5.000ns period=10.000ns})
  Path Group:             (none)
  Path Type:              Hold (Min at Fast Process Corner)
  Data Path Delay:        0.410ns  (logic 0.000ns (0.000%)  route 0.410ns (100.000%))
  Logic Levels:           0  
  Clock Path Skew:        0.432ns (DCD - SCD - CPR)
    Destination Clock Delay (DCD):    0.432ns
    Source Clock Delay      (SCD):    0.000ns
    Clock Pessimism Removal (CPR):    -0.000ns

    Location             Delay type                Incr(ns)  Path(ns)    Netlist Resource(s)
  -------------------------------------------------------------------    -------------------
                                                      0.000     0.000 r  input_r_tdata[15] (IN)
                         net (fo=1, unset)            0.410     0.410    bd_0_i/hls_inst/inst/regslice_both_input_r_V_data_V_U/input_r_TDATA[15]
    SLICE_X41Y10         FDRE                                         r  bd_0_i/hls_inst/inst/regslice_both_input_r_V_data_V_U/B_V_data_1_payload_A_reg[15]/D
  -------------------------------------------------------------------    -------------------

                         (clock ap_clk rise edge)     0.000     0.000 r  
                                                      0.000     0.000 r  ap_clk (IN)
                         net (fo=2533, unset)         0.432     0.432    bd_0_i/hls_inst/inst/regslice_both_input_r_V_data_V_U/ap_clk
    SLICE_X41Y10         FDRE                                         r  bd_0_i/hls_inst/inst/regslice_both_input_r_V_data_V_U/B_V_data_1_payload_A_reg[15]/C

Slack:                    inf
  Source:                 input_r_tdata[16]
                            (input port)
  Destination:            bd_0_i/hls_inst/inst/regslice_both_input_r_V_data_V_U/B_V_data_1_payload_A_reg[16]/D
                            (rising edge-triggered cell FDRE clocked by ap_clk  {rise@0.000ns fall@5.000ns period=10.000ns})
  Path Group:             (none)
  Path Type:              Hold (Min at Fast Process Corner)
  Data Path Delay:        0.410ns  (logic 0.000ns (0.000%)  route 0.410ns (100.000%))
  Logic Levels:           0  
  Clock Path Skew:        0.432ns (DCD - SCD - CPR)
    Destination Clock Delay (DCD):    0.432ns
    Source Clock Delay      (SCD):    0.000ns
    Clock Pessimism Removal (CPR):    -0.000ns

    Location             Delay type                Incr(ns)  Path(ns)    Netlist Resource(s)
  -------------------------------------------------------------------    -------------------
                                                      0.000     0.000 r  input_r_tdata[16] (IN)
                         net (fo=1, unset)            0.410     0.410    bd_0_i/hls_inst/inst/regslice_both_input_r_V_data_V_U/input_r_TDATA[16]
    SLICE_X41Y10         FDRE                                         r  bd_0_i/hls_inst/inst/regslice_both_input_r_V_data_V_U/B_V_data_1_payload_A_reg[16]/D
  -------------------------------------------------------------------    -------------------

                         (clock ap_clk rise edge)     0.000     0.000 r  
                                                      0.000     0.000 r  ap_clk (IN)
                         net (fo=2533, unset)         0.432     0.432    bd_0_i/hls_inst/inst/regslice_both_input_r_V_data_V_U/ap_clk
    SLICE_X41Y10         FDRE                                         r  bd_0_i/hls_inst/inst/regslice_both_input_r_V_data_V_U/B_V_data_1_payload_A_reg[16]/C

Slack:                    inf
  Source:                 input_r_tdata[17]
                            (input port)
  Destination:            bd_0_i/hls_inst/inst/regslice_both_input_r_V_data_V_U/B_V_data_1_payload_A_reg[17]/D
                            (rising edge-triggered cell FDRE clocked by ap_clk  {rise@0.000ns fall@5.000ns period=10.000ns})
  Path Group:             (none)
  Path Type:              Hold (Min at Fast Process Corner)
  Data Path Delay:        0.410ns  (logic 0.000ns (0.000%)  route 0.410ns (100.000%))
  Logic Levels:           0  
  Clock Path Skew:        0.432ns (DCD - SCD - CPR)
    Destination Clock Delay (DCD):    0.432ns
    Source Clock Delay      (SCD):    0.000ns
    Clock Pessimism Removal (CPR):    -0.000ns

    Location             Delay type                Incr(ns)  Path(ns)    Netlist Resource(s)
  -------------------------------------------------------------------    -------------------
                                                      0.000     0.000 r  input_r_tdata[17] (IN)
                         net (fo=1, unset)            0.410     0.410    bd_0_i/hls_inst/inst/regslice_both_input_r_V_data_V_U/input_r_TDATA[17]
    SLICE_X35Y2          FDRE                                         r  bd_0_i/hls_inst/inst/regslice_both_input_r_V_data_V_U/B_V_data_1_payload_A_reg[17]/D
  -------------------------------------------------------------------    -------------------

                         (clock ap_clk rise edge)     0.000     0.000 r  
                                                      0.000     0.000 r  ap_clk (IN)
                         net (fo=2533, unset)         0.432     0.432    bd_0_i/hls_inst/inst/regslice_both_input_r_V_data_V_U/ap_clk
    SLICE_X35Y2          FDRE                                         r  bd_0_i/hls_inst/inst/regslice_both_input_r_V_data_V_U/B_V_data_1_payload_A_reg[17]/C

Slack:                    inf
  Source:                 input_r_tdata[18]
                            (input port)
  Destination:            bd_0_i/hls_inst/inst/regslice_both_input_r_V_data_V_U/B_V_data_1_payload_A_reg[18]/D
                            (rising edge-triggered cell FDRE clocked by ap_clk  {rise@0.000ns fall@5.000ns period=10.000ns})
  Path Group:             (none)
  Path Type:              Hold (Min at Fast Process Corner)
  Data Path Delay:        0.410ns  (logic 0.000ns (0.000%)  route 0.410ns (100.000%))
  Logic Levels:           0  
  Clock Path Skew:        0.432ns (DCD - SCD - CPR)
    Destination Clock Delay (DCD):    0.432ns
    Source Clock Delay      (SCD):    0.000ns
    Clock Pessimism Removal (CPR):    -0.000ns

    Location             Delay type                Incr(ns)  Path(ns)    Netlist Resource(s)
  -------------------------------------------------------------------    -------------------
                                                      0.000     0.000 r  input_r_tdata[18] (IN)
                         net (fo=1, unset)            0.410     0.410    bd_0_i/hls_inst/inst/regslice_both_input_r_V_data_V_U/input_r_TDATA[18]
    SLICE_X37Y1          FDRE                                         r  bd_0_i/hls_inst/inst/regslice_both_input_r_V_data_V_U/B_V_data_1_payload_A_reg[18]/D
  -------------------------------------------------------------------    -------------------

                         (clock ap_clk rise edge)     0.000     0.000 r  
                                                      0.000     0.000 r  ap_clk (IN)
                         net (fo=2533, unset)         0.432     0.432    bd_0_i/hls_inst/inst/regslice_both_input_r_V_data_V_U/ap_clk
    SLICE_X37Y1          FDRE                                         r  bd_0_i/hls_inst/inst/regslice_both_input_r_V_data_V_U/B_V_data_1_payload_A_reg[18]/C





