

================================================================
== Vitis HLS Report for 'low_pass_filter_second'
================================================================
* Date:           Sat Sep 26 05:34:25 2026

* Version:        2022.1 (Build 3526262 on Mon Apr 18 15:48:16 MDT 2022)
* Project:        low_pass_filter_second
* Solution:       solution1 (Vivado IP Flow Target)
* Product family: zynq
* Target device:  xc7z020-clg400-1


================================================================
== Performance Estimates
================================================================
+ Timing: 
    * Summary: 
    +--------+----------+----------+------------+
    |  Clock |  Target  | Estimated| Uncertainty|
    +--------+----------+----------+------------+
    |ap_clk  |  10.00 ns|  6.912 ns|     2.70 ns|
    +--------+----------+----------+------------+

+ Latency: 
    * Summary: 
    +---------+---------+----------+----------+-----+-----+---------+
    |  Latency (cycles) |  Latency (absolute) |  Interval | Pipeline|
    |   min   |   max   |    min   |    max   | min | max |   Type  |
    +---------+---------+----------+----------+-----+-----+---------+
    |       14|       14|  0.140 us|  0.140 us|   15|   15|       no|
    +---------+---------+----------+----------+-----+-----+---------+

    + Detail: 
        * Instance: 
        N/A

        * Loop: 
        N/A

============================================================
+ Verbose Summary: Synthesis Manager
============================================================
InlineROM: 1
ExposeGlobal: 0
============================================================
+ Verbose Summary: CDFG Model
============================================================
IsTopModel: 1
ResetActiveHigh: 1
IsCombinational: 0
IsDatapathOnly: 0
HasWiredReturn: 1
HasMFsm: 0
HasVarLatency: 1
IsPipeline: 0
IsRtlPipelined: 0
IsInstanceOverlapped: 0
IsDontTouch: 0
HasImplIP: 0
IsGatedGlobalClock: 0


============================================================
+ Verbose Summary: Schedule
============================================================
* Number of FSM states : 15
* Pipeline : 0
* Dataflow Pipeline: 0

* FSM state transitions: 
1 --> 2 
2 --> 3 
3 --> 4 
4 --> 5 
5 --> 6 
6 --> 7 
7 --> 8 
8 --> 9 
9 --> 10 
10 --> 11 
11 --> 12 
12 --> 13 
13 --> 14 
14 --> 15 
15 --> 

* FSM state operations: 

State 1 <SV = 0> <Delay = 3.15>
ST_1 : Operation 16 [1/1] (0.00ns)   --->   "%spectopmodule_ln17 = spectopmodule void @_ssdm_op_SpecTopModule, void @empty_0" [low_pass_filter_second.cpp:17]   --->   Operation 16 'spectopmodule' 'spectopmodule_ln17' <Predicate = true> <Delay = 0.00>
ST_1 : Operation 17 [1/1] (0.00ns)   --->   "%specinterface_ln17 = specinterface void @_ssdm_op_SpecInterface, i32 0, void @empty_3, i32 0, i32 0, void @empty_2, i32 0, i32 0, void @empty_2, void @empty_2, void @empty_2, i32 0, i32 0, i32 0, i32 0, void @empty_2, void @empty_2, i32 4294967295, i32 0" [low_pass_filter_second.cpp:17]   --->   Operation 17 'specinterface' 'specinterface_ln17' <Predicate = true> <Delay = 0.00>
ST_1 : Operation 18 [1/1] (0.00ns)   --->   "%specinterface_ln0 = specinterface void @_ssdm_op_SpecInterface, i32 %input_r_V_data_V, i4 %input_r_V_keep_V, i4 %input_r_V_strb_V, i1 %input_r_V_last_V, void @empty, i32 1, i32 1, void @empty_1, i32 0, i32 0, void @empty_2, void @empty_2, void @empty_2, i32 0, i32 0, i32 0, i32 0, void @empty_2, void @empty_2, i32 4294967295, i32 0"   --->   Operation 18 'specinterface' 'specinterface_ln0' <Predicate = true> <Delay = 0.00>
ST_1 : Operation 19 [1/1] (0.00ns)   --->   "%specbitsmap_ln0 = specbitsmap void @_ssdm_op_SpecBitsMap, i32 %input_r_V_data_V"   --->   Operation 19 'specbitsmap' 'specbitsmap_ln0' <Predicate = true> <Delay = 0.00>
ST_1 : Operation 20 [1/1] (0.00ns)   --->   "%specbitsmap_ln0 = specbitsmap void @_ssdm_op_SpecBitsMap, i4 %input_r_V_keep_V"   --->   Operation 20 'specbitsmap' 'specbitsmap_ln0' <Predicate = true> <Delay = 0.00>
ST_1 : Operation 21 [1/1] (0.00ns)   --->   "%specbitsmap_ln0 = specbitsmap void @_ssdm_op_SpecBitsMap, i4 %input_r_V_strb_V"   --->   Operation 21 'specbitsmap' 'specbitsmap_ln0' <Predicate = true> <Delay = 0.00>
ST_1 : Operation 22 [1/1] (0.00ns)   --->   "%specbitsmap_ln0 = specbitsmap void @_ssdm_op_SpecBitsMap, i1 %input_r_V_last_V"   --->   Operation 22 'specbitsmap' 'specbitsmap_ln0' <Predicate = true> <Delay = 0.00>
ST_1 : Operation 23 [1/1] (0.00ns)   --->   "%specinterface_ln0 = specinterface void @_ssdm_op_SpecInterface, i16 %output_r_V_data_V, i2 %output_r_V_keep_V, i2 %output_r_V_strb_V, i1 %output_r_V_last_V, void @empty, i32 1, i32 1, void @empty_1, i32 0, i32 0, void @empty_2, void @empty_2, void @empty_2, i32 0, i32 0, i32 0, i32 0, void @empty_2, void @empty_2, i32 4294967295, i32 0"   --->   Operation 23 'specinterface' 'specinterface_ln0' <Predicate = true> <Delay = 0.00>
ST_1 : Operation 24 [1/1] (0.00ns)   --->   "%specbitsmap_ln0 = specbitsmap void @_ssdm_op_SpecBitsMap, i16 %output_r_V_data_V"   --->   Operation 24 'specbitsmap' 'specbitsmap_ln0' <Predicate = true> <Delay = 0.00>
ST_1 : Operation 25 [1/1] (0.00ns)   --->   "%specbitsmap_ln0 = specbitsmap void @_ssdm_op_SpecBitsMap, i2 %output_r_V_keep_V"   --->   Operation 25 'specbitsmap' 'specbitsmap_ln0' <Predicate = true> <Delay = 0.00>
ST_1 : Operation 26 [1/1] (0.00ns)   --->   "%specbitsmap_ln0 = specbitsmap void @_ssdm_op_SpecBitsMap, i2 %output_r_V_strb_V"   --->   Operation 26 'specbitsmap' 'specbitsmap_ln0' <Predicate = true> <Delay = 0.00>
ST_1 : Operation 27 [1/1] (0.00ns)   --->   "%specbitsmap_ln0 = specbitsmap void @_ssdm_op_SpecBitsMap, i1 %output_r_V_last_V"   --->   Operation 27 'specbitsmap' 'specbitsmap_ln0' <Predicate = true> <Delay = 0.00>
ST_1 : Operation 28 [1/1] (0.00ns)   --->   "%empty = read i41 @_ssdm_op_Read.axis.volatile.i32P0A.i4P0A.i4P0A.i1P0A, i32 %input_r_V_data_V, i4 %input_r_V_keep_V, i4 %input_r_V_strb_V, i1 %input_r_V_last_V"   --->   Operation 28 'read' 'empty' <Predicate = true> <Delay = 0.00> <CoreInst = "axis">   --->   Core 115 'axis' <Latency = 0> <II = 1> <Delay = 1.00> <Adapter> <Opcode : >
ST_1 : Operation 29 [1/1] (0.00ns)   --->   "%tmp_data_V_1 = extractvalue i41 %empty"   --->   Operation 29 'extractvalue' 'tmp_data_V_1' <Predicate = true> <Delay = 0.00>
ST_1 : Operation 30 [1/1] (0.00ns)   --->   "%tmp_last_V = extractvalue i41 %empty"   --->   Operation 30 'extractvalue' 'tmp_last_V' <Predicate = true> <Delay = 0.00>
ST_1 : Operation 31 [1/1] (0.00ns)   --->   "%count_V_load = load i2 %count_V"   --->   Operation 31 'load' 'count_V_load' <Predicate = true> <Delay = 0.00>
ST_1 : Operation 32 [1/1] (1.56ns)   --->   "%sub_i_i226 = sub i2 1, i2 %count_V_load"   --->   Operation 32 'sub' 'sub_i_i226' <Predicate = true> <Delay = 1.56> <CoreInst = "Adder">   --->   Core 1 'Adder' <Latency = 0> <II = 1> <Delay = 1.56> <FuncUnit> <Opcode : 'add' 'sub'> <InPorts = 2> <OutPorts = 1>
ST_1 : Operation 33 [1/1] (0.00ns)   --->   "%sext_ln39 = sext i2 %sub_i_i226" [low_pass_filter_second.cpp:39]   --->   Operation 33 'sext' 'sext_ln39' <Predicate = true> <Delay = 0.00>
ST_1 : Operation 34 [1/1] (0.00ns)   --->   "%p_ZZ22low_pass_filter_secondRN3hls6streamINS_4axisI8ap_fixedILi32ELi10EL9ap_q_mod_44 = load i32 %p_ZZ22low_pass_filter_secondRN3hls6streamINS_4axisI8ap_fixedILi32ELi10EL9ap_q_mod_30" [low_pass_filter_second.cpp:39]   --->   Operation 34 'load' 'p_ZZ22low_pass_filter_secondRN3hls6streamINS_4axisI8ap_fixedILi32ELi10EL9ap_q_mod_44' <Predicate = true> <Delay = 0.00>
ST_1 : Operation 35 [1/1] (0.00ns)   --->   "%p_ZZ22low_pass_filter_secondRN3hls6streamINS_4axisI8ap_fixedILi32ELi10EL9ap_q_mod_45 = load i32 %p_ZZ22low_pass_filter_secondRN3hls6streamINS_4axisI8ap_fixedILi32ELi10EL9ap_q_mod_8" [low_pass_filter_second.cpp:39]   --->   Operation 35 'load' 'p_ZZ22low_pass_filter_secondRN3hls6streamINS_4axisI8ap_fixedILi32ELi10EL9ap_q_mod_45' <Predicate = true> <Delay = 0.00>
ST_1 : Operation 36 [1/1] (1.58ns)   --->   "%tmp = mux i32 @_ssdm_op_Mux.ap_auto.2i32.i33, i32 %p_ZZ22low_pass_filter_secondRN3hls6streamINS_4axisI8ap_fixedILi32ELi10EL9ap_q_mod_44, i32 %p_ZZ22low_pass_filter_secondRN3hls6streamINS_4axisI8ap_fixedILi32ELi10EL9ap_q_mod_45, i33 %sext_ln39" [low_pass_filter_second.cpp:39]   --->   Operation 36 'mux' 'tmp' <Predicate = true> <Delay = 1.58> <CoreInst = "Multiplexer">   --->   Core 76 'Multiplexer' <Latency = 0> <II = 1> <Delay = 1.58> <FuncUnit> <Opcode : 'mux'> <InPorts = 2> <OutPorts = 1>
ST_1 : Operation 37 [1/1] (0.00ns)   --->   "%trunc_ln39 = trunc i2 %sub_i_i226" [low_pass_filter_second.cpp:39]   --->   Operation 37 'trunc' 'trunc_ln39' <Predicate = true> <Delay = 0.00>
ST_1 : Operation 38 [1/1] (0.00ns)   --->   "%p_ZZ22low_pass_filter_secondRN3hls6streamINS_4axisI8ap_fixedILi32ELi10EL9ap_q_mod_46 = load i32 %p_ZZ22low_pass_filter_secondRN3hls6streamINS_4axisI8ap_fixedILi32ELi10EL9ap_q_mod_32" [low_pass_filter_second.cpp:39]   --->   Operation 38 'load' 'p_ZZ22low_pass_filter_secondRN3hls6streamINS_4axisI8ap_fixedILi32ELi10EL9ap_q_mod_46' <Predicate = true> <Delay = 0.00>
ST_1 : Operation 39 [1/1] (0.00ns)   --->   "%p_ZZ22low_pass_filter_secondRN3hls6streamINS_4axisI8ap_fixedILi32ELi10EL9ap_q_mod_47 = load i32 %p_ZZ22low_pass_filter_secondRN3hls6streamINS_4axisI8ap_fixedILi32ELi10EL9ap_q_mod_10" [low_pass_filter_second.cpp:39]   --->   Operation 39 'load' 'p_ZZ22low_pass_filter_secondRN3hls6streamINS_4axisI8ap_fixedILi32ELi10EL9ap_q_mod_47' <Predicate = true> <Delay = 0.00>
ST_1 : Operation 40 [1/1] (0.00ns)   --->   "%p_ZZ22low_pass_filter_secondRN3hls6streamINS_4axisI8ap_fixedILi32ELi10EL9ap_q_mod_48 = load i32 %p_ZZ22low_pass_filter_secondRN3hls6streamINS_4axisI8ap_fixedILi32ELi10EL9ap_q_mod_33" [low_pass_filter_second.cpp:39]   --->   Operation 40 'load' 'p_ZZ22low_pass_filter_secondRN3hls6streamINS_4axisI8ap_fixedILi32ELi10EL9ap_q_mod_48' <Predicate = true> <Delay = 0.00>
ST_1 : Operation 41 [1/1] (0.00ns)   --->   "%p_ZZ22low_pass_filter_secondRN3hls6streamINS_4axisI8ap_fixedILi32ELi10EL9ap_q_mod_49 = load i32 %p_ZZ22low_pass_filter_secondRN3hls6streamINS_4axisI8ap_fixedILi32ELi10EL9ap_q_mod_11" [low_pass_filter_second.cpp:39]   --->   Operation 41 'load' 'p_ZZ22low_pass_filter_secondRN3hls6streamINS_4axisI8ap_fixedILi32ELi10EL9ap_q_mod_49' <Predicate = true> <Delay = 0.00>
ST_1 : Operation 42 [1/1] (0.00ns)   --->   "%p_ZZ22low_pass_filter_secondRN3hls6streamINS_4axisI8ap_fixedILi32ELi10EL9ap_q_mod_50 = load i32 %p_ZZ22low_pass_filter_secondRN3hls6streamINS_4axisI8ap_fixedILi32ELi10EL9ap_q_mod_34" [low_pass_filter_second.cpp:39]   --->   Operation 42 'load' 'p_ZZ22low_pass_filter_secondRN3hls6streamINS_4axisI8ap_fixedILi32ELi10EL9ap_q_mod_50' <Predicate = true> <Delay = 0.00>
ST_1 : Operation 43 [1/1] (0.00ns)   --->   "%p_ZZ22low_pass_filter_secondRN3hls6streamINS_4axisI8ap_fixedILi32ELi10EL9ap_q_mod_51 = load i32 %p_ZZ22low_pass_filter_secondRN3hls6streamINS_4axisI8ap_fixedILi32ELi10EL9ap_q_mod_12" [low_pass_filter_second.cpp:39]   --->   Operation 43 'load' 'p_ZZ22low_pass_filter_secondRN3hls6streamINS_4axisI8ap_fixedILi32ELi10EL9ap_q_mod_51' <Predicate = true> <Delay = 0.00>
ST_1 : Operation 44 [1/1] (0.00ns)   --->   "%p_ZZ22low_pass_filter_secondRN3hls6streamINS_4axisI8ap_fixedILi32ELi10EL9ap_q_mod_52 = load i32 %p_ZZ22low_pass_filter_secondRN3hls6streamINS_4axisI8ap_fixedILi32ELi10EL9ap_q_mod_35" [low_pass_filter_second.cpp:39]   --->   Operation 44 'load' 'p_ZZ22low_pass_filter_secondRN3hls6streamINS_4axisI8ap_fixedILi32ELi10EL9ap_q_mod_52' <Predicate = true> <Delay = 0.00>
ST_1 : Operation 45 [1/1] (0.00ns)   --->   "%p_ZZ22low_pass_filter_secondRN3hls6streamINS_4axisI8ap_fixedILi32ELi10EL9ap_q_mod_53 = load i32 %p_ZZ22low_pass_filter_secondRN3hls6streamINS_4axisI8ap_fixedILi32ELi10EL9ap_q_mod_13" [low_pass_filter_second.cpp:39]   --->   Operation 45 'load' 'p_ZZ22low_pass_filter_secondRN3hls6streamINS_4axisI8ap_fixedILi32ELi10EL9ap_q_mod_53' <Predicate = true> <Delay = 0.00>
ST_1 : Operation 46 [1/1] (0.00ns)   --->   "%p_ZZ22low_pass_filter_secondRN3hls6streamINS_4axisI8ap_fixedILi32ELi10EL9ap_q_mod_54 = load i32 %p_ZZ22low_pass_filter_secondRN3hls6streamINS_4axisI8ap_fixedILi32ELi10EL9ap_q_mod_36" [low_pass_filter_second.cpp:39]   --->   Operation 46 'load' 'p_ZZ22low_pass_filter_secondRN3hls6streamINS_4axisI8ap_fixedILi32ELi10EL9ap_q_mod_54' <Predicate = true> <Delay = 0.00>
ST_1 : Operation 47 [1/1] (0.00ns)   --->   "%p_ZZ22low_pass_filter_secondRN3hls6streamINS_4axisI8ap_fixedILi32ELi10EL9ap_q_mod_55 = load i32 %p_ZZ22low_pass_filter_secondRN3hls6streamINS_4axisI8ap_fixedILi32ELi10EL9ap_q_mod_14" [low_pass_filter_second.cpp:39]   --->   Operation 47 'load' 'p_ZZ22low_pass_filter_secondRN3hls6streamINS_4axisI8ap_fixedILi32ELi10EL9ap_q_mod_55' <Predicate = true> <Delay = 0.00>
ST_1 : Operation 48 [1/1] (0.00ns)   --->   "%p_ZZ22low_pass_filter_secondRN3hls6streamINS_4axisI8ap_fixedILi32ELi10EL9ap_q_mod_56 = load i32 %p_ZZ22low_pass_filter_secondRN3hls6streamINS_4axisI8ap_fixedILi32ELi10EL9ap_q_mod_37" [low_pass_filter_second.cpp:39]   --->   Operation 48 'load' 'p_ZZ22low_pass_filter_secondRN3hls6streamINS_4axisI8ap_fixedILi32ELi10EL9ap_q_mod_56' <Predicate = true> <Delay = 0.00>
ST_1 : Operation 49 [1/1] (0.00ns)   --->   "%p_ZZ22low_pass_filter_secondRN3hls6streamINS_4axisI8ap_fixedILi32ELi10EL9ap_q_mod_57 = load i32 %p_ZZ22low_pass_filter_secondRN3hls6streamINS_4axisI8ap_fixedILi32ELi10EL9ap_q_mod_15" [low_pass_filter_second.cpp:39]   --->   Operation 49 'load' 'p_ZZ22low_pass_filter_secondRN3hls6streamINS_4axisI8ap_fixedILi32ELi10EL9ap_q_mod_57' <Predicate = true> <Delay = 0.00>
ST_1 : Operation 50 [1/1] (0.00ns)   --->   "%p_ZZ22low_pass_filter_secondRN3hls6streamINS_4axisI8ap_fixedILi32ELi10EL9ap_q_mod_58 = load i32 %p_ZZ22low_pass_filter_secondRN3hls6streamINS_4axisI8ap_fixedILi32ELi10EL9ap_q_mod_38" [low_pass_filter_second.cpp:39]   --->   Operation 50 'load' 'p_ZZ22low_pass_filter_secondRN3hls6streamINS_4axisI8ap_fixedILi32ELi10EL9ap_q_mod_58' <Predicate = true> <Delay = 0.00>
ST_1 : Operation 51 [1/1] (0.00ns)   --->   "%p_ZZ22low_pass_filter_secondRN3hls6streamINS_4axisI8ap_fixedILi32ELi10EL9ap_q_mod_59 = load i32 %p_ZZ22low_pass_filter_secondRN3hls6streamINS_4axisI8ap_fixedILi32ELi10EL9ap_q_mod_16" [low_pass_filter_second.cpp:39]   --->   Operation 51 'load' 'p_ZZ22low_pass_filter_secondRN3hls6streamINS_4axisI8ap_fixedILi32ELi10EL9ap_q_mod_59' <Predicate = true> <Delay = 0.00>
ST_1 : Operation 52 [1/1] (0.00ns)   --->   "%p_ZZ22low_pass_filter_secondRN3hls6streamINS_4axisI8ap_fixedILi32ELi10EL9ap_q_mod_60 = load i32 %p_ZZ22low_pass_filter_secondRN3hls6streamINS_4axisI8ap_fixedILi32ELi10EL9ap_q_mod_39" [low_pass_filter_second.cpp:39]   --->   Operation 52 'load' 'p_ZZ22low_pass_filter_secondRN3hls6streamINS_4axisI8ap_fixedILi32ELi10EL9ap_q_mod_60' <Predicate = true> <Delay = 0.00>
ST_1 : Operation 53 [1/1] (0.00ns)   --->   "%p_ZZ22low_pass_filter_secondRN3hls6streamINS_4axisI8ap_fixedILi32ELi10EL9ap_q_mod_61 = load i32 %p_ZZ22low_pass_filter_secondRN3hls6streamINS_4axisI8ap_fixedILi32ELi10EL9ap_q_mod_17" [low_pass_filter_second.cpp:39]   --->   Operation 53 'load' 'p_ZZ22low_pass_filter_secondRN3hls6streamINS_4axisI8ap_fixedILi32ELi10EL9ap_q_mod_61' <Predicate = true> <Delay = 0.00>
ST_1 : Operation 54 [1/1] (0.00ns)   --->   "%p_ZZ22low_pass_filter_secondRN3hls6streamINS_4axisI8ap_fixedILi32ELi10EL9ap_q_mod_62 = load i32 %p_ZZ22low_pass_filter_secondRN3hls6streamINS_4axisI8ap_fixedILi32ELi10EL9ap_q_mod_40" [low_pass_filter_second.cpp:39]   --->   Operation 54 'load' 'p_ZZ22low_pass_filter_secondRN3hls6streamINS_4axisI8ap_fixedILi32ELi10EL9ap_q_mod_62' <Predicate = true> <Delay = 0.00>
ST_1 : Operation 55 [1/1] (0.00ns)   --->   "%p_ZZ22low_pass_filter_secondRN3hls6streamINS_4axisI8ap_fixedILi32ELi10EL9ap_q_mod_63 = load i32 %p_ZZ22low_pass_filter_secondRN3hls6streamINS_4axisI8ap_fixedILi32ELi10EL9ap_q_mod_18" [low_pass_filter_second.cpp:39]   --->   Operation 55 'load' 'p_ZZ22low_pass_filter_secondRN3hls6streamINS_4axisI8ap_fixedILi32ELi10EL9ap_q_mod_63' <Predicate = true> <Delay = 0.00>
ST_1 : Operation 56 [1/1] (0.00ns)   --->   "%p_ZZ22low_pass_filter_secondRN3hls6streamINS_4axisI8ap_fixedILi32ELi10EL9ap_q_mod_64 = load i32 %p_ZZ22low_pass_filter_secondRN3hls6streamINS_4axisI8ap_fixedILi32ELi10EL9ap_q_mod_41" [low_pass_filter_second.cpp:39]   --->   Operation 56 'load' 'p_ZZ22low_pass_filter_secondRN3hls6streamINS_4axisI8ap_fixedILi32ELi10EL9ap_q_mod_64' <Predicate = true> <Delay = 0.00>
ST_1 : Operation 57 [1/1] (0.00ns)   --->   "%p_ZZ22low_pass_filter_secondRN3hls6streamINS_4axisI8ap_fixedILi32ELi10EL9ap_q_mod_65 = load i32 %p_ZZ22low_pass_filter_secondRN3hls6streamINS_4axisI8ap_fixedILi32ELi10EL9ap_q_mod_19" [low_pass_filter_second.cpp:39]   --->   Operation 57 'load' 'p_ZZ22low_pass_filter_secondRN3hls6streamINS_4axisI8ap_fixedILi32ELi10EL9ap_q_mod_65' <Predicate = true> <Delay = 0.00>
ST_1 : Operation 58 [1/1] (0.00ns)   --->   "%p_ZZ22low_pass_filter_secondRN3hls6streamINS_4axisI8ap_fixedILi32ELi10EL9ap_q_mod_66 = load i32 %p_ZZ22low_pass_filter_secondRN3hls6streamINS_4axisI8ap_fixedILi32ELi10EL9ap_q_mod_22" [low_pass_filter_second.cpp:39]   --->   Operation 58 'load' 'p_ZZ22low_pass_filter_secondRN3hls6streamINS_4axisI8ap_fixedILi32ELi10EL9ap_q_mod_66' <Predicate = true> <Delay = 0.00>
ST_1 : Operation 59 [1/1] (0.00ns)   --->   "%p_ZZ22low_pass_filter_secondRN3hls6streamINS_4axisI8ap_fixedILi32ELi10EL9ap_q_mod_67 = load i32 %p_ZZ22low_pass_filter_secondRN3hls6streamINS_4axisI8ap_fixedILi32ELi10EL9ap_q_mod" [low_pass_filter_second.cpp:39]   --->   Operation 59 'load' 'p_ZZ22low_pass_filter_secondRN3hls6streamINS_4axisI8ap_fixedILi32ELi10EL9ap_q_mod_67' <Predicate = true> <Delay = 0.00>
ST_1 : Operation 60 [1/1] (0.00ns)   --->   "%p_ZZ22low_pass_filter_secondRN3hls6streamINS_4axisI8ap_fixedILi32ELi10EL9ap_q_mod_68 = load i32 %p_ZZ22low_pass_filter_secondRN3hls6streamINS_4axisI8ap_fixedILi32ELi10EL9ap_q_mod_23" [low_pass_filter_second.cpp:39]   --->   Operation 60 'load' 'p_ZZ22low_pass_filter_secondRN3hls6streamINS_4axisI8ap_fixedILi32ELi10EL9ap_q_mod_68' <Predicate = true> <Delay = 0.00>
ST_1 : Operation 61 [1/1] (0.00ns)   --->   "%p_ZZ22low_pass_filter_secondRN3hls6streamINS_4axisI8ap_fixedILi32ELi10EL9ap_q_mod_69 = load i32 %p_ZZ22low_pass_filter_secondRN3hls6streamINS_4axisI8ap_fixedILi32ELi10EL9ap_q_mod_1" [low_pass_filter_second.cpp:39]   --->   Operation 61 'load' 'p_ZZ22low_pass_filter_secondRN3hls6streamINS_4axisI8ap_fixedILi32ELi10EL9ap_q_mod_69' <Predicate = true> <Delay = 0.00>
ST_1 : Operation 62 [1/1] (0.00ns)   --->   "%p_ZZ22low_pass_filter_secondRN3hls6streamINS_4axisI8ap_fixedILi32ELi10EL9ap_q_mod_70 = load i32 %p_ZZ22low_pass_filter_secondRN3hls6streamINS_4axisI8ap_fixedILi32ELi10EL9ap_q_mod_24" [low_pass_filter_second.cpp:39]   --->   Operation 62 'load' 'p_ZZ22low_pass_filter_secondRN3hls6streamINS_4axisI8ap_fixedILi32ELi10EL9ap_q_mod_70' <Predicate = true> <Delay = 0.00>
ST_1 : Operation 63 [1/1] (0.00ns)   --->   "%p_ZZ22low_pass_filter_secondRN3hls6streamINS_4axisI8ap_fixedILi32ELi10EL9ap_q_mod_71 = load i32 %p_ZZ22low_pass_filter_secondRN3hls6streamINS_4axisI8ap_fixedILi32ELi10EL9ap_q_mod_2" [low_pass_filter_second.cpp:39]   --->   Operation 63 'load' 'p_ZZ22low_pass_filter_secondRN3hls6streamINS_4axisI8ap_fixedILi32ELi10EL9ap_q_mod_71' <Predicate = true> <Delay = 0.00>
ST_1 : Operation 64 [1/1] (0.00ns)   --->   "%p_ZZ22low_pass_filter_secondRN3hls6streamINS_4axisI8ap_fixedILi32ELi10EL9ap_q_mod_72 = load i32 %p_ZZ22low_pass_filter_secondRN3hls6streamINS_4axisI8ap_fixedILi32ELi10EL9ap_q_mod_25" [low_pass_filter_second.cpp:39]   --->   Operation 64 'load' 'p_ZZ22low_pass_filter_secondRN3hls6streamINS_4axisI8ap_fixedILi32ELi10EL9ap_q_mod_72' <Predicate = true> <Delay = 0.00>
ST_1 : Operation 65 [1/1] (0.00ns)   --->   "%p_ZZ22low_pass_filter_secondRN3hls6streamINS_4axisI8ap_fixedILi32ELi10EL9ap_q_mod_73 = load i32 %p_ZZ22low_pass_filter_secondRN3hls6streamINS_4axisI8ap_fixedILi32ELi10EL9ap_q_mod_3" [low_pass_filter_second.cpp:39]   --->   Operation 65 'load' 'p_ZZ22low_pass_filter_secondRN3hls6streamINS_4axisI8ap_fixedILi32ELi10EL9ap_q_mod_73' <Predicate = true> <Delay = 0.00>
ST_1 : Operation 66 [1/1] (0.00ns)   --->   "%p_ZZ22low_pass_filter_secondRN3hls6streamINS_4axisI8ap_fixedILi32ELi10EL9ap_q_mod_74 = load i32 %p_ZZ22low_pass_filter_secondRN3hls6streamINS_4axisI8ap_fixedILi32ELi10EL9ap_q_mod_26" [low_pass_filter_second.cpp:39]   --->   Operation 66 'load' 'p_ZZ22low_pass_filter_secondRN3hls6streamINS_4axisI8ap_fixedILi32ELi10EL9ap_q_mod_74' <Predicate = true> <Delay = 0.00>
ST_1 : Operation 67 [1/1] (0.00ns)   --->   "%p_ZZ22low_pass_filter_secondRN3hls6streamINS_4axisI8ap_fixedILi32ELi10EL9ap_q_mod_75 = load i32 %p_ZZ22low_pass_filter_secondRN3hls6streamINS_4axisI8ap_fixedILi32ELi10EL9ap_q_mod_4" [low_pass_filter_second.cpp:39]   --->   Operation 67 'load' 'p_ZZ22low_pass_filter_secondRN3hls6streamINS_4axisI8ap_fixedILi32ELi10EL9ap_q_mod_75' <Predicate = true> <Delay = 0.00>
ST_1 : Operation 68 [1/1] (0.00ns)   --->   "%p_ZZ22low_pass_filter_secondRN3hls6streamINS_4axisI8ap_fixedILi32ELi10EL9ap_q_mod_76 = load i32 %p_ZZ22low_pass_filter_secondRN3hls6streamINS_4axisI8ap_fixedILi32ELi10EL9ap_q_mod_27" [low_pass_filter_second.cpp:39]   --->   Operation 68 'load' 'p_ZZ22low_pass_filter_secondRN3hls6streamINS_4axisI8ap_fixedILi32ELi10EL9ap_q_mod_76' <Predicate = true> <Delay = 0.00>
ST_1 : Operation 69 [1/1] (0.00ns)   --->   "%p_ZZ22low_pass_filter_secondRN3hls6streamINS_4axisI8ap_fixedILi32ELi10EL9ap_q_mod_77 = load i32 %p_ZZ22low_pass_filter_secondRN3hls6streamINS_4axisI8ap_fixedILi32ELi10EL9ap_q_mod_5" [low_pass_filter_second.cpp:39]   --->   Operation 69 'load' 'p_ZZ22low_pass_filter_secondRN3hls6streamINS_4axisI8ap_fixedILi32ELi10EL9ap_q_mod_77' <Predicate = true> <Delay = 0.00>
ST_1 : Operation 70 [1/1] (0.00ns)   --->   "%p_ZZ22low_pass_filter_secondRN3hls6streamINS_4axisI8ap_fixedILi32ELi10EL9ap_q_mod_78 = load i32 %p_ZZ22low_pass_filter_secondRN3hls6streamINS_4axisI8ap_fixedILi32ELi10EL9ap_q_mod_28" [low_pass_filter_second.cpp:39]   --->   Operation 70 'load' 'p_ZZ22low_pass_filter_secondRN3hls6streamINS_4axisI8ap_fixedILi32ELi10EL9ap_q_mod_78' <Predicate = true> <Delay = 0.00>
ST_1 : Operation 71 [1/1] (0.00ns)   --->   "%p_ZZ22low_pass_filter_secondRN3hls6streamINS_4axisI8ap_fixedILi32ELi10EL9ap_q_mod_79 = load i32 %p_ZZ22low_pass_filter_secondRN3hls6streamINS_4axisI8ap_fixedILi32ELi10EL9ap_q_mod_6" [low_pass_filter_second.cpp:39]   --->   Operation 71 'load' 'p_ZZ22low_pass_filter_secondRN3hls6streamINS_4axisI8ap_fixedILi32ELi10EL9ap_q_mod_79' <Predicate = true> <Delay = 0.00>
ST_1 : Operation 72 [1/1] (0.00ns)   --->   "%p_ZZ22low_pass_filter_secondRN3hls6streamINS_4axisI8ap_fixedILi32ELi10EL9ap_q_mod_80 = load i32 %p_ZZ22low_pass_filter_secondRN3hls6streamINS_4axisI8ap_fixedILi32ELi10EL9ap_q_mod_31" [low_pass_filter_second.cpp:39]   --->   Operation 72 'load' 'p_ZZ22low_pass_filter_secondRN3hls6streamINS_4axisI8ap_fixedILi32ELi10EL9ap_q_mod_80' <Predicate = true> <Delay = 0.00>
ST_1 : Operation 73 [1/1] (0.00ns)   --->   "%p_ZZ22low_pass_filter_secondRN3hls6streamINS_4axisI8ap_fixedILi32ELi10EL9ap_q_mod_81 = load i32 %p_ZZ22low_pass_filter_secondRN3hls6streamINS_4axisI8ap_fixedILi32ELi10EL9ap_q_mod_9" [low_pass_filter_second.cpp:39]   --->   Operation 73 'load' 'p_ZZ22low_pass_filter_secondRN3hls6streamINS_4axisI8ap_fixedILi32ELi10EL9ap_q_mod_81' <Predicate = true> <Delay = 0.00>
ST_1 : Operation 74 [1/1] (0.00ns)   --->   "%p_ZZ22low_pass_filter_secondRN3hls6streamINS_4axisI8ap_fixedILi32ELi10EL9ap_q_mod_82 = load i32 %p_ZZ22low_pass_filter_secondRN3hls6streamINS_4axisI8ap_fixedILi32ELi10EL9ap_q_mod_42" [low_pass_filter_second.cpp:39]   --->   Operation 74 'load' 'p_ZZ22low_pass_filter_secondRN3hls6streamINS_4axisI8ap_fixedILi32ELi10EL9ap_q_mod_82' <Predicate = true> <Delay = 0.00>
ST_1 : Operation 75 [1/1] (0.00ns)   --->   "%p_ZZ22low_pass_filter_secondRN3hls6streamINS_4axisI8ap_fixedILi32ELi10EL9ap_q_mod_83 = load i32 %p_ZZ22low_pass_filter_secondRN3hls6streamINS_4axisI8ap_fixedILi32ELi10EL9ap_q_mod_20" [low_pass_filter_second.cpp:39]   --->   Operation 75 'load' 'p_ZZ22low_pass_filter_secondRN3hls6streamINS_4axisI8ap_fixedILi32ELi10EL9ap_q_mod_83' <Predicate = true> <Delay = 0.00>
ST_1 : Operation 76 [1/1] (0.00ns)   --->   "%p_ZZ22low_pass_filter_secondRN3hls6streamINS_4axisI8ap_fixedILi32ELi10EL9ap_q_mod_84 = load i32 %p_ZZ22low_pass_filter_secondRN3hls6streamINS_4axisI8ap_fixedILi32ELi10EL9ap_q_mod_43" [low_pass_filter_second.cpp:39]   --->   Operation 76 'load' 'p_ZZ22low_pass_filter_secondRN3hls6streamINS_4axisI8ap_fixedILi32ELi10EL9ap_q_mod_84' <Predicate = true> <Delay = 0.00>
ST_1 : Operation 77 [1/1] (0.00ns)   --->   "%p_ZZ22low_pass_filter_secondRN3hls6streamINS_4axisI8ap_fixedILi32ELi10EL9ap_q_mod_85 = load i32 %p_ZZ22low_pass_filter_secondRN3hls6streamINS_4axisI8ap_fixedILi32ELi10EL9ap_q_mod_21" [low_pass_filter_second.cpp:39]   --->   Operation 77 'load' 'p_ZZ22low_pass_filter_secondRN3hls6streamINS_4axisI8ap_fixedILi32ELi10EL9ap_q_mod_85' <Predicate = true> <Delay = 0.00>
ST_1 : Operation 78 [1/1] (1.58ns)   --->   "%tmp_1 = mux i32 @_ssdm_op_Mux.ap_auto.2i32.i33, i32 %p_ZZ22low_pass_filter_secondRN3hls6streamINS_4axisI8ap_fixedILi32ELi10EL9ap_q_mod_46, i32 %p_ZZ22low_pass_filter_secondRN3hls6streamINS_4axisI8ap_fixedILi32ELi10EL9ap_q_mod_47, i33 %sext_ln39" [low_pass_filter_second.cpp:39]   --->   Operation 78 'mux' 'tmp_1' <Predicate = true> <Delay = 1.58> <CoreInst = "Multiplexer">   --->   Core 76 'Multiplexer' <Latency = 0> <II = 1> <Delay = 1.58> <FuncUnit> <Opcode : 'mux'> <InPorts = 2> <OutPorts = 1>
ST_1 : Operation 79 [1/1] (1.58ns)   --->   "%tmp_2 = mux i32 @_ssdm_op_Mux.ap_auto.2i32.i33, i32 %p_ZZ22low_pass_filter_secondRN3hls6streamINS_4axisI8ap_fixedILi32ELi10EL9ap_q_mod_48, i32 %p_ZZ22low_pass_filter_secondRN3hls6streamINS_4axisI8ap_fixedILi32ELi10EL9ap_q_mod_49, i33 %sext_ln39" [low_pass_filter_second.cpp:39]   --->   Operation 79 'mux' 'tmp_2' <Predicate = true> <Delay = 1.58> <CoreInst = "Multiplexer">   --->   Core 76 'Multiplexer' <Latency = 0> <II = 1> <Delay = 1.58> <FuncUnit> <Opcode : 'mux'> <InPorts = 2> <OutPorts = 1>
ST_1 : Operation 80 [1/1] (1.58ns)   --->   "%tmp_3 = mux i32 @_ssdm_op_Mux.ap_auto.2i32.i33, i32 %p_ZZ22low_pass_filter_secondRN3hls6streamINS_4axisI8ap_fixedILi32ELi10EL9ap_q_mod_50, i32 %p_ZZ22low_pass_filter_secondRN3hls6streamINS_4axisI8ap_fixedILi32ELi10EL9ap_q_mod_51, i33 %sext_ln39" [low_pass_filter_second.cpp:39]   --->   Operation 80 'mux' 'tmp_3' <Predicate = true> <Delay = 1.58> <CoreInst = "Multiplexer">   --->   Core 76 'Multiplexer' <Latency = 0> <II = 1> <Delay = 1.58> <FuncUnit> <Opcode : 'mux'> <InPorts = 2> <OutPorts = 1>
ST_1 : Operation 81 [1/1] (1.58ns)   --->   "%tmp_4 = mux i32 @_ssdm_op_Mux.ap_auto.2i32.i33, i32 %p_ZZ22low_pass_filter_secondRN3hls6streamINS_4axisI8ap_fixedILi32ELi10EL9ap_q_mod_52, i32 %p_ZZ22low_pass_filter_secondRN3hls6streamINS_4axisI8ap_fixedILi32ELi10EL9ap_q_mod_53, i33 %sext_ln39" [low_pass_filter_second.cpp:39]   --->   Operation 81 'mux' 'tmp_4' <Predicate = true> <Delay = 1.58> <CoreInst = "Multiplexer">   --->   Core 76 'Multiplexer' <Latency = 0> <II = 1> <Delay = 1.58> <FuncUnit> <Opcode : 'mux'> <InPorts = 2> <OutPorts = 1>
ST_1 : Operation 82 [1/1] (1.58ns)   --->   "%tmp_5 = mux i32 @_ssdm_op_Mux.ap_auto.2i32.i33, i32 %p_ZZ22low_pass_filter_secondRN3hls6streamINS_4axisI8ap_fixedILi32ELi10EL9ap_q_mod_54, i32 %p_ZZ22low_pass_filter_secondRN3hls6streamINS_4axisI8ap_fixedILi32ELi10EL9ap_q_mod_55, i33 %sext_ln39" [low_pass_filter_second.cpp:39]   --->   Operation 82 'mux' 'tmp_5' <Predicate = true> <Delay = 1.58> <CoreInst = "Multiplexer">   --->   Core 76 'Multiplexer' <Latency = 0> <II = 1> <Delay = 1.58> <FuncUnit> <Opcode : 'mux'> <InPorts = 2> <OutPorts = 1>
ST_1 : Operation 83 [1/1] (1.58ns)   --->   "%tmp_6 = mux i32 @_ssdm_op_Mux.ap_auto.2i32.i33, i32 %p_ZZ22low_pass_filter_secondRN3hls6streamINS_4axisI8ap_fixedILi32ELi10EL9ap_q_mod_56, i32 %p_ZZ22low_pass_filter_secondRN3hls6streamINS_4axisI8ap_fixedILi32ELi10EL9ap_q_mod_57, i33 %sext_ln39" [low_pass_filter_second.cpp:39]   --->   Operation 83 'mux' 'tmp_6' <Predicate = true> <Delay = 1.58> <CoreInst = "Multiplexer">   --->   Core 76 'Multiplexer' <Latency = 0> <II = 1> <Delay = 1.58> <FuncUnit> <Opcode : 'mux'> <InPorts = 2> <OutPorts = 1>
ST_1 : Operation 84 [1/1] (1.58ns)   --->   "%tmp_7 = mux i32 @_ssdm_op_Mux.ap_auto.2i32.i33, i32 %p_ZZ22low_pass_filter_secondRN3hls6streamINS_4axisI8ap_fixedILi32ELi10EL9ap_q_mod_58, i32 %p_ZZ22low_pass_filter_secondRN3hls6streamINS_4axisI8ap_fixedILi32ELi10EL9ap_q_mod_59, i33 %sext_ln39" [low_pass_filter_second.cpp:39]   --->   Operation 84 'mux' 'tmp_7' <Predicate = true> <Delay = 1.58> <CoreInst = "Multiplexer">   --->   Core 76 'Multiplexer' <Latency = 0> <II = 1> <Delay = 1.58> <FuncUnit> <Opcode : 'mux'> <InPorts = 2> <OutPorts = 1>
ST_1 : Operation 85 [1/1] (1.58ns)   --->   "%tmp_8 = mux i32 @_ssdm_op_Mux.ap_auto.2i32.i33, i32 %p_ZZ22low_pass_filter_secondRN3hls6streamINS_4axisI8ap_fixedILi32ELi10EL9ap_q_mod_60, i32 %p_ZZ22low_pass_filter_secondRN3hls6streamINS_4axisI8ap_fixedILi32ELi10EL9ap_q_mod_61, i33 %sext_ln39" [low_pass_filter_second.cpp:39]   --->   Operation 85 'mux' 'tmp_8' <Predicate = true> <Delay = 1.58> <CoreInst = "Multiplexer">   --->   Core 76 'Multiplexer' <Latency = 0> <II = 1> <Delay = 1.58> <FuncUnit> <Opcode : 'mux'> <InPorts = 2> <OutPorts = 1>
ST_1 : Operation 86 [1/1] (1.58ns)   --->   "%tmp_9 = mux i32 @_ssdm_op_Mux.ap_auto.2i32.i33, i32 %p_ZZ22low_pass_filter_secondRN3hls6streamINS_4axisI8ap_fixedILi32ELi10EL9ap_q_mod_62, i32 %p_ZZ22low_pass_filter_secondRN3hls6streamINS_4axisI8ap_fixedILi32ELi10EL9ap_q_mod_63, i33 %sext_ln39" [low_pass_filter_second.cpp:39]   --->   Operation 86 'mux' 'tmp_9' <Predicate = true> <Delay = 1.58> <CoreInst = "Multiplexer">   --->   Core 76 'Multiplexer' <Latency = 0> <II = 1> <Delay = 1.58> <FuncUnit> <Opcode : 'mux'> <InPorts = 2> <OutPorts = 1>
ST_1 : Operation 87 [1/1] (1.58ns)   --->   "%tmp_s = mux i32 @_ssdm_op_Mux.ap_auto.2i32.i33, i32 %p_ZZ22low_pass_filter_secondRN3hls6streamINS_4axisI8ap_fixedILi32ELi10EL9ap_q_mod_64, i32 %p_ZZ22low_pass_filter_secondRN3hls6streamINS_4axisI8ap_fixedILi32ELi10EL9ap_q_mod_65, i33 %sext_ln39" [low_pass_filter_second.cpp:39]   --->   Operation 87 'mux' 'tmp_s' <Predicate = true> <Delay = 1.58> <CoreInst = "Multiplexer">   --->   Core 76 'Multiplexer' <Latency = 0> <II = 1> <Delay = 1.58> <FuncUnit> <Opcode : 'mux'> <InPorts = 2> <OutPorts = 1>
ST_1 : Operation 88 [1/1] (1.58ns)   --->   "%tmp_10 = mux i32 @_ssdm_op_Mux.ap_auto.2i32.i33, i32 %p_ZZ22low_pass_filter_secondRN3hls6streamINS_4axisI8ap_fixedILi32ELi10EL9ap_q_mod_66, i32 %p_ZZ22low_pass_filter_secondRN3hls6streamINS_4axisI8ap_fixedILi32ELi10EL9ap_q_mod_67, i33 %sext_ln39" [low_pass_filter_second.cpp:39]   --->   Operation 88 'mux' 'tmp_10' <Predicate = true> <Delay = 1.58> <CoreInst = "Multiplexer">   --->   Core 76 'Multiplexer' <Latency = 0> <II = 1> <Delay = 1.58> <FuncUnit> <Opcode : 'mux'> <InPorts = 2> <OutPorts = 1>
ST_1 : Operation 89 [1/1] (1.58ns)   --->   "%tmp_11 = mux i32 @_ssdm_op_Mux.ap_auto.2i32.i33, i32 %p_ZZ22low_pass_filter_secondRN3hls6streamINS_4axisI8ap_fixedILi32ELi10EL9ap_q_mod_68, i32 %p_ZZ22low_pass_filter_secondRN3hls6streamINS_4axisI8ap_fixedILi32ELi10EL9ap_q_mod_69, i33 %sext_ln39" [low_pass_filter_second.cpp:39]   --->   Operation 89 'mux' 'tmp_11' <Predicate = true> <Delay = 1.58> <CoreInst = "Multiplexer">   --->   Core 76 'Multiplexer' <Latency = 0> <II = 1> <Delay = 1.58> <FuncUnit> <Opcode : 'mux'> <InPorts = 2> <OutPorts = 1>
ST_1 : Operation 90 [1/1] (1.58ns)   --->   "%tmp_12 = mux i32 @_ssdm_op_Mux.ap_auto.2i32.i33, i32 %p_ZZ22low_pass_filter_secondRN3hls6streamINS_4axisI8ap_fixedILi32ELi10EL9ap_q_mod_70, i32 %p_ZZ22low_pass_filter_secondRN3hls6streamINS_4axisI8ap_fixedILi32ELi10EL9ap_q_mod_71, i33 %sext_ln39" [low_pass_filter_second.cpp:39]   --->   Operation 90 'mux' 'tmp_12' <Predicate = true> <Delay = 1.58> <CoreInst = "Multiplexer">   --->   Core 76 'Multiplexer' <Latency = 0> <II = 1> <Delay = 1.58> <FuncUnit> <Opcode : 'mux'> <InPorts = 2> <OutPorts = 1>
ST_1 : Operation 91 [1/1] (1.58ns)   --->   "%r_V_7 = mux i32 @_ssdm_op_Mux.ap_auto.2i32.i33, i32 %p_ZZ22low_pass_filter_secondRN3hls6streamINS_4axisI8ap_fixedILi32ELi10EL9ap_q_mod_72, i32 %p_ZZ22low_pass_filter_secondRN3hls6streamINS_4axisI8ap_fixedILi32ELi10EL9ap_q_mod_73, i33 %sext_ln39" [low_pass_filter_second.cpp:39]   --->   Operation 91 'mux' 'r_V_7' <Predicate = true> <Delay = 1.58> <CoreInst = "Multiplexer">   --->   Core 76 'Multiplexer' <Latency = 0> <II = 1> <Delay = 1.58> <FuncUnit> <Opcode : 'mux'> <InPorts = 2> <OutPorts = 1>
ST_1 : Operation 92 [1/1] (1.58ns)   --->   "%r_V_6 = mux i32 @_ssdm_op_Mux.ap_auto.2i32.i33, i32 %p_ZZ22low_pass_filter_secondRN3hls6streamINS_4axisI8ap_fixedILi32ELi10EL9ap_q_mod_74, i32 %p_ZZ22low_pass_filter_secondRN3hls6streamINS_4axisI8ap_fixedILi32ELi10EL9ap_q_mod_75, i33 %sext_ln39" [low_pass_filter_second.cpp:39]   --->   Operation 92 'mux' 'r_V_6' <Predicate = true> <Delay = 1.58> <CoreInst = "Multiplexer">   --->   Core 76 'Multiplexer' <Latency = 0> <II = 1> <Delay = 1.58> <FuncUnit> <Opcode : 'mux'> <InPorts = 2> <OutPorts = 1>
ST_1 : Operation 93 [1/1] (1.58ns)   --->   "%r_V_5 = mux i32 @_ssdm_op_Mux.ap_auto.2i32.i33, i32 %p_ZZ22low_pass_filter_secondRN3hls6streamINS_4axisI8ap_fixedILi32ELi10EL9ap_q_mod_76, i32 %p_ZZ22low_pass_filter_secondRN3hls6streamINS_4axisI8ap_fixedILi32ELi10EL9ap_q_mod_77, i33 %sext_ln39" [low_pass_filter_second.cpp:39]   --->   Operation 93 'mux' 'r_V_5' <Predicate = true> <Delay = 1.58> <CoreInst = "Multiplexer">   --->   Core 76 'Multiplexer' <Latency = 0> <II = 1> <Delay = 1.58> <FuncUnit> <Opcode : 'mux'> <InPorts = 2> <OutPorts = 1>
ST_1 : Operation 94 [1/1] (1.58ns)   --->   "%r_V_4 = mux i32 @_ssdm_op_Mux.ap_auto.2i32.i33, i32 %p_ZZ22low_pass_filter_secondRN3hls6streamINS_4axisI8ap_fixedILi32ELi10EL9ap_q_mod_78, i32 %p_ZZ22low_pass_filter_secondRN3hls6streamINS_4axisI8ap_fixedILi32ELi10EL9ap_q_mod_79, i33 %sext_ln39" [low_pass_filter_second.cpp:39]   --->   Operation 94 'mux' 'r_V_4' <Predicate = true> <Delay = 1.58> <CoreInst = "Multiplexer">   --->   Core 76 'Multiplexer' <Latency = 0> <II = 1> <Delay = 1.58> <FuncUnit> <Opcode : 'mux'> <InPorts = 2> <OutPorts = 1>
ST_1 : Operation 95 [1/1] (1.58ns)   --->   "%r_V_3 = mux i32 @_ssdm_op_Mux.ap_auto.2i32.i33, i32 %p_ZZ22low_pass_filter_secondRN3hls6streamINS_4axisI8ap_fixedILi32ELi10EL9ap_q_mod_80, i32 %p_ZZ22low_pass_filter_secondRN3hls6streamINS_4axisI8ap_fixedILi32ELi10EL9ap_q_mod_81, i33 %sext_ln39" [low_pass_filter_second.cpp:39]   --->   Operation 95 'mux' 'r_V_3' <Predicate = true> <Delay = 1.58> <CoreInst = "Multiplexer">   --->   Core 76 'Multiplexer' <Latency = 0> <II = 1> <Delay = 1.58> <FuncUnit> <Opcode : 'mux'> <InPorts = 2> <OutPorts = 1>
ST_1 : Operation 96 [1/1] (1.58ns)   --->   "%r_V_2 = mux i32 @_ssdm_op_Mux.ap_auto.2i32.i33, i32 %p_ZZ22low_pass_filter_secondRN3hls6streamINS_4axisI8ap_fixedILi32ELi10EL9ap_q_mod_82, i32 %p_ZZ22low_pass_filter_secondRN3hls6streamINS_4axisI8ap_fixedILi32ELi10EL9ap_q_mod_83, i33 %sext_ln39" [low_pass_filter_second.cpp:39]   --->   Operation 96 'mux' 'r_V_2' <Predicate = true> <Delay = 1.58> <CoreInst = "Multiplexer">   --->   Core 76 'Multiplexer' <Latency = 0> <II = 1> <Delay = 1.58> <FuncUnit> <Opcode : 'mux'> <InPorts = 2> <OutPorts = 1>
ST_1 : Operation 97 [1/1] (1.58ns)   --->   "%r_V_1 = mux i32 @_ssdm_op_Mux.ap_auto.2i32.i33, i32 %p_ZZ22low_pass_filter_secondRN3hls6streamINS_4axisI8ap_fixedILi32ELi10EL9ap_q_mod_84, i32 %p_ZZ22low_pass_filter_secondRN3hls6streamINS_4axisI8ap_fixedILi32ELi10EL9ap_q_mod_85, i33 %sext_ln39" [low_pass_filter_second.cpp:39]   --->   Operation 97 'mux' 'r_V_1' <Predicate = true> <Delay = 1.58> <CoreInst = "Multiplexer">   --->   Core 76 'Multiplexer' <Latency = 0> <II = 1> <Delay = 1.58> <FuncUnit> <Opcode : 'mux'> <InPorts = 2> <OutPorts = 1>
ST_1 : Operation 98 [1/1] (0.00ns)   --->   "%br_ln39 = br i1 %trunc_ln39, void %arrayidx184.0.0.0610.20.case.0, void %arrayidx184.0.0.0610.20.case.1" [low_pass_filter_second.cpp:39]   --->   Operation 98 'br' 'br_ln39' <Predicate = true> <Delay = 0.00>
ST_1 : Operation 99 [1/1] (0.00ns)   --->   "%store_ln39 = store i32 %tmp, i32 %p_ZZ22low_pass_filter_secondRN3hls6streamINS_4axisI8ap_fixedILi32ELi10EL9ap_q_mod_29" [low_pass_filter_second.cpp:39]   --->   Operation 99 'store' 'store_ln39' <Predicate = (!trunc_ln39)> <Delay = 0.00>
ST_1 : Operation 100 [1/1] (0.00ns)   --->   "%store_ln39 = store i32 %tmp_1, i32 %p_ZZ22low_pass_filter_secondRN3hls6streamINS_4axisI8ap_fixedILi32ELi10EL9ap_q_mod_30" [low_pass_filter_second.cpp:39]   --->   Operation 100 'store' 'store_ln39' <Predicate = (!trunc_ln39)> <Delay = 0.00>
ST_1 : Operation 101 [1/1] (0.00ns)   --->   "%store_ln39 = store i32 %tmp_2, i32 %p_ZZ22low_pass_filter_secondRN3hls6streamINS_4axisI8ap_fixedILi32ELi10EL9ap_q_mod_32" [low_pass_filter_second.cpp:39]   --->   Operation 101 'store' 'store_ln39' <Predicate = (!trunc_ln39)> <Delay = 0.00>
ST_1 : Operation 102 [1/1] (0.00ns)   --->   "%store_ln39 = store i32 %tmp_3, i32 %p_ZZ22low_pass_filter_secondRN3hls6streamINS_4axisI8ap_fixedILi32ELi10EL9ap_q_mod_33" [low_pass_filter_second.cpp:39]   --->   Operation 102 'store' 'store_ln39' <Predicate = (!trunc_ln39)> <Delay = 0.00>
ST_1 : Operation 103 [1/1] (0.00ns)   --->   "%store_ln39 = store i32 %tmp_4, i32 %p_ZZ22low_pass_filter_secondRN3hls6streamINS_4axisI8ap_fixedILi32ELi10EL9ap_q_mod_34" [low_pass_filter_second.cpp:39]   --->   Operation 103 'store' 'store_ln39' <Predicate = (!trunc_ln39)> <Delay = 0.00>
ST_1 : Operation 104 [1/1] (0.00ns)   --->   "%store_ln39 = store i32 %tmp_5, i32 %p_ZZ22low_pass_filter_secondRN3hls6streamINS_4axisI8ap_fixedILi32ELi10EL9ap_q_mod_35" [low_pass_filter_second.cpp:39]   --->   Operation 104 'store' 'store_ln39' <Predicate = (!trunc_ln39)> <Delay = 0.00>
ST_1 : Operation 105 [1/1] (0.00ns)   --->   "%store_ln39 = store i32 %tmp_6, i32 %p_ZZ22low_pass_filter_secondRN3hls6streamINS_4axisI8ap_fixedILi32ELi10EL9ap_q_mod_36" [low_pass_filter_second.cpp:39]   --->   Operation 105 'store' 'store_ln39' <Predicate = (!trunc_ln39)> <Delay = 0.00>
ST_1 : Operation 106 [1/1] (0.00ns)   --->   "%store_ln39 = store i32 %tmp_7, i32 %p_ZZ22low_pass_filter_secondRN3hls6streamINS_4axisI8ap_fixedILi32ELi10EL9ap_q_mod_37" [low_pass_filter_second.cpp:39]   --->   Operation 106 'store' 'store_ln39' <Predicate = (!trunc_ln39)> <Delay = 0.00>
ST_1 : Operation 107 [1/1] (0.00ns)   --->   "%store_ln39 = store i32 %tmp_8, i32 %p_ZZ22low_pass_filter_secondRN3hls6streamINS_4axisI8ap_fixedILi32ELi10EL9ap_q_mod_38" [low_pass_filter_second.cpp:39]   --->   Operation 107 'store' 'store_ln39' <Predicate = (!trunc_ln39)> <Delay = 0.00>
ST_1 : Operation 108 [1/1] (0.00ns)   --->   "%store_ln39 = store i32 %tmp_9, i32 %p_ZZ22low_pass_filter_secondRN3hls6streamINS_4axisI8ap_fixedILi32ELi10EL9ap_q_mod_39" [low_pass_filter_second.cpp:39]   --->   Operation 108 'store' 'store_ln39' <Predicate = (!trunc_ln39)> <Delay = 0.00>
ST_1 : Operation 109 [1/1] (0.00ns)   --->   "%store_ln39 = store i32 %tmp_s, i32 %p_ZZ22low_pass_filter_secondRN3hls6streamINS_4axisI8ap_fixedILi32ELi10EL9ap_q_mod_40" [low_pass_filter_second.cpp:39]   --->   Operation 109 'store' 'store_ln39' <Predicate = (!trunc_ln39)> <Delay = 0.00>
ST_1 : Operation 110 [1/1] (0.00ns)   --->   "%store_ln39 = store i32 %tmp_10, i32 %p_ZZ22low_pass_filter_secondRN3hls6streamINS_4axisI8ap_fixedILi32ELi10EL9ap_q_mod_41" [low_pass_filter_second.cpp:39]   --->   Operation 110 'store' 'store_ln39' <Predicate = (!trunc_ln39)> <Delay = 0.00>
ST_1 : Operation 111 [1/1] (0.00ns)   --->   "%store_ln39 = store i32 %tmp_11, i32 %p_ZZ22low_pass_filter_secondRN3hls6streamINS_4axisI8ap_fixedILi32ELi10EL9ap_q_mod_22" [low_pass_filter_second.cpp:39]   --->   Operation 111 'store' 'store_ln39' <Predicate = (!trunc_ln39)> <Delay = 0.00>
ST_1 : Operation 112 [1/1] (0.00ns)   --->   "%store_ln39 = store i32 %tmp_12, i32 %p_ZZ22low_pass_filter_secondRN3hls6streamINS_4axisI8ap_fixedILi32ELi10EL9ap_q_mod_23" [low_pass_filter_second.cpp:39]   --->   Operation 112 'store' 'store_ln39' <Predicate = (!trunc_ln39)> <Delay = 0.00>
ST_1 : Operation 113 [1/1] (0.00ns)   --->   "%store_ln39 = store i32 %r_V_7, i32 %p_ZZ22low_pass_filter_secondRN3hls6streamINS_4axisI8ap_fixedILi32ELi10EL9ap_q_mod_24" [low_pass_filter_second.cpp:39]   --->   Operation 113 'store' 'store_ln39' <Predicate = (!trunc_ln39)> <Delay = 0.00>
ST_1 : Operation 114 [1/1] (0.00ns)   --->   "%store_ln39 = store i32 %r_V_6, i32 %p_ZZ22low_pass_filter_secondRN3hls6streamINS_4axisI8ap_fixedILi32ELi10EL9ap_q_mod_25" [low_pass_filter_second.cpp:39]   --->   Operation 114 'store' 'store_ln39' <Predicate = (!trunc_ln39)> <Delay = 0.00>
ST_1 : Operation 115 [1/1] (0.00ns)   --->   "%store_ln39 = store i32 %r_V_5, i32 %p_ZZ22low_pass_filter_secondRN3hls6streamINS_4axisI8ap_fixedILi32ELi10EL9ap_q_mod_26" [low_pass_filter_second.cpp:39]   --->   Operation 115 'store' 'store_ln39' <Predicate = (!trunc_ln39)> <Delay = 0.00>
ST_1 : Operation 116 [1/1] (0.00ns)   --->   "%store_ln39 = store i32 %r_V_4, i32 %p_ZZ22low_pass_filter_secondRN3hls6streamINS_4axisI8ap_fixedILi32ELi10EL9ap_q_mod_27" [low_pass_filter_second.cpp:39]   --->   Operation 116 'store' 'store_ln39' <Predicate = (!trunc_ln39)> <Delay = 0.00>
ST_1 : Operation 117 [1/1] (0.00ns)   --->   "%store_ln39 = store i32 %r_V_3, i32 %p_ZZ22low_pass_filter_secondRN3hls6streamINS_4axisI8ap_fixedILi32ELi10EL9ap_q_mod_28" [low_pass_filter_second.cpp:39]   --->   Operation 117 'store' 'store_ln39' <Predicate = (!trunc_ln39)> <Delay = 0.00>
ST_1 : Operation 118 [1/1] (0.00ns)   --->   "%store_ln39 = store i32 %r_V_2, i32 %p_ZZ22low_pass_filter_secondRN3hls6streamINS_4axisI8ap_fixedILi32ELi10EL9ap_q_mod_31" [low_pass_filter_second.cpp:39]   --->   Operation 118 'store' 'store_ln39' <Predicate = (!trunc_ln39)> <Delay = 0.00>
ST_1 : Operation 119 [1/1] (0.00ns)   --->   "%store_ln39 = store i32 %r_V_1, i32 %p_ZZ22low_pass_filter_secondRN3hls6streamINS_4axisI8ap_fixedILi32ELi10EL9ap_q_mod_42" [low_pass_filter_second.cpp:39]   --->   Operation 119 'store' 'store_ln39' <Predicate = (!trunc_ln39)> <Delay = 0.00>
ST_1 : Operation 120 [1/1] (0.00ns)   --->   "%store_ln41 = store i32 %tmp_data_V_1, i32 %p_ZZ22low_pass_filter_secondRN3hls6streamINS_4axisI8ap_fixedILi32ELi10EL9ap_q_mod_43" [low_pass_filter_second.cpp:41]   --->   Operation 120 'store' 'store_ln41' <Predicate = (!trunc_ln39)> <Delay = 0.00>
ST_1 : Operation 121 [1/1] (1.58ns)   --->   "%br_ln41 = br void %arrayidx184.0.0.0610.20.exit" [low_pass_filter_second.cpp:41]   --->   Operation 121 'br' 'br_ln41' <Predicate = (!trunc_ln39)> <Delay = 1.58>
ST_1 : Operation 122 [1/1] (0.00ns)   --->   "%store_ln39 = store i32 %tmp, i32 %p_ZZ22low_pass_filter_secondRN3hls6streamINS_4axisI8ap_fixedILi32ELi10EL9ap_q_mod_7" [low_pass_filter_second.cpp:39]   --->   Operation 122 'store' 'store_ln39' <Predicate = (trunc_ln39)> <Delay = 0.00>
ST_1 : Operation 123 [1/1] (0.00ns)   --->   "%store_ln39 = store i32 %tmp_1, i32 %p_ZZ22low_pass_filter_secondRN3hls6streamINS_4axisI8ap_fixedILi32ELi10EL9ap_q_mod_8" [low_pass_filter_second.cpp:39]   --->   Operation 123 'store' 'store_ln39' <Predicate = (trunc_ln39)> <Delay = 0.00>
ST_1 : Operation 124 [1/1] (0.00ns)   --->   "%store_ln39 = store i32 %tmp_2, i32 %p_ZZ22low_pass_filter_secondRN3hls6streamINS_4axisI8ap_fixedILi32ELi10EL9ap_q_mod_10" [low_pass_filter_second.cpp:39]   --->   Operation 124 'store' 'store_ln39' <Predicate = (trunc_ln39)> <Delay = 0.00>
ST_1 : Operation 125 [1/1] (0.00ns)   --->   "%store_ln39 = store i32 %tmp_3, i32 %p_ZZ22low_pass_filter_secondRN3hls6streamINS_4axisI8ap_fixedILi32ELi10EL9ap_q_mod_11" [low_pass_filter_second.cpp:39]   --->   Operation 125 'store' 'store_ln39' <Predicate = (trunc_ln39)> <Delay = 0.00>
ST_1 : Operation 126 [1/1] (0.00ns)   --->   "%store_ln39 = store i32 %tmp_4, i32 %p_ZZ22low_pass_filter_secondRN3hls6streamINS_4axisI8ap_fixedILi32ELi10EL9ap_q_mod_12" [low_pass_filter_second.cpp:39]   --->   Operation 126 'store' 'store_ln39' <Predicate = (trunc_ln39)> <Delay = 0.00>
ST_1 : Operation 127 [1/1] (0.00ns)   --->   "%store_ln39 = store i32 %tmp_5, i32 %p_ZZ22low_pass_filter_secondRN3hls6streamINS_4axisI8ap_fixedILi32ELi10EL9ap_q_mod_13" [low_pass_filter_second.cpp:39]   --->   Operation 127 'store' 'store_ln39' <Predicate = (trunc_ln39)> <Delay = 0.00>
ST_1 : Operation 128 [1/1] (0.00ns)   --->   "%store_ln39 = store i32 %tmp_6, i32 %p_ZZ22low_pass_filter_secondRN3hls6streamINS_4axisI8ap_fixedILi32ELi10EL9ap_q_mod_14" [low_pass_filter_second.cpp:39]   --->   Operation 128 'store' 'store_ln39' <Predicate = (trunc_ln39)> <Delay = 0.00>
ST_1 : Operation 129 [1/1] (0.00ns)   --->   "%store_ln39 = store i32 %tmp_7, i32 %p_ZZ22low_pass_filter_secondRN3hls6streamINS_4axisI8ap_fixedILi32ELi10EL9ap_q_mod_15" [low_pass_filter_second.cpp:39]   --->   Operation 129 'store' 'store_ln39' <Predicate = (trunc_ln39)> <Delay = 0.00>
ST_1 : Operation 130 [1/1] (0.00ns)   --->   "%store_ln39 = store i32 %tmp_8, i32 %p_ZZ22low_pass_filter_secondRN3hls6streamINS_4axisI8ap_fixedILi32ELi10EL9ap_q_mod_16" [low_pass_filter_second.cpp:39]   --->   Operation 130 'store' 'store_ln39' <Predicate = (trunc_ln39)> <Delay = 0.00>
ST_1 : Operation 131 [1/1] (0.00ns)   --->   "%store_ln39 = store i32 %tmp_9, i32 %p_ZZ22low_pass_filter_secondRN3hls6streamINS_4axisI8ap_fixedILi32ELi10EL9ap_q_mod_17" [low_pass_filter_second.cpp:39]   --->   Operation 131 'store' 'store_ln39' <Predicate = (trunc_ln39)> <Delay = 0.00>
ST_1 : Operation 132 [1/1] (0.00ns)   --->   "%store_ln39 = store i32 %tmp_s, i32 %p_ZZ22low_pass_filter_secondRN3hls6streamINS_4axisI8ap_fixedILi32ELi10EL9ap_q_mod_18" [low_pass_filter_second.cpp:39]   --->   Operation 132 'store' 'store_ln39' <Predicate = (trunc_ln39)> <Delay = 0.00>
ST_1 : Operation 133 [1/1] (0.00ns)   --->   "%store_ln39 = store i32 %tmp_10, i32 %p_ZZ22low_pass_filter_secondRN3hls6streamINS_4axisI8ap_fixedILi32ELi10EL9ap_q_mod_19" [low_pass_filter_second.cpp:39]   --->   Operation 133 'store' 'store_ln39' <Predicate = (trunc_ln39)> <Delay = 0.00>
ST_1 : Operation 134 [1/1] (0.00ns)   --->   "%store_ln39 = store i32 %tmp_11, i32 %p_ZZ22low_pass_filter_secondRN3hls6streamINS_4axisI8ap_fixedILi32ELi10EL9ap_q_mod" [low_pass_filter_second.cpp:39]   --->   Operation 134 'store' 'store_ln39' <Predicate = (trunc_ln39)> <Delay = 0.00>
ST_1 : Operation 135 [1/1] (0.00ns)   --->   "%store_ln39 = store i32 %tmp_12, i32 %p_ZZ22low_pass_filter_secondRN3hls6streamINS_4axisI8ap_fixedILi32ELi10EL9ap_q_mod_1" [low_pass_filter_second.cpp:39]   --->   Operation 135 'store' 'store_ln39' <Predicate = (trunc_ln39)> <Delay = 0.00>
ST_1 : Operation 136 [1/1] (0.00ns)   --->   "%store_ln39 = store i32 %r_V_7, i32 %p_ZZ22low_pass_filter_secondRN3hls6streamINS_4axisI8ap_fixedILi32ELi10EL9ap_q_mod_2" [low_pass_filter_second.cpp:39]   --->   Operation 136 'store' 'store_ln39' <Predicate = (trunc_ln39)> <Delay = 0.00>
ST_1 : Operation 137 [1/1] (0.00ns)   --->   "%store_ln39 = store i32 %r_V_6, i32 %p_ZZ22low_pass_filter_secondRN3hls6streamINS_4axisI8ap_fixedILi32ELi10EL9ap_q_mod_3" [low_pass_filter_second.cpp:39]   --->   Operation 137 'store' 'store_ln39' <Predicate = (trunc_ln39)> <Delay = 0.00>
ST_1 : Operation 138 [1/1] (0.00ns)   --->   "%store_ln39 = store i32 %r_V_5, i32 %p_ZZ22low_pass_filter_secondRN3hls6streamINS_4axisI8ap_fixedILi32ELi10EL9ap_q_mod_4" [low_pass_filter_second.cpp:39]   --->   Operation 138 'store' 'store_ln39' <Predicate = (trunc_ln39)> <Delay = 0.00>
ST_1 : Operation 139 [1/1] (0.00ns)   --->   "%store_ln39 = store i32 %r_V_4, i32 %p_ZZ22low_pass_filter_secondRN3hls6streamINS_4axisI8ap_fixedILi32ELi10EL9ap_q_mod_5" [low_pass_filter_second.cpp:39]   --->   Operation 139 'store' 'store_ln39' <Predicate = (trunc_ln39)> <Delay = 0.00>
ST_1 : Operation 140 [1/1] (0.00ns)   --->   "%store_ln39 = store i32 %r_V_3, i32 %p_ZZ22low_pass_filter_secondRN3hls6streamINS_4axisI8ap_fixedILi32ELi10EL9ap_q_mod_6" [low_pass_filter_second.cpp:39]   --->   Operation 140 'store' 'store_ln39' <Predicate = (trunc_ln39)> <Delay = 0.00>
ST_1 : Operation 141 [1/1] (0.00ns)   --->   "%store_ln39 = store i32 %r_V_2, i32 %p_ZZ22low_pass_filter_secondRN3hls6streamINS_4axisI8ap_fixedILi32ELi10EL9ap_q_mod_9" [low_pass_filter_second.cpp:39]   --->   Operation 141 'store' 'store_ln39' <Predicate = (trunc_ln39)> <Delay = 0.00>
ST_1 : Operation 142 [1/1] (0.00ns)   --->   "%store_ln39 = store i32 %r_V_1, i32 %p_ZZ22low_pass_filter_secondRN3hls6streamINS_4axisI8ap_fixedILi32ELi10EL9ap_q_mod_20" [low_pass_filter_second.cpp:39]   --->   Operation 142 'store' 'store_ln39' <Predicate = (trunc_ln39)> <Delay = 0.00>
ST_1 : Operation 143 [1/1] (0.00ns)   --->   "%store_ln41 = store i32 %tmp_data_V_1, i32 %p_ZZ22low_pass_filter_secondRN3hls6streamINS_4axisI8ap_fixedILi32ELi10EL9ap_q_mod_21" [low_pass_filter_second.cpp:41]   --->   Operation 143 'store' 'store_ln41' <Predicate = (trunc_ln39)> <Delay = 0.00>
ST_1 : Operation 144 [1/1] (1.58ns)   --->   "%br_ln41 = br void %arrayidx184.0.0.0610.20.exit" [low_pass_filter_second.cpp:41]   --->   Operation 144 'br' 'br_ln41' <Predicate = (trunc_ln39)> <Delay = 1.58>
ST_1 : Operation 145 [1/1] (1.58ns)   --->   "%tmp_13 = mux i16 @_ssdm_op_Mux.ap_auto.2i16.i33, i16 1294, i16 151, i33 %sext_ln39"   --->   Operation 145 'mux' 'tmp_13' <Predicate = true> <Delay = 1.58> <CoreInst = "Multiplexer">   --->   Core 76 'Multiplexer' <Latency = 0> <II = 1> <Delay = 1.58> <FuncUnit> <Opcode : 'mux'> <InPorts = 2> <OutPorts = 1>
ST_1 : Operation 146 [1/1] (1.58ns)   --->   "%tmp_14 = mux i16 @_ssdm_op_Mux.ap_auto.2i16.i33, i16 65203, i16 65183, i33 %sext_ln39"   --->   Operation 146 'mux' 'tmp_14' <Predicate = true> <Delay = 1.58> <CoreInst = "Multiplexer">   --->   Core 76 'Multiplexer' <Latency = 0> <II = 1> <Delay = 1.58> <FuncUnit> <Opcode : 'mux'> <InPorts = 2> <OutPorts = 1>
ST_1 : Operation 147 [1/1] (1.58ns)   --->   "%tmp_16 = mux i16 @_ssdm_op_Mux.ap_auto.2i16.i33, i16 88, i16 531, i33 %sext_ln39"   --->   Operation 147 'mux' 'tmp_16' <Predicate = true> <Delay = 1.58> <CoreInst = "Multiplexer">   --->   Core 76 'Multiplexer' <Latency = 0> <II = 1> <Delay = 1.58> <FuncUnit> <Opcode : 'mux'> <InPorts = 2> <OutPorts = 1>

State 2 <SV = 1> <Delay = 6.91>
ST_2 : Operation 148 [1/1] (0.00ns)   --->   "%mux_case_1721 = phi i32 %tmp_1, void %arrayidx184.0.0.0610.20.case.1, i32 %p_ZZ22low_pass_filter_secondRN3hls6streamINS_4axisI8ap_fixedILi32ELi10EL9ap_q_mod_45, void %arrayidx184.0.0.0610.20.case.0" [low_pass_filter_second.cpp:39]   --->   Operation 148 'phi' 'mux_case_1721' <Predicate = true> <Delay = 0.00>
ST_2 : Operation 149 [1/1] (0.00ns)   --->   "%mux_case_0720 = phi i32 %p_ZZ22low_pass_filter_secondRN3hls6streamINS_4axisI8ap_fixedILi32ELi10EL9ap_q_mod_44, void %arrayidx184.0.0.0610.20.case.1, i32 %tmp_1, void %arrayidx184.0.0.0610.20.case.0" [low_pass_filter_second.cpp:39]   --->   Operation 149 'phi' 'mux_case_0720' <Predicate = true> <Delay = 0.00>
ST_2 : Operation 150 [1/1] (0.00ns)   --->   "%mux_case_1717 = phi i32 %tmp_2, void %arrayidx184.0.0.0610.20.case.1, i32 %p_ZZ22low_pass_filter_secondRN3hls6streamINS_4axisI8ap_fixedILi32ELi10EL9ap_q_mod_47, void %arrayidx184.0.0.0610.20.case.0" [low_pass_filter_second.cpp:39]   --->   Operation 150 'phi' 'mux_case_1717' <Predicate = true> <Delay = 0.00>
ST_2 : Operation 151 [1/1] (0.00ns)   --->   "%mux_case_0716 = phi i32 %p_ZZ22low_pass_filter_secondRN3hls6streamINS_4axisI8ap_fixedILi32ELi10EL9ap_q_mod_46, void %arrayidx184.0.0.0610.20.case.1, i32 %tmp_2, void %arrayidx184.0.0.0610.20.case.0" [low_pass_filter_second.cpp:39]   --->   Operation 151 'phi' 'mux_case_0716' <Predicate = true> <Delay = 0.00>
ST_2 : Operation 152 [1/1] (0.00ns)   --->   "%mux_case_1713 = phi i32 %tmp_3, void %arrayidx184.0.0.0610.20.case.1, i32 %p_ZZ22low_pass_filter_secondRN3hls6streamINS_4axisI8ap_fixedILi32ELi10EL9ap_q_mod_49, void %arrayidx184.0.0.0610.20.case.0" [low_pass_filter_second.cpp:39]   --->   Operation 152 'phi' 'mux_case_1713' <Predicate = true> <Delay = 0.00>
ST_2 : Operation 153 [1/1] (0.00ns)   --->   "%mux_case_0712 = phi i32 %p_ZZ22low_pass_filter_secondRN3hls6streamINS_4axisI8ap_fixedILi32ELi10EL9ap_q_mod_48, void %arrayidx184.0.0.0610.20.case.1, i32 %tmp_3, void %arrayidx184.0.0.0610.20.case.0" [low_pass_filter_second.cpp:39]   --->   Operation 153 'phi' 'mux_case_0712' <Predicate = true> <Delay = 0.00>
ST_2 : Operation 154 [1/1] (0.00ns)   --->   "%mux_case_1709 = phi i32 %tmp_4, void %arrayidx184.0.0.0610.20.case.1, i32 %p_ZZ22low_pass_filter_secondRN3hls6streamINS_4axisI8ap_fixedILi32ELi10EL9ap_q_mod_51, void %arrayidx184.0.0.0610.20.case.0" [low_pass_filter_second.cpp:39]   --->   Operation 154 'phi' 'mux_case_1709' <Predicate = true> <Delay = 0.00>
ST_2 : Operation 155 [1/1] (0.00ns)   --->   "%mux_case_0708 = phi i32 %p_ZZ22low_pass_filter_secondRN3hls6streamINS_4axisI8ap_fixedILi32ELi10EL9ap_q_mod_50, void %arrayidx184.0.0.0610.20.case.1, i32 %tmp_4, void %arrayidx184.0.0.0610.20.case.0" [low_pass_filter_second.cpp:39]   --->   Operation 155 'phi' 'mux_case_0708' <Predicate = true> <Delay = 0.00>
ST_2 : Operation 156 [1/1] (0.00ns)   --->   "%mux_case_1705 = phi i32 %tmp_5, void %arrayidx184.0.0.0610.20.case.1, i32 %p_ZZ22low_pass_filter_secondRN3hls6streamINS_4axisI8ap_fixedILi32ELi10EL9ap_q_mod_53, void %arrayidx184.0.0.0610.20.case.0" [low_pass_filter_second.cpp:39]   --->   Operation 156 'phi' 'mux_case_1705' <Predicate = true> <Delay = 0.00>
ST_2 : Operation 157 [1/1] (0.00ns)   --->   "%mux_case_0704 = phi i32 %p_ZZ22low_pass_filter_secondRN3hls6streamINS_4axisI8ap_fixedILi32ELi10EL9ap_q_mod_52, void %arrayidx184.0.0.0610.20.case.1, i32 %tmp_5, void %arrayidx184.0.0.0610.20.case.0" [low_pass_filter_second.cpp:39]   --->   Operation 157 'phi' 'mux_case_0704' <Predicate = true> <Delay = 0.00>
ST_2 : Operation 158 [1/1] (0.00ns)   --->   "%mux_case_1701 = phi i32 %tmp_6, void %arrayidx184.0.0.0610.20.case.1, i32 %p_ZZ22low_pass_filter_secondRN3hls6streamINS_4axisI8ap_fixedILi32ELi10EL9ap_q_mod_55, void %arrayidx184.0.0.0610.20.case.0" [low_pass_filter_second.cpp:39]   --->   Operation 158 'phi' 'mux_case_1701' <Predicate = true> <Delay = 0.00>
ST_2 : Operation 159 [1/1] (0.00ns)   --->   "%mux_case_0700 = phi i32 %p_ZZ22low_pass_filter_secondRN3hls6streamINS_4axisI8ap_fixedILi32ELi10EL9ap_q_mod_54, void %arrayidx184.0.0.0610.20.case.1, i32 %tmp_6, void %arrayidx184.0.0.0610.20.case.0" [low_pass_filter_second.cpp:39]   --->   Operation 159 'phi' 'mux_case_0700' <Predicate = true> <Delay = 0.00>
ST_2 : Operation 160 [1/1] (0.00ns)   --->   "%mux_case_1697 = phi i32 %tmp_7, void %arrayidx184.0.0.0610.20.case.1, i32 %p_ZZ22low_pass_filter_secondRN3hls6streamINS_4axisI8ap_fixedILi32ELi10EL9ap_q_mod_57, void %arrayidx184.0.0.0610.20.case.0" [low_pass_filter_second.cpp:39]   --->   Operation 160 'phi' 'mux_case_1697' <Predicate = true> <Delay = 0.00>
ST_2 : Operation 161 [1/1] (0.00ns)   --->   "%mux_case_0696 = phi i32 %p_ZZ22low_pass_filter_secondRN3hls6streamINS_4axisI8ap_fixedILi32ELi10EL9ap_q_mod_56, void %arrayidx184.0.0.0610.20.case.1, i32 %tmp_7, void %arrayidx184.0.0.0610.20.case.0" [low_pass_filter_second.cpp:39]   --->   Operation 161 'phi' 'mux_case_0696' <Predicate = true> <Delay = 0.00>
ST_2 : Operation 162 [1/1] (0.00ns)   --->   "%mux_case_1693 = phi i32 %tmp_8, void %arrayidx184.0.0.0610.20.case.1, i32 %p_ZZ22low_pass_filter_secondRN3hls6streamINS_4axisI8ap_fixedILi32ELi10EL9ap_q_mod_59, void %arrayidx184.0.0.0610.20.case.0" [low_pass_filter_second.cpp:39]   --->   Operation 162 'phi' 'mux_case_1693' <Predicate = true> <Delay = 0.00>
ST_2 : Operation 163 [1/1] (0.00ns)   --->   "%mux_case_0692 = phi i32 %p_ZZ22low_pass_filter_secondRN3hls6streamINS_4axisI8ap_fixedILi32ELi10EL9ap_q_mod_58, void %arrayidx184.0.0.0610.20.case.1, i32 %tmp_8, void %arrayidx184.0.0.0610.20.case.0" [low_pass_filter_second.cpp:39]   --->   Operation 163 'phi' 'mux_case_0692' <Predicate = true> <Delay = 0.00>
ST_2 : Operation 164 [1/1] (0.00ns)   --->   "%mux_case_1689 = phi i32 %tmp_9, void %arrayidx184.0.0.0610.20.case.1, i32 %p_ZZ22low_pass_filter_secondRN3hls6streamINS_4axisI8ap_fixedILi32ELi10EL9ap_q_mod_61, void %arrayidx184.0.0.0610.20.case.0" [low_pass_filter_second.cpp:39]   --->   Operation 164 'phi' 'mux_case_1689' <Predicate = true> <Delay = 0.00>
ST_2 : Operation 165 [1/1] (0.00ns)   --->   "%mux_case_0688 = phi i32 %p_ZZ22low_pass_filter_secondRN3hls6streamINS_4axisI8ap_fixedILi32ELi10EL9ap_q_mod_60, void %arrayidx184.0.0.0610.20.case.1, i32 %tmp_9, void %arrayidx184.0.0.0610.20.case.0" [low_pass_filter_second.cpp:39]   --->   Operation 165 'phi' 'mux_case_0688' <Predicate = true> <Delay = 0.00>
ST_2 : Operation 166 [1/1] (0.00ns)   --->   "%mux_case_1685 = phi i32 %tmp_s, void %arrayidx184.0.0.0610.20.case.1, i32 %p_ZZ22low_pass_filter_secondRN3hls6streamINS_4axisI8ap_fixedILi32ELi10EL9ap_q_mod_63, void %arrayidx184.0.0.0610.20.case.0" [low_pass_filter_second.cpp:39]   --->   Operation 166 'phi' 'mux_case_1685' <Predicate = true> <Delay = 0.00>
ST_2 : Operation 167 [1/1] (0.00ns)   --->   "%mux_case_0684 = phi i32 %p_ZZ22low_pass_filter_secondRN3hls6streamINS_4axisI8ap_fixedILi32ELi10EL9ap_q_mod_62, void %arrayidx184.0.0.0610.20.case.1, i32 %tmp_s, void %arrayidx184.0.0.0610.20.case.0" [low_pass_filter_second.cpp:39]   --->   Operation 167 'phi' 'mux_case_0684' <Predicate = true> <Delay = 0.00>
ST_2 : Operation 168 [1/1] (0.00ns)   --->   "%mux_case_06768448518818919259399779951034 = phi i32 %p_ZZ22low_pass_filter_secondRN3hls6streamINS_4axisI8ap_fixedILi32ELi10EL9ap_q_mod_66, void %arrayidx184.0.0.0610.20.case.1, i32 %tmp_11, void %arrayidx184.0.0.0610.20.case.0" [low_pass_filter_second.cpp:39]   --->   Operation 168 'phi' 'mux_case_06768448518818919259399779951034' <Predicate = true> <Delay = 0.00>
ST_2 : Operation 169 [1/1] (0.00ns)   --->   "%mux_case_16778428538798939239419759971032 = phi i32 %tmp_11, void %arrayidx184.0.0.0610.20.case.1, i32 %p_ZZ22low_pass_filter_secondRN3hls6streamINS_4axisI8ap_fixedILi32ELi10EL9ap_q_mod_67, void %arrayidx184.0.0.0610.20.case.0" [low_pass_filter_second.cpp:39]   --->   Operation 169 'phi' 'mux_case_16778428538798939239419759971032' <Predicate = true> <Delay = 0.00>
ST_2 : Operation 170 [1/1] (0.00ns)   --->   "%mux_case_16818248408558778959219439739991030 = phi i32 %tmp_10, void %arrayidx184.0.0.0610.20.case.1, i32 %p_ZZ22low_pass_filter_secondRN3hls6streamINS_4axisI8ap_fixedILi32ELi10EL9ap_q_mod_65, void %arrayidx184.0.0.0610.20.case.0" [low_pass_filter_second.cpp:39]   --->   Operation 170 'phi' 'mux_case_16818248408558778959219439739991030' <Predicate = true> <Delay = 0.00>
ST_2 : Operation 171 [1/1] (0.00ns)   --->   "%mux_case_068082683885787589791994597110011028 = phi i32 %p_ZZ22low_pass_filter_secondRN3hls6streamINS_4axisI8ap_fixedILi32ELi10EL9ap_q_mod_64, void %arrayidx184.0.0.0610.20.case.1, i32 %tmp_10, void %arrayidx184.0.0.0610.20.case.0" [low_pass_filter_second.cpp:39]   --->   Operation 171 'phi' 'mux_case_068082683885787589791994597110011028' <Predicate = true> <Delay = 0.00>
ST_2 : Operation 172 [1/1] (0.00ns)   --->   "%mux_case_167385987389991794796910031026 = phi i32 %tmp_12, void %arrayidx184.0.0.0610.20.case.1, i32 %p_ZZ22low_pass_filter_secondRN3hls6streamINS_4axisI8ap_fixedILi32ELi10EL9ap_q_mod_69, void %arrayidx184.0.0.0610.20.case.0" [low_pass_filter_second.cpp:39]   --->   Operation 172 'phi' 'mux_case_167385987389991794796910031026' <Predicate = true> <Delay = 0.00>
ST_2 : Operation 173 [1/1] (0.00ns)   --->   "%mux_case_067286187190191594996710051024 = phi i32 %p_ZZ22low_pass_filter_secondRN3hls6streamINS_4axisI8ap_fixedILi32ELi10EL9ap_q_mod_68, void %arrayidx184.0.0.0610.20.case.1, i32 %tmp_12, void %arrayidx184.0.0.0610.20.case.0" [low_pass_filter_second.cpp:39]   --->   Operation 173 'phi' 'mux_case_067286187190191594996710051024' <Predicate = true> <Delay = 0.00>
ST_2 : Operation 174 [1/1] (0.00ns)   --->   "%sext_ln1316 = sext i32 %tmp_data_V_1"   --->   Operation 174 'sext' 'sext_ln1316' <Predicate = true> <Delay = 0.00>
ST_2 : Operation 175 [1/1] (0.00ns)   --->   "%sext_ln1316_1 = sext i16 %tmp_13"   --->   Operation 175 'sext' 'sext_ln1316_1' <Predicate = true> <Delay = 0.00>
ST_2 : Operation 176 [2/2] (6.91ns)   --->   "%mul_ln1316 = mul i47 %sext_ln1316, i47 %sext_ln1316_1"   --->   Operation 176 'mul' 'mul_ln1316' <Predicate = true> <Delay = 6.91> <CoreInst = "Multiplier">   --->   Core 3 'Multiplier' <Latency = 1> <II = 1> <Delay = 6.91> <FuncUnit> <Opcode : 'mul'> <InPorts = 2> <OutPorts = 1>
ST_2 : Operation 177 [1/1] (0.00ns)   --->   "%sext_ln1393 = sext i32 %r_V_1"   --->   Operation 177 'sext' 'sext_ln1393' <Predicate = true> <Delay = 0.00>
ST_2 : Operation 178 [1/1] (0.00ns)   --->   "%sext_ln1393_1 = sext i16 %tmp_14"   --->   Operation 178 'sext' 'sext_ln1393_1' <Predicate = true> <Delay = 0.00>
ST_2 : Operation 179 [2/2] (6.91ns)   --->   "%mul_ln1393 = mul i47 %sext_ln1393, i47 %sext_ln1393_1"   --->   Operation 179 'mul' 'mul_ln1393' <Predicate = true> <Delay = 6.91> <CoreInst = "Multiplier">   --->   Core 3 'Multiplier' <Latency = 1> <II = 1> <Delay = 6.91> <FuncUnit> <Opcode : 'mul'> <InPorts = 2> <OutPorts = 1>
ST_2 : Operation 180 [1/1] (0.00ns)   --->   "%sext_ln1393_2 = sext i32 %r_V_2"   --->   Operation 180 'sext' 'sext_ln1393_2' <Predicate = true> <Delay = 0.00>
ST_2 : Operation 181 [1/1] (0.00ns)   --->   "%sext_ln1393_3 = sext i16 %tmp_16"   --->   Operation 181 'sext' 'sext_ln1393_3' <Predicate = true> <Delay = 0.00>
ST_2 : Operation 182 [2/2] (6.91ns)   --->   "%mul_ln1393_1 = mul i47 %sext_ln1393_2, i47 %sext_ln1393_3"   --->   Operation 182 'mul' 'mul_ln1393_1' <Predicate = true> <Delay = 6.91> <CoreInst = "Multiplier">   --->   Core 3 'Multiplier' <Latency = 1> <II = 1> <Delay = 6.91> <FuncUnit> <Opcode : 'mul'> <InPorts = 2> <OutPorts = 1>
ST_2 : Operation 183 [1/1] (1.58ns)   --->   "%tmp_18 = mux i16 @_ssdm_op_Mux.ap_auto.2i16.i33, i16 213, i16 65104, i33 %sext_ln39"   --->   Operation 183 'mux' 'tmp_18' <Predicate = true> <Delay = 1.58> <CoreInst = "Multiplexer">   --->   Core 76 'Multiplexer' <Latency = 0> <II = 1> <Delay = 1.58> <FuncUnit> <Opcode : 'mux'> <InPorts = 2> <OutPorts = 1>
ST_2 : Operation 184 [1/1] (1.58ns)   --->   "%tmp_20 = mux i16 @_ssdm_op_Mux.ap_auto.2i16.i33, i16 64922, i16 135, i33 %sext_ln39"   --->   Operation 184 'mux' 'tmp_20' <Predicate = true> <Delay = 1.58> <CoreInst = "Multiplexer">   --->   Core 76 'Multiplexer' <Latency = 0> <II = 1> <Delay = 1.58> <FuncUnit> <Opcode : 'mux'> <InPorts = 2> <OutPorts = 1>
ST_2 : Operation 185 [1/1] (1.58ns)   --->   "%r_V_8 = mux i32 @_ssdm_op_Mux.ap_auto.2i32.i33, i32 %mux_case_067286187190191594996710051024, i32 %mux_case_167385987389991794796910031026, i33 %sext_ln39"   --->   Operation 185 'mux' 'r_V_8' <Predicate = true> <Delay = 1.58> <CoreInst = "Multiplexer">   --->   Core 76 'Multiplexer' <Latency = 0> <II = 1> <Delay = 1.58> <FuncUnit> <Opcode : 'mux'> <InPorts = 2> <OutPorts = 1>
ST_2 : Operation 186 [1/1] (1.58ns)   --->   "%r_V_9 = mux i32 @_ssdm_op_Mux.ap_auto.2i32.i33, i32 %mux_case_06768448518818919259399779951034, i32 %mux_case_16778428538798939239419759971032, i33 %sext_ln39"   --->   Operation 186 'mux' 'r_V_9' <Predicate = true> <Delay = 1.58> <CoreInst = "Multiplexer">   --->   Core 76 'Multiplexer' <Latency = 0> <II = 1> <Delay = 1.58> <FuncUnit> <Opcode : 'mux'> <InPorts = 2> <OutPorts = 1>
ST_2 : Operation 187 [1/1] (1.58ns)   --->   "%r_V_10 = mux i32 @_ssdm_op_Mux.ap_auto.2i32.i33, i32 %mux_case_068082683885787589791994597110011028, i32 %mux_case_16818248408558778959219439739991030, i33 %sext_ln39"   --->   Operation 187 'mux' 'r_V_10' <Predicate = true> <Delay = 1.58> <CoreInst = "Multiplexer">   --->   Core 76 'Multiplexer' <Latency = 0> <II = 1> <Delay = 1.58> <FuncUnit> <Opcode : 'mux'> <InPorts = 2> <OutPorts = 1>
ST_2 : Operation 188 [1/1] (1.58ns)   --->   "%r_V_11 = mux i32 @_ssdm_op_Mux.ap_auto.2i32.i33, i32 %mux_case_0684, i32 %mux_case_1685, i33 %sext_ln39"   --->   Operation 188 'mux' 'r_V_11' <Predicate = true> <Delay = 1.58> <CoreInst = "Multiplexer">   --->   Core 76 'Multiplexer' <Latency = 0> <II = 1> <Delay = 1.58> <FuncUnit> <Opcode : 'mux'> <InPorts = 2> <OutPorts = 1>
ST_2 : Operation 189 [1/1] (1.58ns)   --->   "%r_V_12 = mux i32 @_ssdm_op_Mux.ap_auto.2i32.i33, i32 %mux_case_0688, i32 %mux_case_1689, i33 %sext_ln39"   --->   Operation 189 'mux' 'r_V_12' <Predicate = true> <Delay = 1.58> <CoreInst = "Multiplexer">   --->   Core 76 'Multiplexer' <Latency = 0> <II = 1> <Delay = 1.58> <FuncUnit> <Opcode : 'mux'> <InPorts = 2> <OutPorts = 1>
ST_2 : Operation 190 [1/1] (1.58ns)   --->   "%r_V_13 = mux i32 @_ssdm_op_Mux.ap_auto.2i32.i33, i32 %mux_case_0692, i32 %mux_case_1693, i33 %sext_ln39"   --->   Operation 190 'mux' 'r_V_13' <Predicate = true> <Delay = 1.58> <CoreInst = "Multiplexer">   --->   Core 76 'Multiplexer' <Latency = 0> <II = 1> <Delay = 1.58> <FuncUnit> <Opcode : 'mux'> <InPorts = 2> <OutPorts = 1>
ST_2 : Operation 191 [1/1] (1.58ns)   --->   "%r_V_14 = mux i32 @_ssdm_op_Mux.ap_auto.2i32.i33, i32 %mux_case_0696, i32 %mux_case_1697, i33 %sext_ln39"   --->   Operation 191 'mux' 'r_V_14' <Predicate = true> <Delay = 1.58> <CoreInst = "Multiplexer">   --->   Core 76 'Multiplexer' <Latency = 0> <II = 1> <Delay = 1.58> <FuncUnit> <Opcode : 'mux'> <InPorts = 2> <OutPorts = 1>
ST_2 : Operation 192 [1/1] (1.58ns)   --->   "%r_V_15 = mux i32 @_ssdm_op_Mux.ap_auto.2i32.i33, i32 %mux_case_0700, i32 %mux_case_1701, i33 %sext_ln39"   --->   Operation 192 'mux' 'r_V_15' <Predicate = true> <Delay = 1.58> <CoreInst = "Multiplexer">   --->   Core 76 'Multiplexer' <Latency = 0> <II = 1> <Delay = 1.58> <FuncUnit> <Opcode : 'mux'> <InPorts = 2> <OutPorts = 1>
ST_2 : Operation 193 [1/1] (1.58ns)   --->   "%r_V_16 = mux i32 @_ssdm_op_Mux.ap_auto.2i32.i33, i32 %mux_case_0704, i32 %mux_case_1705, i33 %sext_ln39"   --->   Operation 193 'mux' 'r_V_16' <Predicate = true> <Delay = 1.58> <CoreInst = "Multiplexer">   --->   Core 76 'Multiplexer' <Latency = 0> <II = 1> <Delay = 1.58> <FuncUnit> <Opcode : 'mux'> <InPorts = 2> <OutPorts = 1>
ST_2 : Operation 194 [1/1] (1.58ns)   --->   "%r_V_17 = mux i32 @_ssdm_op_Mux.ap_auto.2i32.i33, i32 %mux_case_0708, i32 %mux_case_1709, i33 %sext_ln39"   --->   Operation 194 'mux' 'r_V_17' <Predicate = true> <Delay = 1.58> <CoreInst = "Multiplexer">   --->   Core 76 'Multiplexer' <Latency = 0> <II = 1> <Delay = 1.58> <FuncUnit> <Opcode : 'mux'> <InPorts = 2> <OutPorts = 1>
ST_2 : Operation 195 [1/1] (1.58ns)   --->   "%r_V_18 = mux i32 @_ssdm_op_Mux.ap_auto.2i32.i33, i32 %mux_case_0712, i32 %mux_case_1713, i33 %sext_ln39"   --->   Operation 195 'mux' 'r_V_18' <Predicate = true> <Delay = 1.58> <CoreInst = "Multiplexer">   --->   Core 76 'Multiplexer' <Latency = 0> <II = 1> <Delay = 1.58> <FuncUnit> <Opcode : 'mux'> <InPorts = 2> <OutPorts = 1>
ST_2 : Operation 196 [1/1] (1.58ns)   --->   "%r_V_19 = mux i32 @_ssdm_op_Mux.ap_auto.2i32.i33, i32 %mux_case_0716, i32 %mux_case_1717, i33 %sext_ln39"   --->   Operation 196 'mux' 'r_V_19' <Predicate = true> <Delay = 1.58> <CoreInst = "Multiplexer">   --->   Core 76 'Multiplexer' <Latency = 0> <II = 1> <Delay = 1.58> <FuncUnit> <Opcode : 'mux'> <InPorts = 2> <OutPorts = 1>
ST_2 : Operation 197 [1/1] (1.58ns)   --->   "%r_V_20 = mux i32 @_ssdm_op_Mux.ap_auto.2i32.i33, i32 %mux_case_0720, i32 %mux_case_1721, i33 %sext_ln39"   --->   Operation 197 'mux' 'r_V_20' <Predicate = true> <Delay = 1.58> <CoreInst = "Multiplexer">   --->   Core 76 'Multiplexer' <Latency = 0> <II = 1> <Delay = 1.58> <FuncUnit> <Opcode : 'mux'> <InPorts = 2> <OutPorts = 1>

State 3 <SV = 2> <Delay = 6.91>
ST_3 : Operation 198 [1/2] (6.91ns)   --->   "%mul_ln1316 = mul i47 %sext_ln1316, i47 %sext_ln1316_1"   --->   Operation 198 'mul' 'mul_ln1316' <Predicate = true> <Delay = 6.91> <CoreInst = "Multiplier">   --->   Core 3 'Multiplier' <Latency = 1> <II = 1> <Delay = 6.91> <FuncUnit> <Opcode : 'mul'> <InPorts = 2> <OutPorts = 1>
ST_3 : Operation 199 [1/2] (6.91ns)   --->   "%mul_ln1393 = mul i47 %sext_ln1393, i47 %sext_ln1393_1"   --->   Operation 199 'mul' 'mul_ln1393' <Predicate = true> <Delay = 6.91> <CoreInst = "Multiplier">   --->   Core 3 'Multiplier' <Latency = 1> <II = 1> <Delay = 6.91> <FuncUnit> <Opcode : 'mul'> <InPorts = 2> <OutPorts = 1>
ST_3 : Operation 200 [1/1] (0.00ns)   --->   "%tmp_15 = partselect i32 @_ssdm_op_PartSelect.i32.i47.i32.i32, i47 %mul_ln1316, i32 15, i32 46"   --->   Operation 200 'partselect' 'tmp_15' <Predicate = true> <Delay = 0.00>
ST_3 : Operation 201 [1/2] (6.91ns)   --->   "%mul_ln1393_1 = mul i47 %sext_ln1393_2, i47 %sext_ln1393_3"   --->   Operation 201 'mul' 'mul_ln1393_1' <Predicate = true> <Delay = 6.91> <CoreInst = "Multiplier">   --->   Core 3 'Multiplier' <Latency = 1> <II = 1> <Delay = 6.91> <FuncUnit> <Opcode : 'mul'> <InPorts = 2> <OutPorts = 1>
ST_3 : Operation 202 [1/1] (0.00ns)   --->   "%sext_ln1393_4 = sext i32 %r_V_3"   --->   Operation 202 'sext' 'sext_ln1393_4' <Predicate = true> <Delay = 0.00>
ST_3 : Operation 203 [1/1] (0.00ns)   --->   "%sext_ln1393_5 = sext i16 %tmp_18"   --->   Operation 203 'sext' 'sext_ln1393_5' <Predicate = true> <Delay = 0.00>
ST_3 : Operation 204 [2/2] (6.91ns)   --->   "%mul_ln1393_2 = mul i47 %sext_ln1393_4, i47 %sext_ln1393_5"   --->   Operation 204 'mul' 'mul_ln1393_2' <Predicate = true> <Delay = 6.91> <CoreInst = "Multiplier">   --->   Core 3 'Multiplier' <Latency = 1> <II = 1> <Delay = 6.91> <FuncUnit> <Opcode : 'mul'> <InPorts = 2> <OutPorts = 1>
ST_3 : Operation 205 [1/1] (0.00ns)   --->   "%sext_ln1393_6 = sext i32 %r_V_4"   --->   Operation 205 'sext' 'sext_ln1393_6' <Predicate = true> <Delay = 0.00>
ST_3 : Operation 206 [1/1] (0.00ns)   --->   "%sext_ln1393_7 = sext i16 %tmp_20"   --->   Operation 206 'sext' 'sext_ln1393_7' <Predicate = true> <Delay = 0.00>
ST_3 : Operation 207 [2/2] (6.91ns)   --->   "%mul_ln1393_3 = mul i47 %sext_ln1393_6, i47 %sext_ln1393_7"   --->   Operation 207 'mul' 'mul_ln1393_3' <Predicate = true> <Delay = 6.91> <CoreInst = "Multiplier">   --->   Core 3 'Multiplier' <Latency = 1> <II = 1> <Delay = 6.91> <FuncUnit> <Opcode : 'mul'> <InPorts = 2> <OutPorts = 1>
ST_3 : Operation 208 [1/1] (1.58ns)   --->   "%tmp_22 = mux i16 @_ssdm_op_Mux.ap_auto.2i16.i33, i16 797, i16 443, i33 %sext_ln39"   --->   Operation 208 'mux' 'tmp_22' <Predicate = true> <Delay = 1.58> <CoreInst = "Multiplexer">   --->   Core 76 'Multiplexer' <Latency = 0> <II = 1> <Delay = 1.58> <FuncUnit> <Opcode : 'mux'> <InPorts = 2> <OutPorts = 1>
ST_3 : Operation 209 [1/1] (1.58ns)   --->   "%tmp_24 = mux i16 @_ssdm_op_Mux.ap_auto.2i16.i33, i16 64822, i16 64486, i33 %sext_ln39"   --->   Operation 209 'mux' 'tmp_24' <Predicate = true> <Delay = 1.58> <CoreInst = "Multiplexer">   --->   Core 76 'Multiplexer' <Latency = 0> <II = 1> <Delay = 1.58> <FuncUnit> <Opcode : 'mux'> <InPorts = 2> <OutPorts = 1>

State 4 <SV = 3> <Delay = 6.91>
ST_4 : Operation 210 [1/1] (0.00ns)   --->   "%lhs_V = bitconcatenate i47 @_ssdm_op_BitConcatenate.i47.i32.i15, i32 %tmp_15, i15 0"   --->   Operation 210 'bitconcatenate' 'lhs_V' <Predicate = true> <Delay = 0.00>
ST_4 : Operation 211 [1/1] (3.07ns)   --->   "%ret_V = add i47 %lhs_V, i47 %mul_ln1393"   --->   Operation 211 'add' 'ret_V' <Predicate = true> <Delay = 3.07> <CoreInst = "Adder">   --->   Core 1 'Adder' <Latency = 0> <II = 1> <Delay = 3.07> <FuncUnit> <Opcode : 'add' 'sub'> <InPorts = 2> <OutPorts = 1>
ST_4 : Operation 212 [1/1] (0.00ns)   --->   "%tmp_17 = partselect i32 @_ssdm_op_PartSelect.i32.i47.i32.i32, i47 %ret_V, i32 15, i32 46"   --->   Operation 212 'partselect' 'tmp_17' <Predicate = true> <Delay = 0.00>
ST_4 : Operation 213 [1/1] (0.00ns)   --->   "%lhs_V_1 = bitconcatenate i47 @_ssdm_op_BitConcatenate.i47.i32.i15, i32 %tmp_17, i15 0"   --->   Operation 213 'bitconcatenate' 'lhs_V_1' <Predicate = true> <Delay = 0.00>
ST_4 : Operation 214 [1/1] (3.07ns)   --->   "%ret_V_1 = add i47 %lhs_V_1, i47 %mul_ln1393_1"   --->   Operation 214 'add' 'ret_V_1' <Predicate = true> <Delay = 3.07> <CoreInst = "Adder">   --->   Core 1 'Adder' <Latency = 0> <II = 1> <Delay = 3.07> <FuncUnit> <Opcode : 'add' 'sub'> <InPorts = 2> <OutPorts = 1>
ST_4 : Operation 215 [1/2] (6.91ns)   --->   "%mul_ln1393_2 = mul i47 %sext_ln1393_4, i47 %sext_ln1393_5"   --->   Operation 215 'mul' 'mul_ln1393_2' <Predicate = true> <Delay = 6.91> <CoreInst = "Multiplier">   --->   Core 3 'Multiplier' <Latency = 1> <II = 1> <Delay = 6.91> <FuncUnit> <Opcode : 'mul'> <InPorts = 2> <OutPorts = 1>
ST_4 : Operation 216 [1/1] (0.00ns)   --->   "%tmp_19 = partselect i32 @_ssdm_op_PartSelect.i32.i47.i32.i32, i47 %ret_V_1, i32 15, i32 46"   --->   Operation 216 'partselect' 'tmp_19' <Predicate = true> <Delay = 0.00>
ST_4 : Operation 217 [1/2] (6.91ns)   --->   "%mul_ln1393_3 = mul i47 %sext_ln1393_6, i47 %sext_ln1393_7"   --->   Operation 217 'mul' 'mul_ln1393_3' <Predicate = true> <Delay = 6.91> <CoreInst = "Multiplier">   --->   Core 3 'Multiplier' <Latency = 1> <II = 1> <Delay = 6.91> <FuncUnit> <Opcode : 'mul'> <InPorts = 2> <OutPorts = 1>
ST_4 : Operation 218 [1/1] (0.00ns)   --->   "%sext_ln1393_8 = sext i32 %r_V_5"   --->   Operation 218 'sext' 'sext_ln1393_8' <Predicate = true> <Delay = 0.00>
ST_4 : Operation 219 [1/1] (0.00ns)   --->   "%sext_ln1393_9 = sext i16 %tmp_22"   --->   Operation 219 'sext' 'sext_ln1393_9' <Predicate = true> <Delay = 0.00>
ST_4 : Operation 220 [2/2] (6.91ns)   --->   "%mul_ln1393_4 = mul i47 %sext_ln1393_8, i47 %sext_ln1393_9"   --->   Operation 220 'mul' 'mul_ln1393_4' <Predicate = true> <Delay = 6.91> <CoreInst = "Multiplier">   --->   Core 3 'Multiplier' <Latency = 1> <II = 1> <Delay = 6.91> <FuncUnit> <Opcode : 'mul'> <InPorts = 2> <OutPorts = 1>
ST_4 : Operation 221 [1/1] (0.00ns)   --->   "%sext_ln1393_10 = sext i32 %r_V_6"   --->   Operation 221 'sext' 'sext_ln1393_10' <Predicate = true> <Delay = 0.00>
ST_4 : Operation 222 [1/1] (0.00ns)   --->   "%sext_ln1393_11 = sext i16 %tmp_24"   --->   Operation 222 'sext' 'sext_ln1393_11' <Predicate = true> <Delay = 0.00>
ST_4 : Operation 223 [2/2] (6.91ns)   --->   "%mul_ln1393_5 = mul i47 %sext_ln1393_10, i47 %sext_ln1393_11"   --->   Operation 223 'mul' 'mul_ln1393_5' <Predicate = true> <Delay = 6.91> <CoreInst = "Multiplier">   --->   Core 3 'Multiplier' <Latency = 1> <II = 1> <Delay = 6.91> <FuncUnit> <Opcode : 'mul'> <InPorts = 2> <OutPorts = 1>
ST_4 : Operation 224 [1/1] (1.58ns)   --->   "%tmp_26 = mux i16 @_ssdm_op_Mux.ap_auto.2i16.i33, i16 121, i16 1525, i33 %sext_ln39"   --->   Operation 224 'mux' 'tmp_26' <Predicate = true> <Delay = 1.58> <CoreInst = "Multiplexer">   --->   Core 76 'Multiplexer' <Latency = 0> <II = 1> <Delay = 1.58> <FuncUnit> <Opcode : 'mux'> <InPorts = 2> <OutPorts = 1>
ST_4 : Operation 225 [1/1] (1.58ns)   --->   "%tmp_28 = mux i16 @_ssdm_op_Mux.ap_auto.2i16.i33, i16 972, i16 64092, i33 %sext_ln39"   --->   Operation 225 'mux' 'tmp_28' <Predicate = true> <Delay = 1.58> <CoreInst = "Multiplexer">   --->   Core 76 'Multiplexer' <Latency = 0> <II = 1> <Delay = 1.58> <FuncUnit> <Opcode : 'mux'> <InPorts = 2> <OutPorts = 1>

State 5 <SV = 4> <Delay = 6.91>
ST_5 : Operation 226 [1/1] (0.00ns)   --->   "%lhs_V_2 = bitconcatenate i47 @_ssdm_op_BitConcatenate.i47.i32.i15, i32 %tmp_19, i15 0"   --->   Operation 226 'bitconcatenate' 'lhs_V_2' <Predicate = true> <Delay = 0.00>
ST_5 : Operation 227 [1/1] (3.07ns)   --->   "%ret_V_2 = add i47 %lhs_V_2, i47 %mul_ln1393_2"   --->   Operation 227 'add' 'ret_V_2' <Predicate = true> <Delay = 3.07> <CoreInst = "Adder">   --->   Core 1 'Adder' <Latency = 0> <II = 1> <Delay = 3.07> <FuncUnit> <Opcode : 'add' 'sub'> <InPorts = 2> <OutPorts = 1>
ST_5 : Operation 228 [1/1] (0.00ns)   --->   "%tmp_21 = partselect i32 @_ssdm_op_PartSelect.i32.i47.i32.i32, i47 %ret_V_2, i32 15, i32 46"   --->   Operation 228 'partselect' 'tmp_21' <Predicate = true> <Delay = 0.00>
ST_5 : Operation 229 [1/1] (0.00ns)   --->   "%lhs_V_3 = bitconcatenate i47 @_ssdm_op_BitConcatenate.i47.i32.i15, i32 %tmp_21, i15 0"   --->   Operation 229 'bitconcatenate' 'lhs_V_3' <Predicate = true> <Delay = 0.00>
ST_5 : Operation 230 [1/1] (3.07ns)   --->   "%ret_V_3 = add i47 %lhs_V_3, i47 %mul_ln1393_3"   --->   Operation 230 'add' 'ret_V_3' <Predicate = true> <Delay = 3.07> <CoreInst = "Adder">   --->   Core 1 'Adder' <Latency = 0> <II = 1> <Delay = 3.07> <FuncUnit> <Opcode : 'add' 'sub'> <InPorts = 2> <OutPorts = 1>
ST_5 : Operation 231 [1/2] (6.91ns)   --->   "%mul_ln1393_4 = mul i47 %sext_ln1393_8, i47 %sext_ln1393_9"   --->   Operation 231 'mul' 'mul_ln1393_4' <Predicate = true> <Delay = 6.91> <CoreInst = "Multiplier">   --->   Core 3 'Multiplier' <Latency = 1> <II = 1> <Delay = 6.91> <FuncUnit> <Opcode : 'mul'> <InPorts = 2> <OutPorts = 1>
ST_5 : Operation 232 [1/1] (0.00ns)   --->   "%tmp_23 = partselect i32 @_ssdm_op_PartSelect.i32.i47.i32.i32, i47 %ret_V_3, i32 15, i32 46"   --->   Operation 232 'partselect' 'tmp_23' <Predicate = true> <Delay = 0.00>
ST_5 : Operation 233 [1/2] (6.91ns)   --->   "%mul_ln1393_5 = mul i47 %sext_ln1393_10, i47 %sext_ln1393_11"   --->   Operation 233 'mul' 'mul_ln1393_5' <Predicate = true> <Delay = 6.91> <CoreInst = "Multiplier">   --->   Core 3 'Multiplier' <Latency = 1> <II = 1> <Delay = 6.91> <FuncUnit> <Opcode : 'mul'> <InPorts = 2> <OutPorts = 1>
ST_5 : Operation 234 [1/1] (0.00ns)   --->   "%sext_ln1393_12 = sext i32 %r_V_7"   --->   Operation 234 'sext' 'sext_ln1393_12' <Predicate = true> <Delay = 0.00>
ST_5 : Operation 235 [1/1] (0.00ns)   --->   "%sext_ln1393_13 = sext i16 %tmp_26"   --->   Operation 235 'sext' 'sext_ln1393_13' <Predicate = true> <Delay = 0.00>
ST_5 : Operation 236 [2/2] (6.91ns)   --->   "%mul_ln1393_6 = mul i47 %sext_ln1393_12, i47 %sext_ln1393_13"   --->   Operation 236 'mul' 'mul_ln1393_6' <Predicate = true> <Delay = 6.91> <CoreInst = "Multiplier">   --->   Core 3 'Multiplier' <Latency = 1> <II = 1> <Delay = 6.91> <FuncUnit> <Opcode : 'mul'> <InPorts = 2> <OutPorts = 1>
ST_5 : Operation 237 [1/1] (0.00ns)   --->   "%sext_ln1393_14 = sext i32 %r_V_8"   --->   Operation 237 'sext' 'sext_ln1393_14' <Predicate = true> <Delay = 0.00>
ST_5 : Operation 238 [1/1] (0.00ns)   --->   "%sext_ln1393_15 = sext i16 %tmp_28"   --->   Operation 238 'sext' 'sext_ln1393_15' <Predicate = true> <Delay = 0.00>
ST_5 : Operation 239 [2/2] (6.91ns)   --->   "%mul_ln1393_7 = mul i47 %sext_ln1393_14, i47 %sext_ln1393_15"   --->   Operation 239 'mul' 'mul_ln1393_7' <Predicate = true> <Delay = 6.91> <CoreInst = "Multiplier">   --->   Core 3 'Multiplier' <Latency = 1> <II = 1> <Delay = 6.91> <FuncUnit> <Opcode : 'mul'> <InPorts = 2> <OutPorts = 1>
ST_5 : Operation 240 [1/1] (1.58ns)   --->   "%tmp_30 = mux i16 @_ssdm_op_Mux.ap_auto.2i16.i33, i16 62766, i16 139, i33 %sext_ln39"   --->   Operation 240 'mux' 'tmp_30' <Predicate = true> <Delay = 1.58> <CoreInst = "Multiplexer">   --->   Core 76 'Multiplexer' <Latency = 0> <II = 1> <Delay = 1.58> <FuncUnit> <Opcode : 'mux'> <InPorts = 2> <OutPorts = 1>
ST_5 : Operation 241 [1/1] (1.58ns)   --->   "%tmp_32 = mux i16 @_ssdm_op_Mux.ap_auto.2i16.i33, i16 6641, i16 12149, i33 %sext_ln39"   --->   Operation 241 'mux' 'tmp_32' <Predicate = true> <Delay = 1.58> <CoreInst = "Multiplexer">   --->   Core 76 'Multiplexer' <Latency = 0> <II = 1> <Delay = 1.58> <FuncUnit> <Opcode : 'mux'> <InPorts = 2> <OutPorts = 1>

State 6 <SV = 5> <Delay = 6.91>
ST_6 : Operation 242 [1/1] (0.00ns)   --->   "%lhs_V_4 = bitconcatenate i47 @_ssdm_op_BitConcatenate.i47.i32.i15, i32 %tmp_23, i15 0"   --->   Operation 242 'bitconcatenate' 'lhs_V_4' <Predicate = true> <Delay = 0.00>
ST_6 : Operation 243 [1/1] (3.07ns)   --->   "%ret_V_4 = add i47 %lhs_V_4, i47 %mul_ln1393_4"   --->   Operation 243 'add' 'ret_V_4' <Predicate = true> <Delay = 3.07> <CoreInst = "Adder">   --->   Core 1 'Adder' <Latency = 0> <II = 1> <Delay = 3.07> <FuncUnit> <Opcode : 'add' 'sub'> <InPorts = 2> <OutPorts = 1>
ST_6 : Operation 244 [1/1] (0.00ns)   --->   "%tmp_25 = partselect i32 @_ssdm_op_PartSelect.i32.i47.i32.i32, i47 %ret_V_4, i32 15, i32 46"   --->   Operation 244 'partselect' 'tmp_25' <Predicate = true> <Delay = 0.00>
ST_6 : Operation 245 [1/1] (0.00ns)   --->   "%lhs_V_5 = bitconcatenate i47 @_ssdm_op_BitConcatenate.i47.i32.i15, i32 %tmp_25, i15 0"   --->   Operation 245 'bitconcatenate' 'lhs_V_5' <Predicate = true> <Delay = 0.00>
ST_6 : Operation 246 [1/1] (3.07ns)   --->   "%ret_V_5 = add i47 %lhs_V_5, i47 %mul_ln1393_5"   --->   Operation 246 'add' 'ret_V_5' <Predicate = true> <Delay = 3.07> <CoreInst = "Adder">   --->   Core 1 'Adder' <Latency = 0> <II = 1> <Delay = 3.07> <FuncUnit> <Opcode : 'add' 'sub'> <InPorts = 2> <OutPorts = 1>
ST_6 : Operation 247 [1/2] (6.91ns)   --->   "%mul_ln1393_6 = mul i47 %sext_ln1393_12, i47 %sext_ln1393_13"   --->   Operation 247 'mul' 'mul_ln1393_6' <Predicate = true> <Delay = 6.91> <CoreInst = "Multiplier">   --->   Core 3 'Multiplier' <Latency = 1> <II = 1> <Delay = 6.91> <FuncUnit> <Opcode : 'mul'> <InPorts = 2> <OutPorts = 1>
ST_6 : Operation 248 [1/1] (0.00ns)   --->   "%tmp_27 = partselect i32 @_ssdm_op_PartSelect.i32.i47.i32.i32, i47 %ret_V_5, i32 15, i32 46"   --->   Operation 248 'partselect' 'tmp_27' <Predicate = true> <Delay = 0.00>
ST_6 : Operation 249 [1/2] (6.91ns)   --->   "%mul_ln1393_7 = mul i47 %sext_ln1393_14, i47 %sext_ln1393_15"   --->   Operation 249 'mul' 'mul_ln1393_7' <Predicate = true> <Delay = 6.91> <CoreInst = "Multiplier">   --->   Core 3 'Multiplier' <Latency = 1> <II = 1> <Delay = 6.91> <FuncUnit> <Opcode : 'mul'> <InPorts = 2> <OutPorts = 1>
ST_6 : Operation 250 [1/1] (0.00ns)   --->   "%sext_ln1393_16 = sext i32 %r_V_9"   --->   Operation 250 'sext' 'sext_ln1393_16' <Predicate = true> <Delay = 0.00>
ST_6 : Operation 251 [1/1] (0.00ns)   --->   "%sext_ln1393_17 = sext i16 %tmp_30"   --->   Operation 251 'sext' 'sext_ln1393_17' <Predicate = true> <Delay = 0.00>
ST_6 : Operation 252 [2/2] (6.91ns)   --->   "%mul_ln1393_8 = mul i47 %sext_ln1393_16, i47 %sext_ln1393_17"   --->   Operation 252 'mul' 'mul_ln1393_8' <Predicate = true> <Delay = 6.91> <CoreInst = "Multiplier">   --->   Core 3 'Multiplier' <Latency = 1> <II = 1> <Delay = 6.91> <FuncUnit> <Opcode : 'mul'> <InPorts = 2> <OutPorts = 1>
ST_6 : Operation 253 [1/1] (0.00ns)   --->   "%sext_ln1393_18 = sext i32 %r_V_10"   --->   Operation 253 'sext' 'sext_ln1393_18' <Predicate = true> <Delay = 0.00>
ST_6 : Operation 254 [1/1] (0.00ns)   --->   "%sext_ln1393_19 = sext i16 %tmp_32"   --->   Operation 254 'sext' 'sext_ln1393_19' <Predicate = true> <Delay = 0.00>
ST_6 : Operation 255 [2/2] (6.91ns)   --->   "%mul_ln1393_9 = mul i47 %sext_ln1393_18, i47 %sext_ln1393_19"   --->   Operation 255 'mul' 'mul_ln1393_9' <Predicate = true> <Delay = 6.91> <CoreInst = "Multiplier">   --->   Core 3 'Multiplier' <Latency = 1> <II = 1> <Delay = 6.91> <FuncUnit> <Opcode : 'mul'> <InPorts = 2> <OutPorts = 1>
ST_6 : Operation 256 [1/1] (1.58ns)   --->   "%tmp_34 = mux i16 @_ssdm_op_Mux.ap_auto.2i16.i33, i16 12149, i16 6641, i33 %sext_ln39"   --->   Operation 256 'mux' 'tmp_34' <Predicate = true> <Delay = 1.58> <CoreInst = "Multiplexer">   --->   Core 76 'Multiplexer' <Latency = 0> <II = 1> <Delay = 1.58> <FuncUnit> <Opcode : 'mux'> <InPorts = 2> <OutPorts = 1>
ST_6 : Operation 257 [1/1] (1.58ns)   --->   "%tmp_36 = mux i16 @_ssdm_op_Mux.ap_auto.2i16.i33, i16 139, i16 62766, i33 %sext_ln39"   --->   Operation 257 'mux' 'tmp_36' <Predicate = true> <Delay = 1.58> <CoreInst = "Multiplexer">   --->   Core 76 'Multiplexer' <Latency = 0> <II = 1> <Delay = 1.58> <FuncUnit> <Opcode : 'mux'> <InPorts = 2> <OutPorts = 1>

State 7 <SV = 6> <Delay = 6.91>
ST_7 : Operation 258 [1/1] (0.00ns)   --->   "%lhs_V_6 = bitconcatenate i47 @_ssdm_op_BitConcatenate.i47.i32.i15, i32 %tmp_27, i15 0"   --->   Operation 258 'bitconcatenate' 'lhs_V_6' <Predicate = true> <Delay = 0.00>
ST_7 : Operation 259 [1/1] (3.07ns)   --->   "%ret_V_6 = add i47 %lhs_V_6, i47 %mul_ln1393_6"   --->   Operation 259 'add' 'ret_V_6' <Predicate = true> <Delay = 3.07> <CoreInst = "Adder">   --->   Core 1 'Adder' <Latency = 0> <II = 1> <Delay = 3.07> <FuncUnit> <Opcode : 'add' 'sub'> <InPorts = 2> <OutPorts = 1>
ST_7 : Operation 260 [1/1] (0.00ns)   --->   "%tmp_29 = partselect i32 @_ssdm_op_PartSelect.i32.i47.i32.i32, i47 %ret_V_6, i32 15, i32 46"   --->   Operation 260 'partselect' 'tmp_29' <Predicate = true> <Delay = 0.00>
ST_7 : Operation 261 [1/1] (0.00ns)   --->   "%lhs_V_7 = bitconcatenate i47 @_ssdm_op_BitConcatenate.i47.i32.i15, i32 %tmp_29, i15 0"   --->   Operation 261 'bitconcatenate' 'lhs_V_7' <Predicate = true> <Delay = 0.00>
ST_7 : Operation 262 [1/1] (3.07ns)   --->   "%ret_V_7 = add i47 %lhs_V_7, i47 %mul_ln1393_7"   --->   Operation 262 'add' 'ret_V_7' <Predicate = true> <Delay = 3.07> <CoreInst = "Adder">   --->   Core 1 'Adder' <Latency = 0> <II = 1> <Delay = 3.07> <FuncUnit> <Opcode : 'add' 'sub'> <InPorts = 2> <OutPorts = 1>
ST_7 : Operation 263 [1/2] (6.91ns)   --->   "%mul_ln1393_8 = mul i47 %sext_ln1393_16, i47 %sext_ln1393_17"   --->   Operation 263 'mul' 'mul_ln1393_8' <Predicate = true> <Delay = 6.91> <CoreInst = "Multiplier">   --->   Core 3 'Multiplier' <Latency = 1> <II = 1> <Delay = 6.91> <FuncUnit> <Opcode : 'mul'> <InPorts = 2> <OutPorts = 1>
ST_7 : Operation 264 [1/1] (0.00ns)   --->   "%tmp_31 = partselect i32 @_ssdm_op_PartSelect.i32.i47.i32.i32, i47 %ret_V_7, i32 15, i32 46"   --->   Operation 264 'partselect' 'tmp_31' <Predicate = true> <Delay = 0.00>
ST_7 : Operation 265 [1/2] (6.91ns)   --->   "%mul_ln1393_9 = mul i47 %sext_ln1393_18, i47 %sext_ln1393_19"   --->   Operation 265 'mul' 'mul_ln1393_9' <Predicate = true> <Delay = 6.91> <CoreInst = "Multiplier">   --->   Core 3 'Multiplier' <Latency = 1> <II = 1> <Delay = 6.91> <FuncUnit> <Opcode : 'mul'> <InPorts = 2> <OutPorts = 1>
ST_7 : Operation 266 [1/1] (0.00ns)   --->   "%sext_ln1393_20 = sext i32 %r_V_11"   --->   Operation 266 'sext' 'sext_ln1393_20' <Predicate = true> <Delay = 0.00>
ST_7 : Operation 267 [1/1] (0.00ns)   --->   "%sext_ln1393_21 = sext i16 %tmp_34"   --->   Operation 267 'sext' 'sext_ln1393_21' <Predicate = true> <Delay = 0.00>
ST_7 : Operation 268 [2/2] (6.91ns)   --->   "%mul_ln1393_10 = mul i47 %sext_ln1393_20, i47 %sext_ln1393_21"   --->   Operation 268 'mul' 'mul_ln1393_10' <Predicate = true> <Delay = 6.91> <CoreInst = "Multiplier">   --->   Core 3 'Multiplier' <Latency = 1> <II = 1> <Delay = 6.91> <FuncUnit> <Opcode : 'mul'> <InPorts = 2> <OutPorts = 1>
ST_7 : Operation 269 [1/1] (0.00ns)   --->   "%sext_ln1393_22 = sext i32 %r_V_12"   --->   Operation 269 'sext' 'sext_ln1393_22' <Predicate = true> <Delay = 0.00>
ST_7 : Operation 270 [1/1] (0.00ns)   --->   "%sext_ln1393_23 = sext i16 %tmp_36"   --->   Operation 270 'sext' 'sext_ln1393_23' <Predicate = true> <Delay = 0.00>
ST_7 : Operation 271 [2/2] (6.91ns)   --->   "%mul_ln1393_11 = mul i47 %sext_ln1393_22, i47 %sext_ln1393_23"   --->   Operation 271 'mul' 'mul_ln1393_11' <Predicate = true> <Delay = 6.91> <CoreInst = "Multiplier">   --->   Core 3 'Multiplier' <Latency = 1> <II = 1> <Delay = 6.91> <FuncUnit> <Opcode : 'mul'> <InPorts = 2> <OutPorts = 1>
ST_7 : Operation 272 [1/1] (1.58ns)   --->   "%tmp_38 = mux i16 @_ssdm_op_Mux.ap_auto.2i16.i33, i16 64092, i16 972, i33 %sext_ln39"   --->   Operation 272 'mux' 'tmp_38' <Predicate = true> <Delay = 1.58> <CoreInst = "Multiplexer">   --->   Core 76 'Multiplexer' <Latency = 0> <II = 1> <Delay = 1.58> <FuncUnit> <Opcode : 'mux'> <InPorts = 2> <OutPorts = 1>
ST_7 : Operation 273 [1/1] (1.58ns)   --->   "%tmp_40 = mux i16 @_ssdm_op_Mux.ap_auto.2i16.i33, i16 1525, i16 121, i33 %sext_ln39"   --->   Operation 273 'mux' 'tmp_40' <Predicate = true> <Delay = 1.58> <CoreInst = "Multiplexer">   --->   Core 76 'Multiplexer' <Latency = 0> <II = 1> <Delay = 1.58> <FuncUnit> <Opcode : 'mux'> <InPorts = 2> <OutPorts = 1>

State 8 <SV = 7> <Delay = 6.91>
ST_8 : Operation 274 [1/1] (0.00ns)   --->   "%lhs_V_8 = bitconcatenate i47 @_ssdm_op_BitConcatenate.i47.i32.i15, i32 %tmp_31, i15 0"   --->   Operation 274 'bitconcatenate' 'lhs_V_8' <Predicate = true> <Delay = 0.00>
ST_8 : Operation 275 [1/1] (3.07ns)   --->   "%ret_V_8 = add i47 %lhs_V_8, i47 %mul_ln1393_8"   --->   Operation 275 'add' 'ret_V_8' <Predicate = true> <Delay = 3.07> <CoreInst = "Adder">   --->   Core 1 'Adder' <Latency = 0> <II = 1> <Delay = 3.07> <FuncUnit> <Opcode : 'add' 'sub'> <InPorts = 2> <OutPorts = 1>
ST_8 : Operation 276 [1/1] (0.00ns)   --->   "%tmp_33 = partselect i32 @_ssdm_op_PartSelect.i32.i47.i32.i32, i47 %ret_V_8, i32 15, i32 46"   --->   Operation 276 'partselect' 'tmp_33' <Predicate = true> <Delay = 0.00>
ST_8 : Operation 277 [1/1] (0.00ns)   --->   "%lhs_V_9 = bitconcatenate i47 @_ssdm_op_BitConcatenate.i47.i32.i15, i32 %tmp_33, i15 0"   --->   Operation 277 'bitconcatenate' 'lhs_V_9' <Predicate = true> <Delay = 0.00>
ST_8 : Operation 278 [1/1] (3.07ns)   --->   "%ret_V_9 = add i47 %lhs_V_9, i47 %mul_ln1393_9"   --->   Operation 278 'add' 'ret_V_9' <Predicate = true> <Delay = 3.07> <CoreInst = "Adder">   --->   Core 1 'Adder' <Latency = 0> <II = 1> <Delay = 3.07> <FuncUnit> <Opcode : 'add' 'sub'> <InPorts = 2> <OutPorts = 1>
ST_8 : Operation 279 [1/2] (6.91ns)   --->   "%mul_ln1393_10 = mul i47 %sext_ln1393_20, i47 %sext_ln1393_21"   --->   Operation 279 'mul' 'mul_ln1393_10' <Predicate = true> <Delay = 6.91> <CoreInst = "Multiplier">   --->   Core 3 'Multiplier' <Latency = 1> <II = 1> <Delay = 6.91> <FuncUnit> <Opcode : 'mul'> <InPorts = 2> <OutPorts = 1>
ST_8 : Operation 280 [1/1] (0.00ns)   --->   "%tmp_35 = partselect i32 @_ssdm_op_PartSelect.i32.i47.i32.i32, i47 %ret_V_9, i32 15, i32 46"   --->   Operation 280 'partselect' 'tmp_35' <Predicate = true> <Delay = 0.00>
ST_8 : Operation 281 [1/2] (6.91ns)   --->   "%mul_ln1393_11 = mul i47 %sext_ln1393_22, i47 %sext_ln1393_23"   --->   Operation 281 'mul' 'mul_ln1393_11' <Predicate = true> <Delay = 6.91> <CoreInst = "Multiplier">   --->   Core 3 'Multiplier' <Latency = 1> <II = 1> <Delay = 6.91> <FuncUnit> <Opcode : 'mul'> <InPorts = 2> <OutPorts = 1>
ST_8 : Operation 282 [1/1] (0.00ns)   --->   "%sext_ln1393_24 = sext i32 %r_V_13"   --->   Operation 282 'sext' 'sext_ln1393_24' <Predicate = true> <Delay = 0.00>
ST_8 : Operation 283 [1/1] (0.00ns)   --->   "%sext_ln1393_25 = sext i16 %tmp_38"   --->   Operation 283 'sext' 'sext_ln1393_25' <Predicate = true> <Delay = 0.00>
ST_8 : Operation 284 [2/2] (6.91ns)   --->   "%mul_ln1393_12 = mul i47 %sext_ln1393_24, i47 %sext_ln1393_25"   --->   Operation 284 'mul' 'mul_ln1393_12' <Predicate = true> <Delay = 6.91> <CoreInst = "Multiplier">   --->   Core 3 'Multiplier' <Latency = 1> <II = 1> <Delay = 6.91> <FuncUnit> <Opcode : 'mul'> <InPorts = 2> <OutPorts = 1>
ST_8 : Operation 285 [1/1] (0.00ns)   --->   "%sext_ln1393_26 = sext i32 %r_V_14"   --->   Operation 285 'sext' 'sext_ln1393_26' <Predicate = true> <Delay = 0.00>
ST_8 : Operation 286 [1/1] (0.00ns)   --->   "%sext_ln1393_27 = sext i16 %tmp_40"   --->   Operation 286 'sext' 'sext_ln1393_27' <Predicate = true> <Delay = 0.00>
ST_8 : Operation 287 [2/2] (6.91ns)   --->   "%mul_ln1393_13 = mul i47 %sext_ln1393_26, i47 %sext_ln1393_27"   --->   Operation 287 'mul' 'mul_ln1393_13' <Predicate = true> <Delay = 6.91> <CoreInst = "Multiplier">   --->   Core 3 'Multiplier' <Latency = 1> <II = 1> <Delay = 6.91> <FuncUnit> <Opcode : 'mul'> <InPorts = 2> <OutPorts = 1>
ST_8 : Operation 288 [1/1] (1.58ns)   --->   "%tmp_42 = mux i16 @_ssdm_op_Mux.ap_auto.2i16.i33, i16 64486, i16 64822, i33 %sext_ln39"   --->   Operation 288 'mux' 'tmp_42' <Predicate = true> <Delay = 1.58> <CoreInst = "Multiplexer">   --->   Core 76 'Multiplexer' <Latency = 0> <II = 1> <Delay = 1.58> <FuncUnit> <Opcode : 'mux'> <InPorts = 2> <OutPorts = 1>
ST_8 : Operation 289 [1/1] (1.58ns)   --->   "%tmp_44 = mux i16 @_ssdm_op_Mux.ap_auto.2i16.i33, i16 443, i16 797, i33 %sext_ln39"   --->   Operation 289 'mux' 'tmp_44' <Predicate = true> <Delay = 1.58> <CoreInst = "Multiplexer">   --->   Core 76 'Multiplexer' <Latency = 0> <II = 1> <Delay = 1.58> <FuncUnit> <Opcode : 'mux'> <InPorts = 2> <OutPorts = 1>

State 9 <SV = 8> <Delay = 6.91>
ST_9 : Operation 290 [1/1] (0.00ns)   --->   "%lhs_V_10 = bitconcatenate i47 @_ssdm_op_BitConcatenate.i47.i32.i15, i32 %tmp_35, i15 0"   --->   Operation 290 'bitconcatenate' 'lhs_V_10' <Predicate = true> <Delay = 0.00>
ST_9 : Operation 291 [1/1] (3.07ns)   --->   "%ret_V_10 = add i47 %lhs_V_10, i47 %mul_ln1393_10"   --->   Operation 291 'add' 'ret_V_10' <Predicate = true> <Delay = 3.07> <CoreInst = "Adder">   --->   Core 1 'Adder' <Latency = 0> <II = 1> <Delay = 3.07> <FuncUnit> <Opcode : 'add' 'sub'> <InPorts = 2> <OutPorts = 1>
ST_9 : Operation 292 [1/1] (0.00ns)   --->   "%tmp_37 = partselect i32 @_ssdm_op_PartSelect.i32.i47.i32.i32, i47 %ret_V_10, i32 15, i32 46"   --->   Operation 292 'partselect' 'tmp_37' <Predicate = true> <Delay = 0.00>
ST_9 : Operation 293 [1/1] (0.00ns)   --->   "%lhs_V_11 = bitconcatenate i47 @_ssdm_op_BitConcatenate.i47.i32.i15, i32 %tmp_37, i15 0"   --->   Operation 293 'bitconcatenate' 'lhs_V_11' <Predicate = true> <Delay = 0.00>
ST_9 : Operation 294 [1/1] (3.07ns)   --->   "%ret_V_11 = add i47 %lhs_V_11, i47 %mul_ln1393_11"   --->   Operation 294 'add' 'ret_V_11' <Predicate = true> <Delay = 3.07> <CoreInst = "Adder">   --->   Core 1 'Adder' <Latency = 0> <II = 1> <Delay = 3.07> <FuncUnit> <Opcode : 'add' 'sub'> <InPorts = 2> <OutPorts = 1>
ST_9 : Operation 295 [1/2] (6.91ns)   --->   "%mul_ln1393_12 = mul i47 %sext_ln1393_24, i47 %sext_ln1393_25"   --->   Operation 295 'mul' 'mul_ln1393_12' <Predicate = true> <Delay = 6.91> <CoreInst = "Multiplier">   --->   Core 3 'Multiplier' <Latency = 1> <II = 1> <Delay = 6.91> <FuncUnit> <Opcode : 'mul'> <InPorts = 2> <OutPorts = 1>
ST_9 : Operation 296 [1/1] (0.00ns)   --->   "%tmp_39 = partselect i32 @_ssdm_op_PartSelect.i32.i47.i32.i32, i47 %ret_V_11, i32 15, i32 46"   --->   Operation 296 'partselect' 'tmp_39' <Predicate = true> <Delay = 0.00>
ST_9 : Operation 297 [1/2] (6.91ns)   --->   "%mul_ln1393_13 = mul i47 %sext_ln1393_26, i47 %sext_ln1393_27"   --->   Operation 297 'mul' 'mul_ln1393_13' <Predicate = true> <Delay = 6.91> <CoreInst = "Multiplier">   --->   Core 3 'Multiplier' <Latency = 1> <II = 1> <Delay = 6.91> <FuncUnit> <Opcode : 'mul'> <InPorts = 2> <OutPorts = 1>
ST_9 : Operation 298 [1/1] (0.00ns)   --->   "%sext_ln1393_28 = sext i32 %r_V_15"   --->   Operation 298 'sext' 'sext_ln1393_28' <Predicate = true> <Delay = 0.00>
ST_9 : Operation 299 [1/1] (0.00ns)   --->   "%sext_ln1393_29 = sext i16 %tmp_42"   --->   Operation 299 'sext' 'sext_ln1393_29' <Predicate = true> <Delay = 0.00>
ST_9 : Operation 300 [2/2] (6.91ns)   --->   "%mul_ln1393_14 = mul i47 %sext_ln1393_28, i47 %sext_ln1393_29"   --->   Operation 300 'mul' 'mul_ln1393_14' <Predicate = true> <Delay = 6.91> <CoreInst = "Multiplier">   --->   Core 3 'Multiplier' <Latency = 1> <II = 1> <Delay = 6.91> <FuncUnit> <Opcode : 'mul'> <InPorts = 2> <OutPorts = 1>
ST_9 : Operation 301 [1/1] (0.00ns)   --->   "%sext_ln1393_30 = sext i32 %r_V_16"   --->   Operation 301 'sext' 'sext_ln1393_30' <Predicate = true> <Delay = 0.00>
ST_9 : Operation 302 [1/1] (0.00ns)   --->   "%sext_ln1393_31 = sext i16 %tmp_44"   --->   Operation 302 'sext' 'sext_ln1393_31' <Predicate = true> <Delay = 0.00>
ST_9 : Operation 303 [2/2] (6.91ns)   --->   "%mul_ln1393_15 = mul i47 %sext_ln1393_30, i47 %sext_ln1393_31"   --->   Operation 303 'mul' 'mul_ln1393_15' <Predicate = true> <Delay = 6.91> <CoreInst = "Multiplier">   --->   Core 3 'Multiplier' <Latency = 1> <II = 1> <Delay = 6.91> <FuncUnit> <Opcode : 'mul'> <InPorts = 2> <OutPorts = 1>
ST_9 : Operation 304 [1/1] (1.58ns)   --->   "%tmp_46 = mux i16 @_ssdm_op_Mux.ap_auto.2i16.i33, i16 135, i16 64922, i33 %sext_ln39"   --->   Operation 304 'mux' 'tmp_46' <Predicate = true> <Delay = 1.58> <CoreInst = "Multiplexer">   --->   Core 76 'Multiplexer' <Latency = 0> <II = 1> <Delay = 1.58> <FuncUnit> <Opcode : 'mux'> <InPorts = 2> <OutPorts = 1>
ST_9 : Operation 305 [1/1] (1.58ns)   --->   "%tmp_48 = mux i16 @_ssdm_op_Mux.ap_auto.2i16.i33, i16 65104, i16 213, i33 %sext_ln39"   --->   Operation 305 'mux' 'tmp_48' <Predicate = true> <Delay = 1.58> <CoreInst = "Multiplexer">   --->   Core 76 'Multiplexer' <Latency = 0> <II = 1> <Delay = 1.58> <FuncUnit> <Opcode : 'mux'> <InPorts = 2> <OutPorts = 1>

State 10 <SV = 9> <Delay = 6.91>
ST_10 : Operation 306 [1/1] (0.00ns)   --->   "%lhs_V_12 = bitconcatenate i47 @_ssdm_op_BitConcatenate.i47.i32.i15, i32 %tmp_39, i15 0"   --->   Operation 306 'bitconcatenate' 'lhs_V_12' <Predicate = true> <Delay = 0.00>
ST_10 : Operation 307 [1/1] (3.07ns)   --->   "%ret_V_12 = add i47 %lhs_V_12, i47 %mul_ln1393_12"   --->   Operation 307 'add' 'ret_V_12' <Predicate = true> <Delay = 3.07> <CoreInst = "Adder">   --->   Core 1 'Adder' <Latency = 0> <II = 1> <Delay = 3.07> <FuncUnit> <Opcode : 'add' 'sub'> <InPorts = 2> <OutPorts = 1>
ST_10 : Operation 308 [1/1] (0.00ns)   --->   "%tmp_41 = partselect i32 @_ssdm_op_PartSelect.i32.i47.i32.i32, i47 %ret_V_12, i32 15, i32 46"   --->   Operation 308 'partselect' 'tmp_41' <Predicate = true> <Delay = 0.00>
ST_10 : Operation 309 [1/1] (0.00ns)   --->   "%lhs_V_13 = bitconcatenate i47 @_ssdm_op_BitConcatenate.i47.i32.i15, i32 %tmp_41, i15 0"   --->   Operation 309 'bitconcatenate' 'lhs_V_13' <Predicate = true> <Delay = 0.00>
ST_10 : Operation 310 [1/1] (3.07ns)   --->   "%ret_V_13 = add i47 %lhs_V_13, i47 %mul_ln1393_13"   --->   Operation 310 'add' 'ret_V_13' <Predicate = true> <Delay = 3.07> <CoreInst = "Adder">   --->   Core 1 'Adder' <Latency = 0> <II = 1> <Delay = 3.07> <FuncUnit> <Opcode : 'add' 'sub'> <InPorts = 2> <OutPorts = 1>
ST_10 : Operation 311 [1/2] (6.91ns)   --->   "%mul_ln1393_14 = mul i47 %sext_ln1393_28, i47 %sext_ln1393_29"   --->   Operation 311 'mul' 'mul_ln1393_14' <Predicate = true> <Delay = 6.91> <CoreInst = "Multiplier">   --->   Core 3 'Multiplier' <Latency = 1> <II = 1> <Delay = 6.91> <FuncUnit> <Opcode : 'mul'> <InPorts = 2> <OutPorts = 1>
ST_10 : Operation 312 [1/1] (0.00ns)   --->   "%tmp_43 = partselect i32 @_ssdm_op_PartSelect.i32.i47.i32.i32, i47 %ret_V_13, i32 15, i32 46"   --->   Operation 312 'partselect' 'tmp_43' <Predicate = true> <Delay = 0.00>
ST_10 : Operation 313 [1/2] (6.91ns)   --->   "%mul_ln1393_15 = mul i47 %sext_ln1393_30, i47 %sext_ln1393_31"   --->   Operation 313 'mul' 'mul_ln1393_15' <Predicate = true> <Delay = 6.91> <CoreInst = "Multiplier">   --->   Core 3 'Multiplier' <Latency = 1> <II = 1> <Delay = 6.91> <FuncUnit> <Opcode : 'mul'> <InPorts = 2> <OutPorts = 1>
ST_10 : Operation 314 [1/1] (0.00ns)   --->   "%sext_ln1393_32 = sext i32 %r_V_17"   --->   Operation 314 'sext' 'sext_ln1393_32' <Predicate = true> <Delay = 0.00>
ST_10 : Operation 315 [1/1] (0.00ns)   --->   "%sext_ln1393_33 = sext i16 %tmp_46"   --->   Operation 315 'sext' 'sext_ln1393_33' <Predicate = true> <Delay = 0.00>
ST_10 : Operation 316 [2/2] (6.91ns)   --->   "%mul_ln1393_16 = mul i47 %sext_ln1393_32, i47 %sext_ln1393_33"   --->   Operation 316 'mul' 'mul_ln1393_16' <Predicate = true> <Delay = 6.91> <CoreInst = "Multiplier">   --->   Core 3 'Multiplier' <Latency = 1> <II = 1> <Delay = 6.91> <FuncUnit> <Opcode : 'mul'> <InPorts = 2> <OutPorts = 1>
ST_10 : Operation 317 [1/1] (0.00ns)   --->   "%sext_ln1393_34 = sext i32 %r_V_18"   --->   Operation 317 'sext' 'sext_ln1393_34' <Predicate = true> <Delay = 0.00>
ST_10 : Operation 318 [1/1] (0.00ns)   --->   "%sext_ln1393_35 = sext i16 %tmp_48"   --->   Operation 318 'sext' 'sext_ln1393_35' <Predicate = true> <Delay = 0.00>
ST_10 : Operation 319 [2/2] (6.91ns)   --->   "%mul_ln1393_17 = mul i47 %sext_ln1393_34, i47 %sext_ln1393_35"   --->   Operation 319 'mul' 'mul_ln1393_17' <Predicate = true> <Delay = 6.91> <CoreInst = "Multiplier">   --->   Core 3 'Multiplier' <Latency = 1> <II = 1> <Delay = 6.91> <FuncUnit> <Opcode : 'mul'> <InPorts = 2> <OutPorts = 1>
ST_10 : Operation 320 [1/1] (1.58ns)   --->   "%tmp_50 = mux i16 @_ssdm_op_Mux.ap_auto.2i16.i33, i16 531, i16 88, i33 %sext_ln39"   --->   Operation 320 'mux' 'tmp_50' <Predicate = true> <Delay = 1.58> <CoreInst = "Multiplexer">   --->   Core 76 'Multiplexer' <Latency = 0> <II = 1> <Delay = 1.58> <FuncUnit> <Opcode : 'mux'> <InPorts = 2> <OutPorts = 1>
ST_10 : Operation 321 [1/1] (1.58ns)   --->   "%tmp_52 = mux i16 @_ssdm_op_Mux.ap_auto.2i16.i33, i16 65183, i16 65203, i33 %sext_ln39"   --->   Operation 321 'mux' 'tmp_52' <Predicate = true> <Delay = 1.58> <CoreInst = "Multiplexer">   --->   Core 76 'Multiplexer' <Latency = 0> <II = 1> <Delay = 1.58> <FuncUnit> <Opcode : 'mux'> <InPorts = 2> <OutPorts = 1>

State 11 <SV = 10> <Delay = 6.91>
ST_11 : Operation 322 [1/1] (0.00ns)   --->   "%lhs_V_14 = bitconcatenate i47 @_ssdm_op_BitConcatenate.i47.i32.i15, i32 %tmp_43, i15 0"   --->   Operation 322 'bitconcatenate' 'lhs_V_14' <Predicate = true> <Delay = 0.00>
ST_11 : Operation 323 [1/1] (3.07ns)   --->   "%ret_V_14 = add i47 %lhs_V_14, i47 %mul_ln1393_14"   --->   Operation 323 'add' 'ret_V_14' <Predicate = true> <Delay = 3.07> <CoreInst = "Adder">   --->   Core 1 'Adder' <Latency = 0> <II = 1> <Delay = 3.07> <FuncUnit> <Opcode : 'add' 'sub'> <InPorts = 2> <OutPorts = 1>
ST_11 : Operation 324 [1/1] (0.00ns)   --->   "%tmp_45 = partselect i32 @_ssdm_op_PartSelect.i32.i47.i32.i32, i47 %ret_V_14, i32 15, i32 46"   --->   Operation 324 'partselect' 'tmp_45' <Predicate = true> <Delay = 0.00>
ST_11 : Operation 325 [1/1] (0.00ns)   --->   "%lhs_V_15 = bitconcatenate i47 @_ssdm_op_BitConcatenate.i47.i32.i15, i32 %tmp_45, i15 0"   --->   Operation 325 'bitconcatenate' 'lhs_V_15' <Predicate = true> <Delay = 0.00>
ST_11 : Operation 326 [1/1] (3.07ns)   --->   "%ret_V_15 = add i47 %lhs_V_15, i47 %mul_ln1393_15"   --->   Operation 326 'add' 'ret_V_15' <Predicate = true> <Delay = 3.07> <CoreInst = "Adder">   --->   Core 1 'Adder' <Latency = 0> <II = 1> <Delay = 3.07> <FuncUnit> <Opcode : 'add' 'sub'> <InPorts = 2> <OutPorts = 1>
ST_11 : Operation 327 [1/2] (6.91ns)   --->   "%mul_ln1393_16 = mul i47 %sext_ln1393_32, i47 %sext_ln1393_33"   --->   Operation 327 'mul' 'mul_ln1393_16' <Predicate = true> <Delay = 6.91> <CoreInst = "Multiplier">   --->   Core 3 'Multiplier' <Latency = 1> <II = 1> <Delay = 6.91> <FuncUnit> <Opcode : 'mul'> <InPorts = 2> <OutPorts = 1>
ST_11 : Operation 328 [1/1] (0.00ns)   --->   "%tmp_47 = partselect i32 @_ssdm_op_PartSelect.i32.i47.i32.i32, i47 %ret_V_15, i32 15, i32 46"   --->   Operation 328 'partselect' 'tmp_47' <Predicate = true> <Delay = 0.00>
ST_11 : Operation 329 [1/2] (6.91ns)   --->   "%mul_ln1393_17 = mul i47 %sext_ln1393_34, i47 %sext_ln1393_35"   --->   Operation 329 'mul' 'mul_ln1393_17' <Predicate = true> <Delay = 6.91> <CoreInst = "Multiplier">   --->   Core 3 'Multiplier' <Latency = 1> <II = 1> <Delay = 6.91> <FuncUnit> <Opcode : 'mul'> <InPorts = 2> <OutPorts = 1>
ST_11 : Operation 330 [1/1] (0.00ns)   --->   "%sext_ln1393_36 = sext i32 %r_V_19"   --->   Operation 330 'sext' 'sext_ln1393_36' <Predicate = true> <Delay = 0.00>
ST_11 : Operation 331 [1/1] (0.00ns)   --->   "%sext_ln1393_37 = sext i16 %tmp_50"   --->   Operation 331 'sext' 'sext_ln1393_37' <Predicate = true> <Delay = 0.00>
ST_11 : Operation 332 [2/2] (6.91ns)   --->   "%mul_ln1393_18 = mul i47 %sext_ln1393_36, i47 %sext_ln1393_37"   --->   Operation 332 'mul' 'mul_ln1393_18' <Predicate = true> <Delay = 6.91> <CoreInst = "Multiplier">   --->   Core 3 'Multiplier' <Latency = 1> <II = 1> <Delay = 6.91> <FuncUnit> <Opcode : 'mul'> <InPorts = 2> <OutPorts = 1>
ST_11 : Operation 333 [1/1] (0.00ns)   --->   "%sext_ln1393_38 = sext i32 %r_V_20"   --->   Operation 333 'sext' 'sext_ln1393_38' <Predicate = true> <Delay = 0.00>
ST_11 : Operation 334 [1/1] (0.00ns)   --->   "%sext_ln1393_39 = sext i16 %tmp_52"   --->   Operation 334 'sext' 'sext_ln1393_39' <Predicate = true> <Delay = 0.00>
ST_11 : Operation 335 [2/2] (6.91ns)   --->   "%mul_ln1393_19 = mul i47 %sext_ln1393_38, i47 %sext_ln1393_39"   --->   Operation 335 'mul' 'mul_ln1393_19' <Predicate = true> <Delay = 6.91> <CoreInst = "Multiplier">   --->   Core 3 'Multiplier' <Latency = 1> <II = 1> <Delay = 6.91> <FuncUnit> <Opcode : 'mul'> <InPorts = 2> <OutPorts = 1>
ST_11 : Operation 336 [1/1] (0.00ns)   --->   "%p_ZZ22low_pass_filter_secondRN3hls6streamINS_4axisI8ap_fixedILi32ELi10EL9ap_q_mod_86 = load i32 %p_ZZ22low_pass_filter_secondRN3hls6streamINS_4axisI8ap_fixedILi32ELi10EL9ap_q_mod_29"   --->   Operation 336 'load' 'p_ZZ22low_pass_filter_secondRN3hls6streamINS_4axisI8ap_fixedILi32ELi10EL9ap_q_mod_86' <Predicate = true> <Delay = 0.00>
ST_11 : Operation 337 [1/1] (0.00ns)   --->   "%p_ZZ22low_pass_filter_secondRN3hls6streamINS_4axisI8ap_fixedILi32ELi10EL9ap_q_mod_87 = load i32 %p_ZZ22low_pass_filter_secondRN3hls6streamINS_4axisI8ap_fixedILi32ELi10EL9ap_q_mod_7"   --->   Operation 337 'load' 'p_ZZ22low_pass_filter_secondRN3hls6streamINS_4axisI8ap_fixedILi32ELi10EL9ap_q_mod_87' <Predicate = true> <Delay = 0.00>
ST_11 : Operation 338 [1/1] (1.58ns)   --->   "%r_V_21 = mux i32 @_ssdm_op_Mux.ap_auto.2i32.i33, i32 %p_ZZ22low_pass_filter_secondRN3hls6streamINS_4axisI8ap_fixedILi32ELi10EL9ap_q_mod_86, i32 %p_ZZ22low_pass_filter_secondRN3hls6streamINS_4axisI8ap_fixedILi32ELi10EL9ap_q_mod_87, i33 %sext_ln39"   --->   Operation 338 'mux' 'r_V_21' <Predicate = true> <Delay = 1.58> <CoreInst = "Multiplexer">   --->   Core 76 'Multiplexer' <Latency = 0> <II = 1> <Delay = 1.58> <FuncUnit> <Opcode : 'mux'> <InPorts = 2> <OutPorts = 1>
ST_11 : Operation 339 [1/1] (1.58ns)   --->   "%tmp_54 = mux i16 @_ssdm_op_Mux.ap_auto.2i16.i33, i16 151, i16 1294, i33 %sext_ln39"   --->   Operation 339 'mux' 'tmp_54' <Predicate = true> <Delay = 1.58> <CoreInst = "Multiplexer">   --->   Core 76 'Multiplexer' <Latency = 0> <II = 1> <Delay = 1.58> <FuncUnit> <Opcode : 'mux'> <InPorts = 2> <OutPorts = 1>

State 12 <SV = 11> <Delay = 6.91>
ST_12 : Operation 340 [1/1] (0.00ns)   --->   "%lhs_V_16 = bitconcatenate i47 @_ssdm_op_BitConcatenate.i47.i32.i15, i32 %tmp_47, i15 0"   --->   Operation 340 'bitconcatenate' 'lhs_V_16' <Predicate = true> <Delay = 0.00>
ST_12 : Operation 341 [1/1] (3.07ns)   --->   "%ret_V_16 = add i47 %lhs_V_16, i47 %mul_ln1393_16"   --->   Operation 341 'add' 'ret_V_16' <Predicate = true> <Delay = 3.07> <CoreInst = "Adder">   --->   Core 1 'Adder' <Latency = 0> <II = 1> <Delay = 3.07> <FuncUnit> <Opcode : 'add' 'sub'> <InPorts = 2> <OutPorts = 1>
ST_12 : Operation 342 [1/1] (0.00ns)   --->   "%tmp_49 = partselect i32 @_ssdm_op_PartSelect.i32.i47.i32.i32, i47 %ret_V_16, i32 15, i32 46"   --->   Operation 342 'partselect' 'tmp_49' <Predicate = true> <Delay = 0.00>
ST_12 : Operation 343 [1/1] (0.00ns)   --->   "%lhs_V_17 = bitconcatenate i47 @_ssdm_op_BitConcatenate.i47.i32.i15, i32 %tmp_49, i15 0"   --->   Operation 343 'bitconcatenate' 'lhs_V_17' <Predicate = true> <Delay = 0.00>
ST_12 : Operation 344 [1/1] (3.07ns)   --->   "%ret_V_17 = add i47 %lhs_V_17, i47 %mul_ln1393_17"   --->   Operation 344 'add' 'ret_V_17' <Predicate = true> <Delay = 3.07> <CoreInst = "Adder">   --->   Core 1 'Adder' <Latency = 0> <II = 1> <Delay = 3.07> <FuncUnit> <Opcode : 'add' 'sub'> <InPorts = 2> <OutPorts = 1>
ST_12 : Operation 345 [1/2] (6.91ns)   --->   "%mul_ln1393_18 = mul i47 %sext_ln1393_36, i47 %sext_ln1393_37"   --->   Operation 345 'mul' 'mul_ln1393_18' <Predicate = true> <Delay = 6.91> <CoreInst = "Multiplier">   --->   Core 3 'Multiplier' <Latency = 1> <II = 1> <Delay = 6.91> <FuncUnit> <Opcode : 'mul'> <InPorts = 2> <OutPorts = 1>
ST_12 : Operation 346 [1/1] (0.00ns)   --->   "%tmp_51 = partselect i32 @_ssdm_op_PartSelect.i32.i47.i32.i32, i47 %ret_V_17, i32 15, i32 46"   --->   Operation 346 'partselect' 'tmp_51' <Predicate = true> <Delay = 0.00>
ST_12 : Operation 347 [1/2] (6.91ns)   --->   "%mul_ln1393_19 = mul i47 %sext_ln1393_38, i47 %sext_ln1393_39"   --->   Operation 347 'mul' 'mul_ln1393_19' <Predicate = true> <Delay = 6.91> <CoreInst = "Multiplier">   --->   Core 3 'Multiplier' <Latency = 1> <II = 1> <Delay = 6.91> <FuncUnit> <Opcode : 'mul'> <InPorts = 2> <OutPorts = 1>
ST_12 : Operation 348 [1/1] (0.00ns)   --->   "%sext_ln1393_40 = sext i32 %r_V_21"   --->   Operation 348 'sext' 'sext_ln1393_40' <Predicate = true> <Delay = 0.00>
ST_12 : Operation 349 [1/1] (0.00ns)   --->   "%sext_ln1393_41 = sext i16 %tmp_54"   --->   Operation 349 'sext' 'sext_ln1393_41' <Predicate = true> <Delay = 0.00>
ST_12 : Operation 350 [2/2] (6.91ns)   --->   "%mul_ln1393_20 = mul i47 %sext_ln1393_40, i47 %sext_ln1393_41"   --->   Operation 350 'mul' 'mul_ln1393_20' <Predicate = true> <Delay = 6.91> <CoreInst = "Multiplier">   --->   Core 3 'Multiplier' <Latency = 1> <II = 1> <Delay = 6.91> <FuncUnit> <Opcode : 'mul'> <InPorts = 2> <OutPorts = 1>

State 13 <SV = 12> <Delay = 6.91>
ST_13 : Operation 351 [1/1] (0.00ns)   --->   "%lhs_V_18 = bitconcatenate i47 @_ssdm_op_BitConcatenate.i47.i32.i15, i32 %tmp_51, i15 0"   --->   Operation 351 'bitconcatenate' 'lhs_V_18' <Predicate = true> <Delay = 0.00>
ST_13 : Operation 352 [1/1] (3.07ns)   --->   "%ret_V_18 = add i47 %lhs_V_18, i47 %mul_ln1393_18"   --->   Operation 352 'add' 'ret_V_18' <Predicate = true> <Delay = 3.07> <CoreInst = "Adder">   --->   Core 1 'Adder' <Latency = 0> <II = 1> <Delay = 3.07> <FuncUnit> <Opcode : 'add' 'sub'> <InPorts = 2> <OutPorts = 1>
ST_13 : Operation 353 [1/1] (0.00ns)   --->   "%tmp_53 = partselect i32 @_ssdm_op_PartSelect.i32.i47.i32.i32, i47 %ret_V_18, i32 15, i32 46"   --->   Operation 353 'partselect' 'tmp_53' <Predicate = true> <Delay = 0.00>
ST_13 : Operation 354 [1/1] (0.00ns)   --->   "%lhs_V_19 = bitconcatenate i47 @_ssdm_op_BitConcatenate.i47.i32.i15, i32 %tmp_53, i15 0"   --->   Operation 354 'bitconcatenate' 'lhs_V_19' <Predicate = true> <Delay = 0.00>
ST_13 : Operation 355 [1/1] (3.07ns)   --->   "%ret_V_19 = add i47 %lhs_V_19, i47 %mul_ln1393_19"   --->   Operation 355 'add' 'ret_V_19' <Predicate = true> <Delay = 3.07> <CoreInst = "Adder">   --->   Core 1 'Adder' <Latency = 0> <II = 1> <Delay = 3.07> <FuncUnit> <Opcode : 'add' 'sub'> <InPorts = 2> <OutPorts = 1>
ST_13 : Operation 356 [1/2] (6.91ns)   --->   "%mul_ln1393_20 = mul i47 %sext_ln1393_40, i47 %sext_ln1393_41"   --->   Operation 356 'mul' 'mul_ln1393_20' <Predicate = true> <Delay = 6.91> <CoreInst = "Multiplier">   --->   Core 3 'Multiplier' <Latency = 1> <II = 1> <Delay = 6.91> <FuncUnit> <Opcode : 'mul'> <InPorts = 2> <OutPorts = 1>
ST_13 : Operation 357 [1/1] (0.00ns)   --->   "%tmp_55 = partselect i32 @_ssdm_op_PartSelect.i32.i47.i32.i32, i47 %ret_V_19, i32 15, i32 46"   --->   Operation 357 'partselect' 'tmp_55' <Predicate = true> <Delay = 0.00>

State 14 <SV = 13> <Delay = 5.62>
ST_14 : Operation 358 [1/1] (0.00ns)   --->   "%lhs_V_20 = bitconcatenate i47 @_ssdm_op_BitConcatenate.i47.i32.i15, i32 %tmp_55, i15 0"   --->   Operation 358 'bitconcatenate' 'lhs_V_20' <Predicate = true> <Delay = 0.00>
ST_14 : Operation 359 [1/1] (3.07ns)   --->   "%ret_V_20 = add i47 %lhs_V_20, i47 %mul_ln1393_20"   --->   Operation 359 'add' 'ret_V_20' <Predicate = true> <Delay = 3.07> <CoreInst = "Adder">   --->   Core 1 'Adder' <Latency = 0> <II = 1> <Delay = 3.07> <FuncUnit> <Opcode : 'add' 'sub'> <InPorts = 2> <OutPorts = 1>
ST_14 : Operation 360 [1/1] (0.00ns)   --->   "%sum_each_V = partselect i32 @_ssdm_op_PartSelect.i32.i47.i32.i32, i47 %ret_V_20, i32 15, i32 46"   --->   Operation 360 'partselect' 'sum_each_V' <Predicate = true> <Delay = 0.00>
ST_14 : Operation 361 [1/1] (0.00ns)   --->   "%sum_V_load = load i32 %sum_V"   --->   Operation 361 'load' 'sum_V_load' <Predicate = true> <Delay = 0.00>
ST_14 : Operation 362 [1/1] (0.00ns)   --->   "%trunc_ln1 = partselect i23 @_ssdm_op_PartSelect.i23.i47.i32.i32, i47 %ret_V_20, i32 15, i32 37"   --->   Operation 362 'partselect' 'trunc_ln1' <Predicate = true> <Delay = 0.00>
ST_14 : Operation 363 [1/1] (0.00ns)   --->   "%trunc_ln859 = trunc i32 %sum_V_load"   --->   Operation 363 'trunc' 'trunc_ln859' <Predicate = true> <Delay = 0.00>
ST_14 : Operation 364 [1/1] (2.55ns)   --->   "%add_ln859 = add i32 %sum_V_load, i32 %sum_each_V"   --->   Operation 364 'add' 'add_ln859' <Predicate = true> <Delay = 2.55> <CoreInst = "Adder">   --->   Core 1 'Adder' <Latency = 0> <II = 1> <Delay = 2.55> <FuncUnit> <Opcode : 'add' 'sub'> <InPorts = 2> <OutPorts = 1>
ST_14 : Operation 365 [1/1] (2.28ns)   --->   "%add_ln1065 = add i23 %trunc_ln859, i23 %trunc_ln1"   --->   Operation 365 'add' 'add_ln1065' <Predicate = true> <Delay = 2.28> <CoreInst = "Adder">   --->   Core 1 'Adder' <Latency = 0> <II = 1> <Delay = 2.28> <FuncUnit> <Opcode : 'add' 'sub'> <InPorts = 2> <OutPorts = 1>
ST_14 : Operation 366 [1/1] (0.95ns)   --->   "%icmp_ln1065 = icmp_eq  i2 %count_V_load, i2 1"   --->   Operation 366 'icmp' 'icmp_ln1065' <Predicate = true> <Delay = 0.95> <CoreInst = "Cmp">   --->   Core 9 'Cmp' <Latency = 0> <II = 1> <Delay = 0.95> <FuncUnit> <Opcode : 'icmp'> <InPorts = 2> <OutPorts = 1>
ST_14 : Operation 367 [1/1] (0.00ns)   --->   "%br_ln49 = br i1 %icmp_ln1065, void %if.else, void %if.then" [low_pass_filter_second.cpp:49]   --->   Operation 367 'br' 'br_ln49' <Predicate = true> <Delay = 0.00>
ST_14 : Operation 368 [1/1] (1.56ns)   --->   "%add_ln886 = add i2 %count_V_load, i2 1"   --->   Operation 368 'add' 'add_ln886' <Predicate = (!icmp_ln1065)> <Delay = 1.56> <CoreInst = "Adder">   --->   Core 1 'Adder' <Latency = 0> <II = 1> <Delay = 1.56> <FuncUnit> <Opcode : 'add' 'sub'> <InPorts = 2> <OutPorts = 1>
ST_14 : Operation 369 [1/1] (1.58ns)   --->   "%store_ln886 = store i2 %add_ln886, i2 %count_V"   --->   Operation 369 'store' 'store_ln886' <Predicate = (!icmp_ln1065)> <Delay = 1.58>
ST_14 : Operation 370 [1/1] (1.58ns)   --->   "%br_ln0 = br void %mergeST"   --->   Operation 370 'br' 'br_ln0' <Predicate = (!icmp_ln1065)> <Delay = 1.58>
ST_14 : Operation 371 [1/1] (0.00ns)   --->   "%output_temp_data_V = partselect i16 @_ssdm_op_PartSelect.i16.i23.i32.i32, i23 %add_ln1065, i32 7, i32 22"   --->   Operation 371 'partselect' 'output_temp_data_V' <Predicate = (icmp_ln1065)> <Delay = 0.00>
ST_14 : Operation 372 [2/2] (0.00ns)   --->   "%write_ln304 = write void @_ssdm_op_Write.axis.volatile.i16P0A.i2P0A.i2P0A.i1P0A, i16 %output_r_V_data_V, i2 %output_r_V_keep_V, i2 %output_r_V_strb_V, i1 %output_r_V_last_V, i16 %output_temp_data_V, i2 3, i2 3, i1 %tmp_last_V"   --->   Operation 372 'write' 'write_ln304' <Predicate = (icmp_ln1065)> <Delay = 0.00> <CoreInst = "axis">   --->   Core 115 'axis' <Latency = 0> <II = 1> <Delay = 1.00> <Adapter> <Opcode : >

State 15 <SV = 14> <Delay = 1.58>
ST_15 : Operation 373 [1/1] (1.58ns)   --->   "%store_ln54 = store i2 0, i2 %count_V" [low_pass_filter_second.cpp:54]   --->   Operation 373 'store' 'store_ln54' <Predicate = (icmp_ln1065)> <Delay = 1.58>
ST_15 : Operation 374 [1/2] (0.00ns)   --->   "%write_ln304 = write void @_ssdm_op_Write.axis.volatile.i16P0A.i2P0A.i2P0A.i1P0A, i16 %output_r_V_data_V, i2 %output_r_V_keep_V, i2 %output_r_V_strb_V, i1 %output_r_V_last_V, i16 %output_temp_data_V, i2 3, i2 3, i1 %tmp_last_V"   --->   Operation 374 'write' 'write_ln304' <Predicate = (icmp_ln1065)> <Delay = 0.00> <CoreInst = "axis">   --->   Core 115 'axis' <Latency = 0> <II = 1> <Delay = 1.00> <Adapter> <Opcode : >
ST_15 : Operation 375 [1/1] (1.58ns)   --->   "%br_ln57 = br void %mergeST" [low_pass_filter_second.cpp:57]   --->   Operation 375 'br' 'br_ln57' <Predicate = (icmp_ln1065)> <Delay = 1.58>
ST_15 : Operation 376 [1/1] (0.00ns)   --->   "%sum_V_new_0 = phi i32 0, void %if.then, i32 %add_ln859, void %if.else"   --->   Operation 376 'phi' 'sum_V_new_0' <Predicate = true> <Delay = 0.00>
ST_15 : Operation 377 [1/1] (0.00ns)   --->   "%store_ln859 = store i32 %sum_V_new_0, i32 %sum_V"   --->   Operation 377 'store' 'store_ln859' <Predicate = true> <Delay = 0.00>
ST_15 : Operation 378 [1/1] (0.00ns)   --->   "%ret_ln61 = ret" [low_pass_filter_second.cpp:61]   --->   Operation 378 'ret' 'ret_ln61' <Predicate = true> <Delay = 0.00>


============================================================
+ Verbose Summary: Binding
============================================================
STG Binding: 
---------------- STG Properties BEGIN ----------------
- Is combinational: 0
- Is one-state seq: 0
- Is datapath-only: 0
- Is pipelined: 0
- Is top level: 1
Port [ Return ] is wired: 1; IO mode=ap_ctrl_none:ce=0
Port [ input_r_V_data_V]:  wired=1; compound=1; hidden=0; nouse=0; global=0; static=0; extern=0; dir=0; type=0; pingpong=0; private_global=0; IO mode=axis:ce=0
Port [ input_r_V_keep_V]:  wired=1; compound=1; hidden=0; nouse=0; global=0; static=0; extern=0; dir=0; type=0; pingpong=0; private_global=0; IO mode=axis:ce=0
Port [ input_r_V_strb_V]:  wired=1; compound=1; hidden=0; nouse=0; global=0; static=0; extern=0; dir=0; type=0; pingpong=0; private_global=0; IO mode=axis:ce=0
Port [ input_r_V_last_V]:  wired=1; compound=1; hidden=0; nouse=0; global=0; static=0; extern=0; dir=0; type=0; pingpong=0; private_global=0; IO mode=axis:ce=0
Port [ output_r_V_data_V]:  wired=1; compound=1; hidden=0; nouse=0; global=0; static=0; extern=0; dir=1; type=0; pingpong=0; private_global=0; IO mode=axis:ce=0
Port [ output_r_V_keep_V]:  wired=1; compound=1; hidden=0; nouse=0; global=0; static=0; extern=0; dir=1; type=0; pingpong=0; private_global=0; IO mode=axis:ce=0
Port [ output_r_V_strb_V]:  wired=1; compound=1; hidden=0; nouse=0; global=0; static=0; extern=0; dir=1; type=0; pingpong=0; private_global=0; IO mode=axis:ce=0
Port [ output_r_V_last_V]:  wired=1; compound=1; hidden=0; nouse=0; global=0; static=0; extern=0; dir=1; type=0; pingpong=0; private_global=0; IO mode=axis:ce=0
Port [ count_V]:  wired=0; compound=0; hidden=1; nouse=0; global=1; static=1; extern=0; dir=2; type=0; pingpong=0; private_global=1; IO mode=ap_ovld:ce=0
Port [ p_ZZ22low_pass_filter_secondRN3hls6streamINS_4axisI8ap_fixedILi32ELi10EL9ap_q_mod_30]:  wired=0; compound=0; hidden=1; nouse=0; global=1; static=1; extern=0; dir=2; type=0; pingpong=0; private_global=1; IO mode=ap_ovld:ce=0
Port [ p_ZZ22low_pass_filter_secondRN3hls6streamINS_4axisI8ap_fixedILi32ELi10EL9ap_q_mod_8]:  wired=0; compound=0; hidden=1; nouse=0; global=1; static=1; extern=0; dir=2; type=0; pingpong=0; private_global=1; IO mode=ap_ovld:ce=0
Port [ p_ZZ22low_pass_filter_secondRN3hls6streamINS_4axisI8ap_fixedILi32ELi10EL9ap_q_mod_32]:  wired=0; compound=0; hidden=1; nouse=0; global=1; static=1; extern=0; dir=2; type=0; pingpong=0; private_global=1; IO mode=ap_ovld:ce=0
Port [ p_ZZ22low_pass_filter_secondRN3hls6streamINS_4axisI8ap_fixedILi32ELi10EL9ap_q_mod_10]:  wired=0; compound=0; hidden=1; nouse=0; global=1; static=1; extern=0; dir=2; type=0; pingpong=0; private_global=1; IO mode=ap_ovld:ce=0
Port [ p_ZZ22low_pass_filter_secondRN3hls6streamINS_4axisI8ap_fixedILi32ELi10EL9ap_q_mod_33]:  wired=0; compound=0; hidden=1; nouse=0; global=1; static=1; extern=0; dir=2; type=0; pingpong=0; private_global=1; IO mode=ap_ovld:ce=0
Port [ p_ZZ22low_pass_filter_secondRN3hls6streamINS_4axisI8ap_fixedILi32ELi10EL9ap_q_mod_11]:  wired=0; compound=0; hidden=1; nouse=0; global=1; static=1; extern=0; dir=2; type=0; pingpong=0; private_global=1; IO mode=ap_ovld:ce=0
Port [ p_ZZ22low_pass_filter_secondRN3hls6streamINS_4axisI8ap_fixedILi32ELi10EL9ap_q_mod_34]:  wired=0; compound=0; hidden=1; nouse=0; global=1; static=1; extern=0; dir=2; type=0; pingpong=0; private_global=1; IO mode=ap_ovld:ce=0
Port [ p_ZZ22low_pass_filter_secondRN3hls6streamINS_4axisI8ap_fixedILi32ELi10EL9ap_q_mod_12]:  wired=0; compound=0; hidden=1; nouse=0; global=1; static=1; extern=0; dir=2; type=0; pingpong=0; private_global=1; IO mode=ap_ovld:ce=0
Port [ p_ZZ22low_pass_filter_secondRN3hls6streamINS_4axisI8ap_fixedILi32ELi10EL9ap_q_mod_35]:  wired=0; compound=0; hidden=1; nouse=0; global=1; static=1; extern=0; dir=2; type=0; pingpong=0; private_global=1; IO mode=ap_ovld:ce=0
Port [ p_ZZ22low_pass_filter_secondRN3hls6streamINS_4axisI8ap_fixedILi32ELi10EL9ap_q_mod_13]:  wired=0; compound=0; hidden=1; nouse=0; global=1; static=1; extern=0; dir=2; type=0; pingpong=0; private_global=1; IO mode=ap_ovld:ce=0
Port [ p_ZZ22low_pass_filter_secondRN3hls6streamINS_4axisI8ap_fixedILi32ELi10EL9ap_q_mod_36]:  wired=0; compound=0; hidden=1; nouse=0; global=1; static=1; extern=0; dir=2; type=0; pingpong=0; private_global=1; IO mode=ap_ovld:ce=0
Port [ p_ZZ22low_pass_filter_secondRN3hls6streamINS_4axisI8ap_fixedILi32ELi10EL9ap_q_mod_14]:  wired=0; compound=0; hidden=1; nouse=0; global=1; static=1; extern=0; dir=2; type=0; pingpong=0; private_global=1; IO mode=ap_ovld:ce=0
Port [ p_ZZ22low_pass_filter_secondRN3hls6streamINS_4axisI8ap_fixedILi32ELi10EL9ap_q_mod_37]:  wired=0; compound=0; hidden=1; nouse=0; global=1; static=1; extern=0; dir=2; type=0; pingpong=0; private_global=1; IO mode=ap_ovld:ce=0
Port [ p_ZZ22low_pass_filter_secondRN3hls6streamINS_4axisI8ap_fixedILi32ELi10EL9ap_q_mod_15]:  wired=0; compound=0; hidden=1; nouse=0; global=1; static=1; extern=0; dir=2; type=0; pingpong=0; private_global=1; IO mode=ap_ovld:ce=0
Port [ p_ZZ22low_pass_filter_secondRN3hls6streamINS_4axisI8ap_fixedILi32ELi10EL9ap_q_mod_38]:  wired=0; compound=0; hidden=1; nouse=0; global=1; static=1; extern=0; dir=2; type=0; pingpong=0; private_global=1; IO mode=ap_ovld:ce=0
Port [ p_ZZ22low_pass_filter_secondRN3hls6streamINS_4axisI8ap_fixedILi32ELi10EL9ap_q_mod_16]:  wired=0; compound=0; hidden=1; nouse=0; global=1; static=1; extern=0; dir=2; type=0; pingpong=0; private_global=1; IO mode=ap_ovld:ce=0
Port [ p_ZZ22low_pass_filter_secondRN3hls6streamINS_4axisI8ap_fixedILi32ELi10EL9ap_q_mod_39]:  wired=0; compound=0; hidden=1; nouse=0; global=1; static=1; extern=0; dir=2; type=0; pingpong=0; private_global=1; IO mode=ap_ovld:ce=0
Port [ p_ZZ22low_pass_filter_secondRN3hls6streamINS_4axisI8ap_fixedILi32ELi10EL9ap_q_mod_17]:  wired=0; compound=0; hidden=1; nouse=0; global=1; static=1; extern=0; dir=2; type=0; pingpong=0; private_global=1; IO mode=ap_ovld:ce=0
Port [ p_ZZ22low_pass_filter_secondRN3hls6streamINS_4axisI8ap_fixedILi32ELi10EL9ap_q_mod_40]:  wired=0; compound=0; hidden=1; nouse=0; global=1; static=1; extern=0; dir=2; type=0; pingpong=0; private_global=1; IO mode=ap_ovld:ce=0
Port [ p_ZZ22low_pass_filter_secondRN3hls6streamINS_4axisI8ap_fixedILi32ELi10EL9ap_q_mod_18]:  wired=0; compound=0; hidden=1; nouse=0; global=1; static=1; extern=0; dir=2; type=0; pingpong=0; private_global=1; IO mode=ap_ovld:ce=0
Port [ p_ZZ22low_pass_filter_secondRN3hls6streamINS_4axisI8ap_fixedILi32ELi10EL9ap_q_mod_41]:  wired=0; compound=0; hidden=1; nouse=0; global=1; static=1; extern=0; dir=2; type=0; pingpong=0; private_global=1; IO mode=ap_ovld:ce=0
Port [ p_ZZ22low_pass_filter_secondRN3hls6streamINS_4axisI8ap_fixedILi32ELi10EL9ap_q_mod_19]:  wired=0; compound=0; hidden=1; nouse=0; global=1; static=1; extern=0; dir=2; type=0; pingpong=0; private_global=1; IO mode=ap_ovld:ce=0
Port [ p_ZZ22low_pass_filter_secondRN3hls6streamINS_4axisI8ap_fixedILi32ELi10EL9ap_q_mod_22]:  wired=0; compound=0; hidden=1; nouse=0; global=1; static=1; extern=0; dir=2; type=0; pingpong=0; private_global=1; IO mode=ap_ovld:ce=0
Port [ p_ZZ22low_pass_filter_secondRN3hls6streamINS_4axisI8ap_fixedILi32ELi10EL9ap_q_mod]:  wired=0; compound=0; hidden=1; nouse=0; global=1; static=1; extern=0; dir=2; type=0; pingpong=0; private_global=1; IO mode=ap_ovld:ce=0
Port [ p_ZZ22low_pass_filter_secondRN3hls6streamINS_4axisI8ap_fixedILi32ELi10EL9ap_q_mod_23]:  wired=0; compound=0; hidden=1; nouse=0; global=1; static=1; extern=0; dir=2; type=0; pingpong=0; private_global=1; IO mode=ap_ovld:ce=0
Port [ p_ZZ22low_pass_filter_secondRN3hls6streamINS_4axisI8ap_fixedILi32ELi10EL9ap_q_mod_1]:  wired=0; compound=0; hidden=1; nouse=0; global=1; static=1; extern=0; dir=2; type=0; pingpong=0; private_global=1; IO mode=ap_ovld:ce=0
Port [ p_ZZ22low_pass_filter_secondRN3hls6streamINS_4axisI8ap_fixedILi32ELi10EL9ap_q_mod_24]:  wired=0; compound=0; hidden=1; nouse=0; global=1; static=1; extern=0; dir=2; type=0; pingpong=0; private_global=1; IO mode=ap_ovld:ce=0
Port [ p_ZZ22low_pass_filter_secondRN3hls6streamINS_4axisI8ap_fixedILi32ELi10EL9ap_q_mod_2]:  wired=0; compound=0; hidden=1; nouse=0; global=1; static=1; extern=0; dir=2; type=0; pingpong=0; private_global=1; IO mode=ap_ovld:ce=0
Port [ p_ZZ22low_pass_filter_secondRN3hls6streamINS_4axisI8ap_fixedILi32ELi10EL9ap_q_mod_25]:  wired=0; compound=0; hidden=1; nouse=0; global=1; static=1; extern=0; dir=2; type=0; pingpong=0; private_global=1; IO mode=ap_ovld:ce=0
Port [ p_ZZ22low_pass_filter_secondRN3hls6streamINS_4axisI8ap_fixedILi32ELi10EL9ap_q_mod_3]:  wired=0; compound=0; hidden=1; nouse=0; global=1; static=1; extern=0; dir=2; type=0; pingpong=0; private_global=1; IO mode=ap_ovld:ce=0
Port [ p_ZZ22low_pass_filter_secondRN3hls6streamINS_4axisI8ap_fixedILi32ELi10EL9ap_q_mod_26]:  wired=0; compound=0; hidden=1; nouse=0; global=1; static=1; extern=0; dir=2; type=0; pingpong=0; private_global=1; IO mode=ap_ovld:ce=0
Port [ p_ZZ22low_pass_filter_secondRN3hls6streamINS_4axisI8ap_fixedILi32ELi10EL9ap_q_mod_4]:  wired=0; compound=0; hidden=1; nouse=0; global=1; static=1; extern=0; dir=2; type=0; pingpong=0; private_global=1; IO mode=ap_ovld:ce=0
Port [ p_ZZ22low_pass_filter_secondRN3hls6streamINS_4axisI8ap_fixedILi32ELi10EL9ap_q_mod_27]:  wired=0; compound=0; hidden=1; nouse=0; global=1; static=1; extern=0; dir=2; type=0; pingpong=0; private_global=1; IO mode=ap_ovld:ce=0
Port [ p_ZZ22low_pass_filter_secondRN3hls6streamINS_4axisI8ap_fixedILi32ELi10EL9ap_q_mod_5]:  wired=0; compound=0; hidden=1; nouse=0; global=1; static=1; extern=0; dir=2; type=0; pingpong=0; private_global=1; IO mode=ap_ovld:ce=0
Port [ p_ZZ22low_pass_filter_secondRN3hls6streamINS_4axisI8ap_fixedILi32ELi10EL9ap_q_mod_28]:  wired=0; compound=0; hidden=1; nouse=0; global=1; static=1; extern=0; dir=2; type=0; pingpong=0; private_global=1; IO mode=ap_ovld:ce=0
Port [ p_ZZ22low_pass_filter_secondRN3hls6streamINS_4axisI8ap_fixedILi32ELi10EL9ap_q_mod_6]:  wired=0; compound=0; hidden=1; nouse=0; global=1; static=1; extern=0; dir=2; type=0; pingpong=0; private_global=1; IO mode=ap_ovld:ce=0
Port [ p_ZZ22low_pass_filter_secondRN3hls6streamINS_4axisI8ap_fixedILi32ELi10EL9ap_q_mod_31]:  wired=0; compound=0; hidden=1; nouse=0; global=1; static=1; extern=0; dir=2; type=0; pingpong=0; private_global=1; IO mode=ap_ovld:ce=0
Port [ p_ZZ22low_pass_filter_secondRN3hls6streamINS_4axisI8ap_fixedILi32ELi10EL9ap_q_mod_9]:  wired=0; compound=0; hidden=1; nouse=0; global=1; static=1; extern=0; dir=2; type=0; pingpong=0; private_global=1; IO mode=ap_ovld:ce=0
Port [ p_ZZ22low_pass_filter_secondRN3hls6streamINS_4axisI8ap_fixedILi32ELi10EL9ap_q_mod_42]:  wired=0; compound=0; hidden=1; nouse=0; global=1; static=1; extern=0; dir=2; type=0; pingpong=0; private_global=1; IO mode=ap_ovld:ce=0
Port [ p_ZZ22low_pass_filter_secondRN3hls6streamINS_4axisI8ap_fixedILi32ELi10EL9ap_q_mod_20]:  wired=0; compound=0; hidden=1; nouse=0; global=1; static=1; extern=0; dir=2; type=0; pingpong=0; private_global=1; IO mode=ap_ovld:ce=0
Port [ p_ZZ22low_pass_filter_secondRN3hls6streamINS_4axisI8ap_fixedILi32ELi10EL9ap_q_mod_43]:  wired=0; compound=0; hidden=1; nouse=0; global=1; static=1; extern=0; dir=2; type=0; pingpong=0; private_global=1; IO mode=ap_ovld:ce=0
Port [ p_ZZ22low_pass_filter_secondRN3hls6streamINS_4axisI8ap_fixedILi32ELi10EL9ap_q_mod_21]:  wired=0; compound=0; hidden=1; nouse=0; global=1; static=1; extern=0; dir=2; type=0; pingpong=0; private_global=1; IO mode=ap_ovld:ce=0
Port [ p_ZZ22low_pass_filter_secondRN3hls6streamINS_4axisI8ap_fixedILi32ELi10EL9ap_q_mod_29]:  wired=0; compound=0; hidden=1; nouse=0; global=1; static=1; extern=0; dir=2; type=0; pingpong=0; private_global=1; IO mode=ap_ovld:ce=0
Port [ p_ZZ22low_pass_filter_secondRN3hls6streamINS_4axisI8ap_fixedILi32ELi10EL9ap_q_mod_7]:  wired=0; compound=0; hidden=1; nouse=0; global=1; static=1; extern=0; dir=2; type=0; pingpong=0; private_global=1; IO mode=ap_ovld:ce=0
Port [ sum_V]:  wired=0; compound=0; hidden=1; nouse=0; global=1; static=1; extern=0; dir=2; type=0; pingpong=0; private_global=1; IO mode=ap_ovld:ce=0
---------------- STG Properties END ------------------

---------------- Datapath Model BEGIN ----------------

<LifeTime>
<method=bitvector/>
spectopmodule_ln17                                                                   (spectopmodule ) [ 0000000000000000]
specinterface_ln17                                                                   (specinterface ) [ 0000000000000000]
specinterface_ln0                                                                    (specinterface ) [ 0000000000000000]
specbitsmap_ln0                                                                      (specbitsmap   ) [ 0000000000000000]
specbitsmap_ln0                                                                      (specbitsmap   ) [ 0000000000000000]
specbitsmap_ln0                                                                      (specbitsmap   ) [ 0000000000000000]
specbitsmap_ln0                                                                      (specbitsmap   ) [ 0000000000000000]
specinterface_ln0                                                                    (specinterface ) [ 0000000000000000]
specbitsmap_ln0                                                                      (specbitsmap   ) [ 0000000000000000]
specbitsmap_ln0                                                                      (specbitsmap   ) [ 0000000000000000]
specbitsmap_ln0                                                                      (specbitsmap   ) [ 0000000000000000]
specbitsmap_ln0                                                                      (specbitsmap   ) [ 0000000000000000]
empty                                                                                (read          ) [ 0000000000000000]
tmp_data_V_1                                                                         (extractvalue  ) [ 0010000000000000]
tmp_last_V                                                                           (extractvalue  ) [ 0011111111111111]
count_V_load                                                                         (load          ) [ 0011111111111110]
sub_i_i226                                                                           (sub           ) [ 0000000000000000]
sext_ln39                                                                            (sext          ) [ 0011111111110000]
p_ZZ22low_pass_filter_secondRN3hls6streamINS_4axisI8ap_fixedILi32ELi10EL9ap_q_mod_44 (load          ) [ 0110000000000000]
p_ZZ22low_pass_filter_secondRN3hls6streamINS_4axisI8ap_fixedILi32ELi10EL9ap_q_mod_45 (load          ) [ 0110000000000000]
tmp                                                                                  (mux           ) [ 0000000000000000]
trunc_ln39                                                                           (trunc         ) [ 0100000000000000]
p_ZZ22low_pass_filter_secondRN3hls6streamINS_4axisI8ap_fixedILi32ELi10EL9ap_q_mod_46 (load          ) [ 0110000000000000]
p_ZZ22low_pass_filter_secondRN3hls6streamINS_4axisI8ap_fixedILi32ELi10EL9ap_q_mod_47 (load          ) [ 0110000000000000]
p_ZZ22low_pass_filter_secondRN3hls6streamINS_4axisI8ap_fixedILi32ELi10EL9ap_q_mod_48 (load          ) [ 0110000000000000]
p_ZZ22low_pass_filter_secondRN3hls6streamINS_4axisI8ap_fixedILi32ELi10EL9ap_q_mod_49 (load          ) [ 0110000000000000]
p_ZZ22low_pass_filter_secondRN3hls6streamINS_4axisI8ap_fixedILi32ELi10EL9ap_q_mod_50 (load          ) [ 0110000000000000]
p_ZZ22low_pass_filter_secondRN3hls6streamINS_4axisI8ap_fixedILi32ELi10EL9ap_q_mod_51 (load          ) [ 0110000000000000]
p_ZZ22low_pass_filter_secondRN3hls6streamINS_4axisI8ap_fixedILi32ELi10EL9ap_q_mod_52 (load          ) [ 0110000000000000]
p_ZZ22low_pass_filter_secondRN3hls6streamINS_4axisI8ap_fixedILi32ELi10EL9ap_q_mod_53 (load          ) [ 0110000000000000]
p_ZZ22low_pass_filter_secondRN3hls6streamINS_4axisI8ap_fixedILi32ELi10EL9ap_q_mod_54 (load          ) [ 0110000000000000]
p_ZZ22low_pass_filter_secondRN3hls6streamINS_4axisI8ap_fixedILi32ELi10EL9ap_q_mod_55 (load          ) [ 0110000000000000]
p_ZZ22low_pass_filter_secondRN3hls6streamINS_4axisI8ap_fixedILi32ELi10EL9ap_q_mod_56 (load          ) [ 0110000000000000]
p_ZZ22low_pass_filter_secondRN3hls6streamINS_4axisI8ap_fixedILi32ELi10EL9ap_q_mod_57 (load          ) [ 0110000000000000]
p_ZZ22low_pass_filter_secondRN3hls6streamINS_4axisI8ap_fixedILi32ELi10EL9ap_q_mod_58 (load          ) [ 0110000000000000]
p_ZZ22low_pass_filter_secondRN3hls6streamINS_4axisI8ap_fixedILi32ELi10EL9ap_q_mod_59 (load          ) [ 0110000000000000]
p_ZZ22low_pass_filter_secondRN3hls6streamINS_4axisI8ap_fixedILi32ELi10EL9ap_q_mod_60 (load          ) [ 0110000000000000]
p_ZZ22low_pass_filter_secondRN3hls6streamINS_4axisI8ap_fixedILi32ELi10EL9ap_q_mod_61 (load          ) [ 0110000000000000]
p_ZZ22low_pass_filter_secondRN3hls6streamINS_4axisI8ap_fixedILi32ELi10EL9ap_q_mod_62 (load          ) [ 0110000000000000]
p_ZZ22low_pass_filter_secondRN3hls6streamINS_4axisI8ap_fixedILi32ELi10EL9ap_q_mod_63 (load          ) [ 0110000000000000]
p_ZZ22low_pass_filter_secondRN3hls6streamINS_4axisI8ap_fixedILi32ELi10EL9ap_q_mod_64 (load          ) [ 0110000000000000]
p_ZZ22low_pass_filter_secondRN3hls6streamINS_4axisI8ap_fixedILi32ELi10EL9ap_q_mod_65 (load          ) [ 0110000000000000]
p_ZZ22low_pass_filter_secondRN3hls6streamINS_4axisI8ap_fixedILi32ELi10EL9ap_q_mod_66 (load          ) [ 0110000000000000]
p_ZZ22low_pass_filter_secondRN3hls6streamINS_4axisI8ap_fixedILi32ELi10EL9ap_q_mod_67 (load          ) [ 0110000000000000]
p_ZZ22low_pass_filter_secondRN3hls6streamINS_4axisI8ap_fixedILi32ELi10EL9ap_q_mod_68 (load          ) [ 0110000000000000]
p_ZZ22low_pass_filter_secondRN3hls6streamINS_4axisI8ap_fixedILi32ELi10EL9ap_q_mod_69 (load          ) [ 0110000000000000]
p_ZZ22low_pass_filter_secondRN3hls6streamINS_4axisI8ap_fixedILi32ELi10EL9ap_q_mod_70 (load          ) [ 0000000000000000]
p_ZZ22low_pass_filter_secondRN3hls6streamINS_4axisI8ap_fixedILi32ELi10EL9ap_q_mod_71 (load          ) [ 0000000000000000]
p_ZZ22low_pass_filter_secondRN3hls6streamINS_4axisI8ap_fixedILi32ELi10EL9ap_q_mod_72 (load          ) [ 0000000000000000]
p_ZZ22low_pass_filter_secondRN3hls6streamINS_4axisI8ap_fixedILi32ELi10EL9ap_q_mod_73 (load          ) [ 0000000000000000]
p_ZZ22low_pass_filter_secondRN3hls6streamINS_4axisI8ap_fixedILi32ELi10EL9ap_q_mod_74 (load          ) [ 0000000000000000]
p_ZZ22low_pass_filter_secondRN3hls6streamINS_4axisI8ap_fixedILi32ELi10EL9ap_q_mod_75 (load          ) [ 0000000000000000]
p_ZZ22low_pass_filter_secondRN3hls6streamINS_4axisI8ap_fixedILi32ELi10EL9ap_q_mod_76 (load          ) [ 0000000000000000]
p_ZZ22low_pass_filter_secondRN3hls6streamINS_4axisI8ap_fixedILi32ELi10EL9ap_q_mod_77 (load          ) [ 0000000000000000]
p_ZZ22low_pass_filter_secondRN3hls6streamINS_4axisI8ap_fixedILi32ELi10EL9ap_q_mod_78 (load          ) [ 0000000000000000]
p_ZZ22low_pass_filter_secondRN3hls6streamINS_4axisI8ap_fixedILi32ELi10EL9ap_q_mod_79 (load          ) [ 0000000000000000]
p_ZZ22low_pass_filter_secondRN3hls6streamINS_4axisI8ap_fixedILi32ELi10EL9ap_q_mod_80 (load          ) [ 0000000000000000]
p_ZZ22low_pass_filter_secondRN3hls6streamINS_4axisI8ap_fixedILi32ELi10EL9ap_q_mod_81 (load          ) [ 0000000000000000]
p_ZZ22low_pass_filter_secondRN3hls6streamINS_4axisI8ap_fixedILi32ELi10EL9ap_q_mod_82 (load          ) [ 0000000000000000]
p_ZZ22low_pass_filter_secondRN3hls6streamINS_4axisI8ap_fixedILi32ELi10EL9ap_q_mod_83 (load          ) [ 0000000000000000]
p_ZZ22low_pass_filter_secondRN3hls6streamINS_4axisI8ap_fixedILi32ELi10EL9ap_q_mod_84 (load          ) [ 0000000000000000]
p_ZZ22low_pass_filter_secondRN3hls6streamINS_4axisI8ap_fixedILi32ELi10EL9ap_q_mod_85 (load          ) [ 0000000000000000]
tmp_1                                                                                (mux           ) [ 0110000000000000]
tmp_2                                                                                (mux           ) [ 0110000000000000]
tmp_3                                                                                (mux           ) [ 0110000000000000]
tmp_4                                                                                (mux           ) [ 0110000000000000]
tmp_5                                                                                (mux           ) [ 0110000000000000]
tmp_6                                                                                (mux           ) [ 0110000000000000]
tmp_7                                                                                (mux           ) [ 0110000000000000]
tmp_8                                                                                (mux           ) [ 0110000000000000]
tmp_9                                                                                (mux           ) [ 0110000000000000]
tmp_s                                                                                (mux           ) [ 0110000000000000]
tmp_10                                                                               (mux           ) [ 0110000000000000]
tmp_11                                                                               (mux           ) [ 0110000000000000]
tmp_12                                                                               (mux           ) [ 0110000000000000]
r_V_7                                                                                (mux           ) [ 0011110000000000]
r_V_6                                                                                (mux           ) [ 0011100000000000]
r_V_5                                                                                (mux           ) [ 0011100000000000]
r_V_4                                                                                (mux           ) [ 0011000000000000]
r_V_3                                                                                (mux           ) [ 0011000000000000]
r_V_2                                                                                (mux           ) [ 0010000000000000]
r_V_1                                                                                (mux           ) [ 0010000000000000]
br_ln39                                                                              (br            ) [ 0000000000000000]
store_ln39                                                                           (store         ) [ 0000000000000000]
store_ln39                                                                           (store         ) [ 0000000000000000]
store_ln39                                                                           (store         ) [ 0000000000000000]
store_ln39                                                                           (store         ) [ 0000000000000000]
store_ln39                                                                           (store         ) [ 0000000000000000]
store_ln39                                                                           (store         ) [ 0000000000000000]
store_ln39                                                                           (store         ) [ 0000000000000000]
store_ln39                                                                           (store         ) [ 0000000000000000]
store_ln39                                                                           (store         ) [ 0000000000000000]
store_ln39                                                                           (store         ) [ 0000000000000000]
store_ln39                                                                           (store         ) [ 0000000000000000]
store_ln39                                                                           (store         ) [ 0000000000000000]
store_ln39                                                                           (store         ) [ 0000000000000000]
store_ln39                                                                           (store         ) [ 0000000000000000]
store_ln39                                                                           (store         ) [ 0000000000000000]
store_ln39                                                                           (store         ) [ 0000000000000000]
store_ln39                                                                           (store         ) [ 0000000000000000]
store_ln39                                                                           (store         ) [ 0000000000000000]
store_ln39                                                                           (store         ) [ 0000000000000000]
store_ln39                                                                           (store         ) [ 0000000000000000]
store_ln39                                                                           (store         ) [ 0000000000000000]
store_ln41                                                                           (store         ) [ 0000000000000000]
br_ln41                                                                              (br            ) [ 0110000000000000]
store_ln39                                                                           (store         ) [ 0000000000000000]
store_ln39                                                                           (store         ) [ 0000000000000000]
store_ln39                                                                           (store         ) [ 0000000000000000]
store_ln39                                                                           (store         ) [ 0000000000000000]
store_ln39                                                                           (store         ) [ 0000000000000000]
store_ln39                                                                           (store         ) [ 0000000000000000]
store_ln39                                                                           (store         ) [ 0000000000000000]
store_ln39                                                                           (store         ) [ 0000000000000000]
store_ln39                                                                           (store         ) [ 0000000000000000]
store_ln39                                                                           (store         ) [ 0000000000000000]
store_ln39                                                                           (store         ) [ 0000000000000000]
store_ln39                                                                           (store         ) [ 0000000000000000]
store_ln39                                                                           (store         ) [ 0000000000000000]
store_ln39                                                                           (store         ) [ 0000000000000000]
store_ln39                                                                           (store         ) [ 0000000000000000]
store_ln39                                                                           (store         ) [ 0000000000000000]
store_ln39                                                                           (store         ) [ 0000000000000000]
store_ln39                                                                           (store         ) [ 0000000000000000]
store_ln39                                                                           (store         ) [ 0000000000000000]
store_ln39                                                                           (store         ) [ 0000000000000000]
store_ln39                                                                           (store         ) [ 0000000000000000]
store_ln41                                                                           (store         ) [ 0000000000000000]
br_ln41                                                                              (br            ) [ 0110000000000000]
tmp_13                                                                               (mux           ) [ 0010000000000000]
tmp_14                                                                               (mux           ) [ 0010000000000000]
tmp_16                                                                               (mux           ) [ 0010000000000000]
mux_case_1721                                                                        (phi           ) [ 0010000000000000]
mux_case_0720                                                                        (phi           ) [ 0010000000000000]
mux_case_1717                                                                        (phi           ) [ 0010000000000000]
mux_case_0716                                                                        (phi           ) [ 0010000000000000]
mux_case_1713                                                                        (phi           ) [ 0010000000000000]
mux_case_0712                                                                        (phi           ) [ 0010000000000000]
mux_case_1709                                                                        (phi           ) [ 0010000000000000]
mux_case_0708                                                                        (phi           ) [ 0010000000000000]
mux_case_1705                                                                        (phi           ) [ 0010000000000000]
mux_case_0704                                                                        (phi           ) [ 0010000000000000]
mux_case_1701                                                                        (phi           ) [ 0010000000000000]
mux_case_0700                                                                        (phi           ) [ 0010000000000000]
mux_case_1697                                                                        (phi           ) [ 0010000000000000]
mux_case_0696                                                                        (phi           ) [ 0010000000000000]
mux_case_1693                                                                        (phi           ) [ 0010000000000000]
mux_case_0692                                                                        (phi           ) [ 0010000000000000]
mux_case_1689                                                                        (phi           ) [ 0010000000000000]
mux_case_0688                                                                        (phi           ) [ 0010000000000000]
mux_case_1685                                                                        (phi           ) [ 0010000000000000]
mux_case_0684                                                                        (phi           ) [ 0010000000000000]
mux_case_06768448518818919259399779951034                                            (phi           ) [ 0010000000000000]
mux_case_16778428538798939239419759971032                                            (phi           ) [ 0010000000000000]
mux_case_16818248408558778959219439739991030                                         (phi           ) [ 0010000000000000]
mux_case_068082683885787589791994597110011028                                        (phi           ) [ 0010000000000000]
mux_case_167385987389991794796910031026                                              (phi           ) [ 0010000000000000]
mux_case_067286187190191594996710051024                                              (phi           ) [ 0010000000000000]
sext_ln1316                                                                          (sext          ) [ 0001000000000000]
sext_ln1316_1                                                                        (sext          ) [ 0001000000000000]
sext_ln1393                                                                          (sext          ) [ 0001000000000000]
sext_ln1393_1                                                                        (sext          ) [ 0001000000000000]
sext_ln1393_2                                                                        (sext          ) [ 0001000000000000]
sext_ln1393_3                                                                        (sext          ) [ 0001000000000000]
tmp_18                                                                               (mux           ) [ 0001000000000000]
tmp_20                                                                               (mux           ) [ 0001000000000000]
r_V_8                                                                                (mux           ) [ 0001110000000000]
r_V_9                                                                                (mux           ) [ 0001111000000000]
r_V_10                                                                               (mux           ) [ 0001111000000000]
r_V_11                                                                               (mux           ) [ 0001111100000000]
r_V_12                                                                               (mux           ) [ 0001111100000000]
r_V_13                                                                               (mux           ) [ 0001111110000000]
r_V_14                                                                               (mux           ) [ 0001111110000000]
r_V_15                                                                               (mux           ) [ 0001111111000000]
r_V_16                                                                               (mux           ) [ 0001111111000000]
r_V_17                                                                               (mux           ) [ 0001111111100000]
r_V_18                                                                               (mux           ) [ 0001111111100000]
r_V_19                                                                               (mux           ) [ 0001111111110000]
r_V_20                                                                               (mux           ) [ 0001111111110000]
mul_ln1316                                                                           (mul           ) [ 0000000000000000]
mul_ln1393                                                                           (mul           ) [ 0000100000000000]
tmp_15                                                                               (partselect    ) [ 0000100000000000]
mul_ln1393_1                                                                         (mul           ) [ 0000100000000000]
sext_ln1393_4                                                                        (sext          ) [ 0000100000000000]
sext_ln1393_5                                                                        (sext          ) [ 0000100000000000]
sext_ln1393_6                                                                        (sext          ) [ 0000100000000000]
sext_ln1393_7                                                                        (sext          ) [ 0000100000000000]
tmp_22                                                                               (mux           ) [ 0000100000000000]
tmp_24                                                                               (mux           ) [ 0000100000000000]
lhs_V                                                                                (bitconcatenate) [ 0000000000000000]
ret_V                                                                                (add           ) [ 0000000000000000]
tmp_17                                                                               (partselect    ) [ 0000000000000000]
lhs_V_1                                                                              (bitconcatenate) [ 0000000000000000]
ret_V_1                                                                              (add           ) [ 0000000000000000]
mul_ln1393_2                                                                         (mul           ) [ 0000010000000000]
tmp_19                                                                               (partselect    ) [ 0000010000000000]
mul_ln1393_3                                                                         (mul           ) [ 0000010000000000]
sext_ln1393_8                                                                        (sext          ) [ 0000010000000000]
sext_ln1393_9                                                                        (sext          ) [ 0000010000000000]
sext_ln1393_10                                                                       (sext          ) [ 0000010000000000]
sext_ln1393_11                                                                       (sext          ) [ 0000010000000000]
tmp_26                                                                               (mux           ) [ 0000010000000000]
tmp_28                                                                               (mux           ) [ 0000010000000000]
lhs_V_2                                                                              (bitconcatenate) [ 0000000000000000]
ret_V_2                                                                              (add           ) [ 0000000000000000]
tmp_21                                                                               (partselect    ) [ 0000000000000000]
lhs_V_3                                                                              (bitconcatenate) [ 0000000000000000]
ret_V_3                                                                              (add           ) [ 0000000000000000]
mul_ln1393_4                                                                         (mul           ) [ 0000001000000000]
tmp_23                                                                               (partselect    ) [ 0000001000000000]
mul_ln1393_5                                                                         (mul           ) [ 0000001000000000]
sext_ln1393_12                                                                       (sext          ) [ 0000001000000000]
sext_ln1393_13                                                                       (sext          ) [ 0000001000000000]
sext_ln1393_14                                                                       (sext          ) [ 0000001000000000]
sext_ln1393_15                                                                       (sext          ) [ 0000001000000000]
tmp_30                                                                               (mux           ) [ 0000001000000000]
tmp_32                                                                               (mux           ) [ 0000001000000000]
lhs_V_4                                                                              (bitconcatenate) [ 0000000000000000]
ret_V_4                                                                              (add           ) [ 0000000000000000]
tmp_25                                                                               (partselect    ) [ 0000000000000000]
lhs_V_5                                                                              (bitconcatenate) [ 0000000000000000]
ret_V_5                                                                              (add           ) [ 0000000000000000]
mul_ln1393_6                                                                         (mul           ) [ 0000000100000000]
tmp_27                                                                               (partselect    ) [ 0000000100000000]
mul_ln1393_7                                                                         (mul           ) [ 0000000100000000]
sext_ln1393_16                                                                       (sext          ) [ 0000000100000000]
sext_ln1393_17                                                                       (sext          ) [ 0000000100000000]
sext_ln1393_18                                                                       (sext          ) [ 0000000100000000]
sext_ln1393_19                                                                       (sext          ) [ 0000000100000000]
tmp_34                                                                               (mux           ) [ 0000000100000000]
tmp_36                                                                               (mux           ) [ 0000000100000000]
lhs_V_6                                                                              (bitconcatenate) [ 0000000000000000]
ret_V_6                                                                              (add           ) [ 0000000000000000]
tmp_29                                                                               (partselect    ) [ 0000000000000000]
lhs_V_7                                                                              (bitconcatenate) [ 0000000000000000]
ret_V_7                                                                              (add           ) [ 0000000000000000]
mul_ln1393_8                                                                         (mul           ) [ 0000000010000000]
tmp_31                                                                               (partselect    ) [ 0000000010000000]
mul_ln1393_9                                                                         (mul           ) [ 0000000010000000]
sext_ln1393_20                                                                       (sext          ) [ 0000000010000000]
sext_ln1393_21                                                                       (sext          ) [ 0000000010000000]
sext_ln1393_22                                                                       (sext          ) [ 0000000010000000]
sext_ln1393_23                                                                       (sext          ) [ 0000000010000000]
tmp_38                                                                               (mux           ) [ 0000000010000000]
tmp_40                                                                               (mux           ) [ 0000000010000000]
lhs_V_8                                                                              (bitconcatenate) [ 0000000000000000]
ret_V_8                                                                              (add           ) [ 0000000000000000]
tmp_33                                                                               (partselect    ) [ 0000000000000000]
lhs_V_9                                                                              (bitconcatenate) [ 0000000000000000]
ret_V_9                                                                              (add           ) [ 0000000000000000]
mul_ln1393_10                                                                        (mul           ) [ 0000000001000000]
tmp_35                                                                               (partselect    ) [ 0000000001000000]
mul_ln1393_11                                                                        (mul           ) [ 0000000001000000]
sext_ln1393_24                                                                       (sext          ) [ 0000000001000000]
sext_ln1393_25                                                                       (sext          ) [ 0000000001000000]
sext_ln1393_26                                                                       (sext          ) [ 0000000001000000]
sext_ln1393_27                                                                       (sext          ) [ 0000000001000000]
tmp_42                                                                               (mux           ) [ 0000000001000000]
tmp_44                                                                               (mux           ) [ 0000000001000000]
lhs_V_10                                                                             (bitconcatenate) [ 0000000000000000]
ret_V_10                                                                             (add           ) [ 0000000000000000]
tmp_37                                                                               (partselect    ) [ 0000000000000000]
lhs_V_11                                                                             (bitconcatenate) [ 0000000000000000]
ret_V_11                                                                             (add           ) [ 0000000000000000]
mul_ln1393_12                                                                        (mul           ) [ 0000000000100000]
tmp_39                                                                               (partselect    ) [ 0000000000100000]
mul_ln1393_13                                                                        (mul           ) [ 0000000000100000]
sext_ln1393_28                                                                       (sext          ) [ 0000000000100000]
sext_ln1393_29                                                                       (sext          ) [ 0000000000100000]
sext_ln1393_30                                                                       (sext          ) [ 0000000000100000]
sext_ln1393_31                                                                       (sext          ) [ 0000000000100000]
tmp_46                                                                               (mux           ) [ 0000000000100000]
tmp_48                                                                               (mux           ) [ 0000000000100000]
lhs_V_12                                                                             (bitconcatenate) [ 0000000000000000]
ret_V_12                                                                             (add           ) [ 0000000000000000]
tmp_41                                                                               (partselect    ) [ 0000000000000000]
lhs_V_13                                                                             (bitconcatenate) [ 0000000000000000]
ret_V_13                                                                             (add           ) [ 0000000000000000]
mul_ln1393_14                                                                        (mul           ) [ 0000000000010000]
tmp_43                                                                               (partselect    ) [ 0000000000010000]
mul_ln1393_15                                                                        (mul           ) [ 0000000000010000]
sext_ln1393_32                                                                       (sext          ) [ 0000000000010000]
sext_ln1393_33                                                                       (sext          ) [ 0000000000010000]
sext_ln1393_34                                                                       (sext          ) [ 0000000000010000]
sext_ln1393_35                                                                       (sext          ) [ 0000000000010000]
tmp_50                                                                               (mux           ) [ 0000000000010000]
tmp_52                                                                               (mux           ) [ 0000000000010000]
lhs_V_14                                                                             (bitconcatenate) [ 0000000000000000]
ret_V_14                                                                             (add           ) [ 0000000000000000]
tmp_45                                                                               (partselect    ) [ 0000000000000000]
lhs_V_15                                                                             (bitconcatenate) [ 0000000000000000]
ret_V_15                                                                             (add           ) [ 0000000000000000]
mul_ln1393_16                                                                        (mul           ) [ 0000000000001000]
tmp_47                                                                               (partselect    ) [ 0000000000001000]
mul_ln1393_17                                                                        (mul           ) [ 0000000000001000]
sext_ln1393_36                                                                       (sext          ) [ 0000000000001000]
sext_ln1393_37                                                                       (sext          ) [ 0000000000001000]
sext_ln1393_38                                                                       (sext          ) [ 0000000000001000]
sext_ln1393_39                                                                       (sext          ) [ 0000000000001000]
p_ZZ22low_pass_filter_secondRN3hls6streamINS_4axisI8ap_fixedILi32ELi10EL9ap_q_mod_86 (load          ) [ 0000000000000000]
p_ZZ22low_pass_filter_secondRN3hls6streamINS_4axisI8ap_fixedILi32ELi10EL9ap_q_mod_87 (load          ) [ 0000000000000000]
r_V_21                                                                               (mux           ) [ 0000000000001000]
tmp_54                                                                               (mux           ) [ 0000000000001000]
lhs_V_16                                                                             (bitconcatenate) [ 0000000000000000]
ret_V_16                                                                             (add           ) [ 0000000000000000]
tmp_49                                                                               (partselect    ) [ 0000000000000000]
lhs_V_17                                                                             (bitconcatenate) [ 0000000000000000]
ret_V_17                                                                             (add           ) [ 0000000000000000]
mul_ln1393_18                                                                        (mul           ) [ 0000000000000100]
tmp_51                                                                               (partselect    ) [ 0000000000000100]
mul_ln1393_19                                                                        (mul           ) [ 0000000000000100]
sext_ln1393_40                                                                       (sext          ) [ 0000000000000100]
sext_ln1393_41                                                                       (sext          ) [ 0000000000000100]
lhs_V_18                                                                             (bitconcatenate) [ 0000000000000000]
ret_V_18                                                                             (add           ) [ 0000000000000000]
tmp_53                                                                               (partselect    ) [ 0000000000000000]
lhs_V_19                                                                             (bitconcatenate) [ 0000000000000000]
ret_V_19                                                                             (add           ) [ 0000000000000000]
mul_ln1393_20                                                                        (mul           ) [ 0000000000000010]
tmp_55                                                                               (partselect    ) [ 0000000000000010]
lhs_V_20                                                                             (bitconcatenate) [ 0000000000000000]
ret_V_20                                                                             (add           ) [ 0000000000000000]
sum_each_V                                                                           (partselect    ) [ 0000000000000000]
sum_V_load                                                                           (load          ) [ 0000000000000000]
trunc_ln1                                                                            (partselect    ) [ 0000000000000000]
trunc_ln859                                                                          (trunc         ) [ 0000000000000000]
add_ln859                                                                            (add           ) [ 0000000000000011]
add_ln1065                                                                           (add           ) [ 0000000000000000]
icmp_ln1065                                                                          (icmp          ) [ 0000000000000011]
br_ln49                                                                              (br            ) [ 0000000000000000]
add_ln886                                                                            (add           ) [ 0000000000000000]
store_ln886                                                                          (store         ) [ 0000000000000000]
br_ln0                                                                               (br            ) [ 0000000000000011]
output_temp_data_V                                                                   (partselect    ) [ 0000000000000001]
store_ln54                                                                           (store         ) [ 0000000000000000]
write_ln304                                                                          (write         ) [ 0000000000000000]
br_ln57                                                                              (br            ) [ 0000000000000000]
sum_V_new_0                                                                          (phi           ) [ 0000000000000001]
store_ln859                                                                          (store         ) [ 0000000000000000]
ret_ln61                                                                             (ret           ) [ 0000000000000000]
</LifeTime>

<model>

<comp_list>
<comp id="0" class="1000" name="input_r_V_data_V">
<pin_list>
<pin id="1" dir="1" index="0" bw="1" slack="0"/>
</pin_list>
<bind>
<StgValue><ssdm name="input_r_V_data_V"/></StgValue>
</bind>
</comp>

<comp id="2" class="1000" name="input_r_V_keep_V">
<pin_list>
<pin id="3" dir="1" index="0" bw="1" slack="0"/>
</pin_list>
<bind>
<StgValue><ssdm name="input_r_V_keep_V"/></StgValue>
</bind>
</comp>

<comp id="4" class="1000" name="input_r_V_strb_V">
<pin_list>
<pin id="5" dir="1" index="0" bw="1" slack="0"/>
</pin_list>
<bind>
<StgValue><ssdm name="input_r_V_strb_V"/></StgValue>
</bind>
</comp>

<comp id="6" class="1000" name="input_r_V_last_V">
<pin_list>
<pin id="7" dir="1" index="0" bw="1" slack="0"/>
</pin_list>
<bind>
<StgValue><ssdm name="input_r_V_last_V"/></StgValue>
</bind>
</comp>

<comp id="8" class="1000" name="output_r_V_data_V">
<pin_list>
<pin id="9" dir="1" index="0" bw="1" slack="0"/>
</pin_list>
<bind>
<StgValue><ssdm name="output_r_V_data_V"/></StgValue>
</bind>
</comp>

<comp id="10" class="1000" name="output_r_V_keep_V">
<pin_list>
<pin id="11" dir="1" index="0" bw="1" slack="0"/>
</pin_list>
<bind>
<StgValue><ssdm name="output_r_V_keep_V"/></StgValue>
</bind>
</comp>

<comp id="12" class="1000" name="output_r_V_strb_V">
<pin_list>
<pin id="13" dir="1" index="0" bw="1" slack="0"/>
</pin_list>
<bind>
<StgValue><ssdm name="output_r_V_strb_V"/></StgValue>
</bind>
</comp>

<comp id="14" class="1000" name="output_r_V_last_V">
<pin_list>
<pin id="15" dir="1" index="0" bw="1" slack="0"/>
</pin_list>
<bind>
<StgValue><ssdm name="output_r_V_last_V"/></StgValue>
</bind>
</comp>

<comp id="16" class="1000" name="count_V">
<pin_list>
<pin id="17" dir="1" index="0" bw="1" slack="0"/>
</pin_list>
<bind>
<StgValue><ssdm name="count_V"/></StgValue>
</bind>
</comp>

<comp id="18" class="1000" name="p_ZZ22low_pass_filter_secondRN3hls6streamINS_4axisI8ap_fixedILi32ELi10EL9ap_q_mod_30">
<pin_list>
<pin id="19" dir="1" index="0" bw="1" slack="0"/>
</pin_list>
<bind>
<StgValue><ssdm name="p_ZZ22low_pass_filter_secondRN3hls6streamINS_4axisI8ap_fixedILi32ELi10EL9ap_q_mod_30"/></StgValue>
</bind>
</comp>

<comp id="20" class="1000" name="p_ZZ22low_pass_filter_secondRN3hls6streamINS_4axisI8ap_fixedILi32ELi10EL9ap_q_mod_8">
<pin_list>
<pin id="21" dir="1" index="0" bw="1" slack="0"/>
</pin_list>
<bind>
<StgValue><ssdm name="p_ZZ22low_pass_filter_secondRN3hls6streamINS_4axisI8ap_fixedILi32ELi10EL9ap_q_mod_8"/></StgValue>
</bind>
</comp>

<comp id="22" class="1000" name="p_ZZ22low_pass_filter_secondRN3hls6streamINS_4axisI8ap_fixedILi32ELi10EL9ap_q_mod_32">
<pin_list>
<pin id="23" dir="1" index="0" bw="1" slack="0"/>
</pin_list>
<bind>
<StgValue><ssdm name="p_ZZ22low_pass_filter_secondRN3hls6streamINS_4axisI8ap_fixedILi32ELi10EL9ap_q_mod_32"/></StgValue>
</bind>
</comp>

<comp id="24" class="1000" name="p_ZZ22low_pass_filter_secondRN3hls6streamINS_4axisI8ap_fixedILi32ELi10EL9ap_q_mod_10">
<pin_list>
<pin id="25" dir="1" index="0" bw="1" slack="0"/>
</pin_list>
<bind>
<StgValue><ssdm name="p_ZZ22low_pass_filter_secondRN3hls6streamINS_4axisI8ap_fixedILi32ELi10EL9ap_q_mod_10"/></StgValue>
</bind>
</comp>

<comp id="26" class="1000" name="p_ZZ22low_pass_filter_secondRN3hls6streamINS_4axisI8ap_fixedILi32ELi10EL9ap_q_mod_33">
<pin_list>
<pin id="27" dir="1" index="0" bw="1" slack="0"/>
</pin_list>
<bind>
<StgValue><ssdm name="p_ZZ22low_pass_filter_secondRN3hls6streamINS_4axisI8ap_fixedILi32ELi10EL9ap_q_mod_33"/></StgValue>
</bind>
</comp>

<comp id="28" class="1000" name="p_ZZ22low_pass_filter_secondRN3hls6streamINS_4axisI8ap_fixedILi32ELi10EL9ap_q_mod_11">
<pin_list>
<pin id="29" dir="1" index="0" bw="1" slack="0"/>
</pin_list>
<bind>
<StgValue><ssdm name="p_ZZ22low_pass_filter_secondRN3hls6streamINS_4axisI8ap_fixedILi32ELi10EL9ap_q_mod_11"/></StgValue>
</bind>
</comp>

<comp id="30" class="1000" name="p_ZZ22low_pass_filter_secondRN3hls6streamINS_4axisI8ap_fixedILi32ELi10EL9ap_q_mod_34">
<pin_list>
<pin id="31" dir="1" index="0" bw="1" slack="0"/>
</pin_list>
<bind>
<StgValue><ssdm name="p_ZZ22low_pass_filter_secondRN3hls6streamINS_4axisI8ap_fixedILi32ELi10EL9ap_q_mod_34"/></StgValue>
</bind>
</comp>

<comp id="32" class="1000" name="p_ZZ22low_pass_filter_secondRN3hls6streamINS_4axisI8ap_fixedILi32ELi10EL9ap_q_mod_12">
<pin_list>
<pin id="33" dir="1" index="0" bw="1" slack="0"/>
</pin_list>
<bind>
<StgValue><ssdm name="p_ZZ22low_pass_filter_secondRN3hls6streamINS_4axisI8ap_fixedILi32ELi10EL9ap_q_mod_12"/></StgValue>
</bind>
</comp>

<comp id="34" class="1000" name="p_ZZ22low_pass_filter_secondRN3hls6streamINS_4axisI8ap_fixedILi32ELi10EL9ap_q_mod_35">
<pin_list>
<pin id="35" dir="1" index="0" bw="1" slack="0"/>
</pin_list>
<bind>
<StgValue><ssdm name="p_ZZ22low_pass_filter_secondRN3hls6streamINS_4axisI8ap_fixedILi32ELi10EL9ap_q_mod_35"/></StgValue>
</bind>
</comp>

<comp id="36" class="1000" name="p_ZZ22low_pass_filter_secondRN3hls6streamINS_4axisI8ap_fixedILi32ELi10EL9ap_q_mod_13">
<pin_list>
<pin id="37" dir="1" index="0" bw="1" slack="0"/>
</pin_list>
<bind>
<StgValue><ssdm name="p_ZZ22low_pass_filter_secondRN3hls6streamINS_4axisI8ap_fixedILi32ELi10EL9ap_q_mod_13"/></StgValue>
</bind>
</comp>

<comp id="38" class="1000" name="p_ZZ22low_pass_filter_secondRN3hls6streamINS_4axisI8ap_fixedILi32ELi10EL9ap_q_mod_36">
<pin_list>
<pin id="39" dir="1" index="0" bw="1" slack="0"/>
</pin_list>
<bind>
<StgValue><ssdm name="p_ZZ22low_pass_filter_secondRN3hls6streamINS_4axisI8ap_fixedILi32ELi10EL9ap_q_mod_36"/></StgValue>
</bind>
</comp>

<comp id="40" class="1000" name="p_ZZ22low_pass_filter_secondRN3hls6streamINS_4axisI8ap_fixedILi32ELi10EL9ap_q_mod_14">
<pin_list>
<pin id="41" dir="1" index="0" bw="1" slack="0"/>
</pin_list>
<bind>
<StgValue><ssdm name="p_ZZ22low_pass_filter_secondRN3hls6streamINS_4axisI8ap_fixedILi32ELi10EL9ap_q_mod_14"/></StgValue>
</bind>
</comp>

<comp id="42" class="1000" name="p_ZZ22low_pass_filter_secondRN3hls6streamINS_4axisI8ap_fixedILi32ELi10EL9ap_q_mod_37">
<pin_list>
<pin id="43" dir="1" index="0" bw="1" slack="0"/>
</pin_list>
<bind>
<StgValue><ssdm name="p_ZZ22low_pass_filter_secondRN3hls6streamINS_4axisI8ap_fixedILi32ELi10EL9ap_q_mod_37"/></StgValue>
</bind>
</comp>

<comp id="44" class="1000" name="p_ZZ22low_pass_filter_secondRN3hls6streamINS_4axisI8ap_fixedILi32ELi10EL9ap_q_mod_15">
<pin_list>
<pin id="45" dir="1" index="0" bw="1" slack="0"/>
</pin_list>
<bind>
<StgValue><ssdm name="p_ZZ22low_pass_filter_secondRN3hls6streamINS_4axisI8ap_fixedILi32ELi10EL9ap_q_mod_15"/></StgValue>
</bind>
</comp>

<comp id="46" class="1000" name="p_ZZ22low_pass_filter_secondRN3hls6streamINS_4axisI8ap_fixedILi32ELi10EL9ap_q_mod_38">
<pin_list>
<pin id="47" dir="1" index="0" bw="1" slack="0"/>
</pin_list>
<bind>
<StgValue><ssdm name="p_ZZ22low_pass_filter_secondRN3hls6streamINS_4axisI8ap_fixedILi32ELi10EL9ap_q_mod_38"/></StgValue>
</bind>
</comp>

<comp id="48" class="1000" name="p_ZZ22low_pass_filter_secondRN3hls6streamINS_4axisI8ap_fixedILi32ELi10EL9ap_q_mod_16">
<pin_list>
<pin id="49" dir="1" index="0" bw="1" slack="0"/>
</pin_list>
<bind>
<StgValue><ssdm name="p_ZZ22low_pass_filter_secondRN3hls6streamINS_4axisI8ap_fixedILi32ELi10EL9ap_q_mod_16"/></StgValue>
</bind>
</comp>

<comp id="50" class="1000" name="p_ZZ22low_pass_filter_secondRN3hls6streamINS_4axisI8ap_fixedILi32ELi10EL9ap_q_mod_39">
<pin_list>
<pin id="51" dir="1" index="0" bw="1" slack="0"/>
</pin_list>
<bind>
<StgValue><ssdm name="p_ZZ22low_pass_filter_secondRN3hls6streamINS_4axisI8ap_fixedILi32ELi10EL9ap_q_mod_39"/></StgValue>
</bind>
</comp>

<comp id="52" class="1000" name="p_ZZ22low_pass_filter_secondRN3hls6streamINS_4axisI8ap_fixedILi32ELi10EL9ap_q_mod_17">
<pin_list>
<pin id="53" dir="1" index="0" bw="1" slack="0"/>
</pin_list>
<bind>
<StgValue><ssdm name="p_ZZ22low_pass_filter_secondRN3hls6streamINS_4axisI8ap_fixedILi32ELi10EL9ap_q_mod_17"/></StgValue>
</bind>
</comp>

<comp id="54" class="1000" name="p_ZZ22low_pass_filter_secondRN3hls6streamINS_4axisI8ap_fixedILi32ELi10EL9ap_q_mod_40">
<pin_list>
<pin id="55" dir="1" index="0" bw="1" slack="0"/>
</pin_list>
<bind>
<StgValue><ssdm name="p_ZZ22low_pass_filter_secondRN3hls6streamINS_4axisI8ap_fixedILi32ELi10EL9ap_q_mod_40"/></StgValue>
</bind>
</comp>

<comp id="56" class="1000" name="p_ZZ22low_pass_filter_secondRN3hls6streamINS_4axisI8ap_fixedILi32ELi10EL9ap_q_mod_18">
<pin_list>
<pin id="57" dir="1" index="0" bw="1" slack="0"/>
</pin_list>
<bind>
<StgValue><ssdm name="p_ZZ22low_pass_filter_secondRN3hls6streamINS_4axisI8ap_fixedILi32ELi10EL9ap_q_mod_18"/></StgValue>
</bind>
</comp>

<comp id="58" class="1000" name="p_ZZ22low_pass_filter_secondRN3hls6streamINS_4axisI8ap_fixedILi32ELi10EL9ap_q_mod_41">
<pin_list>
<pin id="59" dir="1" index="0" bw="1" slack="0"/>
</pin_list>
<bind>
<StgValue><ssdm name="p_ZZ22low_pass_filter_secondRN3hls6streamINS_4axisI8ap_fixedILi32ELi10EL9ap_q_mod_41"/></StgValue>
</bind>
</comp>

<comp id="60" class="1000" name="p_ZZ22low_pass_filter_secondRN3hls6streamINS_4axisI8ap_fixedILi32ELi10EL9ap_q_mod_19">
<pin_list>
<pin id="61" dir="1" index="0" bw="1" slack="0"/>
</pin_list>
<bind>
<StgValue><ssdm name="p_ZZ22low_pass_filter_secondRN3hls6streamINS_4axisI8ap_fixedILi32ELi10EL9ap_q_mod_19"/></StgValue>
</bind>
</comp>

<comp id="62" class="1000" name="p_ZZ22low_pass_filter_secondRN3hls6streamINS_4axisI8ap_fixedILi32ELi10EL9ap_q_mod_22">
<pin_list>
<pin id="63" dir="1" index="0" bw="1" slack="0"/>
</pin_list>
<bind>
<StgValue><ssdm name="p_ZZ22low_pass_filter_secondRN3hls6streamINS_4axisI8ap_fixedILi32ELi10EL9ap_q_mod_22"/></StgValue>
</bind>
</comp>

<comp id="64" class="1000" name="p_ZZ22low_pass_filter_secondRN3hls6streamINS_4axisI8ap_fixedILi32ELi10EL9ap_q_mod">
<pin_list>
<pin id="65" dir="1" index="0" bw="1" slack="0"/>
</pin_list>
<bind>
<StgValue><ssdm name="p_ZZ22low_pass_filter_secondRN3hls6streamINS_4axisI8ap_fixedILi32ELi10EL9ap_q_mod"/></StgValue>
</bind>
</comp>

<comp id="66" class="1000" name="p_ZZ22low_pass_filter_secondRN3hls6streamINS_4axisI8ap_fixedILi32ELi10EL9ap_q_mod_23">
<pin_list>
<pin id="67" dir="1" index="0" bw="1" slack="0"/>
</pin_list>
<bind>
<StgValue><ssdm name="p_ZZ22low_pass_filter_secondRN3hls6streamINS_4axisI8ap_fixedILi32ELi10EL9ap_q_mod_23"/></StgValue>
</bind>
</comp>

<comp id="68" class="1000" name="p_ZZ22low_pass_filter_secondRN3hls6streamINS_4axisI8ap_fixedILi32ELi10EL9ap_q_mod_1">
<pin_list>
<pin id="69" dir="1" index="0" bw="1" slack="0"/>
</pin_list>
<bind>
<StgValue><ssdm name="p_ZZ22low_pass_filter_secondRN3hls6streamINS_4axisI8ap_fixedILi32ELi10EL9ap_q_mod_1"/></StgValue>
</bind>
</comp>

<comp id="70" class="1000" name="p_ZZ22low_pass_filter_secondRN3hls6streamINS_4axisI8ap_fixedILi32ELi10EL9ap_q_mod_24">
<pin_list>
<pin id="71" dir="1" index="0" bw="1" slack="0"/>
</pin_list>
<bind>
<StgValue><ssdm name="p_ZZ22low_pass_filter_secondRN3hls6streamINS_4axisI8ap_fixedILi32ELi10EL9ap_q_mod_24"/></StgValue>
</bind>
</comp>

<comp id="72" class="1000" name="p_ZZ22low_pass_filter_secondRN3hls6streamINS_4axisI8ap_fixedILi32ELi10EL9ap_q_mod_2">
<pin_list>
<pin id="73" dir="1" index="0" bw="1" slack="0"/>
</pin_list>
<bind>
<StgValue><ssdm name="p_ZZ22low_pass_filter_secondRN3hls6streamINS_4axisI8ap_fixedILi32ELi10EL9ap_q_mod_2"/></StgValue>
</bind>
</comp>

<comp id="74" class="1000" name="p_ZZ22low_pass_filter_secondRN3hls6streamINS_4axisI8ap_fixedILi32ELi10EL9ap_q_mod_25">
<pin_list>
<pin id="75" dir="1" index="0" bw="1" slack="0"/>
</pin_list>
<bind>
<StgValue><ssdm name="p_ZZ22low_pass_filter_secondRN3hls6streamINS_4axisI8ap_fixedILi32ELi10EL9ap_q_mod_25"/></StgValue>
</bind>
</comp>

<comp id="76" class="1000" name="p_ZZ22low_pass_filter_secondRN3hls6streamINS_4axisI8ap_fixedILi32ELi10EL9ap_q_mod_3">
<pin_list>
<pin id="77" dir="1" index="0" bw="1" slack="0"/>
</pin_list>
<bind>
<StgValue><ssdm name="p_ZZ22low_pass_filter_secondRN3hls6streamINS_4axisI8ap_fixedILi32ELi10EL9ap_q_mod_3"/></StgValue>
</bind>
</comp>

<comp id="78" class="1000" name="p_ZZ22low_pass_filter_secondRN3hls6streamINS_4axisI8ap_fixedILi32ELi10EL9ap_q_mod_26">
<pin_list>
<pin id="79" dir="1" index="0" bw="1" slack="0"/>
</pin_list>
<bind>
<StgValue><ssdm name="p_ZZ22low_pass_filter_secondRN3hls6streamINS_4axisI8ap_fixedILi32ELi10EL9ap_q_mod_26"/></StgValue>
</bind>
</comp>

<comp id="80" class="1000" name="p_ZZ22low_pass_filter_secondRN3hls6streamINS_4axisI8ap_fixedILi32ELi10EL9ap_q_mod_4">
<pin_list>
<pin id="81" dir="1" index="0" bw="1" slack="0"/>
</pin_list>
<bind>
<StgValue><ssdm name="p_ZZ22low_pass_filter_secondRN3hls6streamINS_4axisI8ap_fixedILi32ELi10EL9ap_q_mod_4"/></StgValue>
</bind>
</comp>

<comp id="82" class="1000" name="p_ZZ22low_pass_filter_secondRN3hls6streamINS_4axisI8ap_fixedILi32ELi10EL9ap_q_mod_27">
<pin_list>
<pin id="83" dir="1" index="0" bw="1" slack="0"/>
</pin_list>
<bind>
<StgValue><ssdm name="p_ZZ22low_pass_filter_secondRN3hls6streamINS_4axisI8ap_fixedILi32ELi10EL9ap_q_mod_27"/></StgValue>
</bind>
</comp>

<comp id="84" class="1000" name="p_ZZ22low_pass_filter_secondRN3hls6streamINS_4axisI8ap_fixedILi32ELi10EL9ap_q_mod_5">
<pin_list>
<pin id="85" dir="1" index="0" bw="1" slack="0"/>
</pin_list>
<bind>
<StgValue><ssdm name="p_ZZ22low_pass_filter_secondRN3hls6streamINS_4axisI8ap_fixedILi32ELi10EL9ap_q_mod_5"/></StgValue>
</bind>
</comp>

<comp id="86" class="1000" name="p_ZZ22low_pass_filter_secondRN3hls6streamINS_4axisI8ap_fixedILi32ELi10EL9ap_q_mod_28">
<pin_list>
<pin id="87" dir="1" index="0" bw="1" slack="0"/>
</pin_list>
<bind>
<StgValue><ssdm name="p_ZZ22low_pass_filter_secondRN3hls6streamINS_4axisI8ap_fixedILi32ELi10EL9ap_q_mod_28"/></StgValue>
</bind>
</comp>

<comp id="88" class="1000" name="p_ZZ22low_pass_filter_secondRN3hls6streamINS_4axisI8ap_fixedILi32ELi10EL9ap_q_mod_6">
<pin_list>
<pin id="89" dir="1" index="0" bw="1" slack="0"/>
</pin_list>
<bind>
<StgValue><ssdm name="p_ZZ22low_pass_filter_secondRN3hls6streamINS_4axisI8ap_fixedILi32ELi10EL9ap_q_mod_6"/></StgValue>
</bind>
</comp>

<comp id="90" class="1000" name="p_ZZ22low_pass_filter_secondRN3hls6streamINS_4axisI8ap_fixedILi32ELi10EL9ap_q_mod_31">
<pin_list>
<pin id="91" dir="1" index="0" bw="1" slack="0"/>
</pin_list>
<bind>
<StgValue><ssdm name="p_ZZ22low_pass_filter_secondRN3hls6streamINS_4axisI8ap_fixedILi32ELi10EL9ap_q_mod_31"/></StgValue>
</bind>
</comp>

<comp id="92" class="1000" name="p_ZZ22low_pass_filter_secondRN3hls6streamINS_4axisI8ap_fixedILi32ELi10EL9ap_q_mod_9">
<pin_list>
<pin id="93" dir="1" index="0" bw="1" slack="0"/>
</pin_list>
<bind>
<StgValue><ssdm name="p_ZZ22low_pass_filter_secondRN3hls6streamINS_4axisI8ap_fixedILi32ELi10EL9ap_q_mod_9"/></StgValue>
</bind>
</comp>

<comp id="94" class="1000" name="p_ZZ22low_pass_filter_secondRN3hls6streamINS_4axisI8ap_fixedILi32ELi10EL9ap_q_mod_42">
<pin_list>
<pin id="95" dir="1" index="0" bw="1" slack="0"/>
</pin_list>
<bind>
<StgValue><ssdm name="p_ZZ22low_pass_filter_secondRN3hls6streamINS_4axisI8ap_fixedILi32ELi10EL9ap_q_mod_42"/></StgValue>
</bind>
</comp>

<comp id="96" class="1000" name="p_ZZ22low_pass_filter_secondRN3hls6streamINS_4axisI8ap_fixedILi32ELi10EL9ap_q_mod_20">
<pin_list>
<pin id="97" dir="1" index="0" bw="1" slack="0"/>
</pin_list>
<bind>
<StgValue><ssdm name="p_ZZ22low_pass_filter_secondRN3hls6streamINS_4axisI8ap_fixedILi32ELi10EL9ap_q_mod_20"/></StgValue>
</bind>
</comp>

<comp id="98" class="1000" name="p_ZZ22low_pass_filter_secondRN3hls6streamINS_4axisI8ap_fixedILi32ELi10EL9ap_q_mod_43">
<pin_list>
<pin id="99" dir="1" index="0" bw="1" slack="0"/>
</pin_list>
<bind>
<StgValue><ssdm name="p_ZZ22low_pass_filter_secondRN3hls6streamINS_4axisI8ap_fixedILi32ELi10EL9ap_q_mod_43"/></StgValue>
</bind>
</comp>

<comp id="100" class="1000" name="p_ZZ22low_pass_filter_secondRN3hls6streamINS_4axisI8ap_fixedILi32ELi10EL9ap_q_mod_21">
<pin_list>
<pin id="101" dir="1" index="0" bw="1" slack="0"/>
</pin_list>
<bind>
<StgValue><ssdm name="p_ZZ22low_pass_filter_secondRN3hls6streamINS_4axisI8ap_fixedILi32ELi10EL9ap_q_mod_21"/></StgValue>
</bind>
</comp>

<comp id="102" class="1000" name="p_ZZ22low_pass_filter_secondRN3hls6streamINS_4axisI8ap_fixedILi32ELi10EL9ap_q_mod_29">
<pin_list>
<pin id="103" dir="1" index="0" bw="1" slack="0"/>
</pin_list>
<bind>
<StgValue><ssdm name="p_ZZ22low_pass_filter_secondRN3hls6streamINS_4axisI8ap_fixedILi32ELi10EL9ap_q_mod_29"/></StgValue>
</bind>
</comp>

<comp id="104" class="1000" name="p_ZZ22low_pass_filter_secondRN3hls6streamINS_4axisI8ap_fixedILi32ELi10EL9ap_q_mod_7">
<pin_list>
<pin id="105" dir="1" index="0" bw="1" slack="0"/>
</pin_list>
<bind>
<StgValue><ssdm name="p_ZZ22low_pass_filter_secondRN3hls6streamINS_4axisI8ap_fixedILi32ELi10EL9ap_q_mod_7"/></StgValue>
</bind>
</comp>

<comp id="106" class="1000" name="sum_V">
<pin_list>
<pin id="107" dir="1" index="0" bw="1" slack="0"/>
</pin_list>
<bind>
<StgValue><ssdm name="sum_V"/></StgValue>
</bind>
</comp>

<comp id="108" class="1001" name="const_108">
<pin_list>
<pin id="109" dir="1" index="0" bw="1" slack="2147483647"/>
</pin_list>
<bind>
<StgValue><ssdm name="_ssdm_op_SpecTopModule"/></StgValue>
</bind>
</comp>

<comp id="110" class="1001" name="const_110">
<pin_list>
<pin id="111" dir="1" index="0" bw="1" slack="2147483647"/>
</pin_list>
<bind>
<StgValue><ssdm name="empty_0"/></StgValue>
</bind>
</comp>

<comp id="112" class="1001" name="const_112">
<pin_list>
<pin id="113" dir="1" index="0" bw="1" slack="2147483647"/>
</pin_list>
<bind>
<StgValue><ssdm name="_ssdm_op_SpecInterface"/></StgValue>
</bind>
</comp>

<comp id="114" class="1001" name="const_114">
<pin_list>
<pin id="115" dir="1" index="0" bw="1" slack="0"/>
</pin_list>
<bind>
<StgValue><ssdm name=""/></StgValue>
</bind>
</comp>

<comp id="116" class="1001" name="const_116">
<pin_list>
<pin id="117" dir="1" index="0" bw="1" slack="2147483647"/>
</pin_list>
<bind>
<StgValue><ssdm name="empty_3"/></StgValue>
</bind>
</comp>

<comp id="118" class="1001" name="const_118">
<pin_list>
<pin id="119" dir="1" index="0" bw="1" slack="2147483647"/>
</pin_list>
<bind>
<StgValue><ssdm name="empty_2"/></StgValue>
</bind>
</comp>

<comp id="120" class="1001" name="const_120">
<pin_list>
<pin id="121" dir="1" index="0" bw="1" slack="2147483647"/>
</pin_list>
<bind>
<StgValue><ssdm name=""/></StgValue>
</bind>
</comp>

<comp id="122" class="1001" name="const_122">
<pin_list>
<pin id="123" dir="1" index="0" bw="1" slack="2147483647"/>
</pin_list>
<bind>
<StgValue><ssdm name="empty"/></StgValue>
</bind>
</comp>

<comp id="124" class="1001" name="const_124">
<pin_list>
<pin id="125" dir="1" index="0" bw="1" slack="2147483647"/>
</pin_list>
<bind>
<StgValue><ssdm name=""/></StgValue>
</bind>
</comp>

<comp id="126" class="1001" name="const_126">
<pin_list>
<pin id="127" dir="1" index="0" bw="1" slack="2147483647"/>
</pin_list>
<bind>
<StgValue><ssdm name="empty_1"/></StgValue>
</bind>
</comp>

<comp id="128" class="1001" name="const_128">
<pin_list>
<pin id="129" dir="1" index="0" bw="1" slack="2147483647"/>
</pin_list>
<bind>
<StgValue><ssdm name="_ssdm_op_SpecBitsMap"/></StgValue>
</bind>
</comp>

<comp id="130" class="1001" name="const_130">
<pin_list>
<pin id="131" dir="1" index="0" bw="1" slack="0"/>
</pin_list>
<bind>
<StgValue><ssdm name="_ssdm_op_Read.axis.volatile.i32P0A.i4P0A.i4P0A.i1P0A"/></StgValue>
</bind>
</comp>

<comp id="132" class="1001" name="const_132">
<pin_list>
<pin id="133" dir="1" index="0" bw="1" slack="0"/>
</pin_list>
<bind>
<StgValue><ssdm name=""/></StgValue>
</bind>
</comp>

<comp id="134" class="1001" name="const_134">
<pin_list>
<pin id="135" dir="1" index="0" bw="1" slack="0"/>
</pin_list>
<bind>
<StgValue><ssdm name="_ssdm_op_Mux.ap_auto.2i32.i33"/></StgValue>
</bind>
</comp>

<comp id="136" class="1001" name="const_136">
<pin_list>
<pin id="137" dir="1" index="0" bw="1" slack="0"/>
</pin_list>
<bind>
<StgValue><ssdm name="_ssdm_op_Mux.ap_auto.2i16.i33"/></StgValue>
</bind>
</comp>

<comp id="138" class="1001" name="const_138">
<pin_list>
<pin id="139" dir="1" index="0" bw="1" slack="0"/>
</pin_list>
<bind>
<StgValue><ssdm name=""/></StgValue>
</bind>
</comp>

<comp id="140" class="1001" name="const_140">
<pin_list>
<pin id="141" dir="1" index="0" bw="1" slack="0"/>
</pin_list>
<bind>
<StgValue><ssdm name=""/></StgValue>
</bind>
</comp>

<comp id="142" class="1001" name="const_142">
<pin_list>
<pin id="143" dir="1" index="0" bw="1" slack="0"/>
</pin_list>
<bind>
<StgValue><ssdm name=""/></StgValue>
</bind>
</comp>

<comp id="144" class="1001" name="const_144">
<pin_list>
<pin id="145" dir="1" index="0" bw="1" slack="0"/>
</pin_list>
<bind>
<StgValue><ssdm name=""/></StgValue>
</bind>
</comp>

<comp id="146" class="1001" name="const_146">
<pin_list>
<pin id="147" dir="1" index="0" bw="1" slack="0"/>
</pin_list>
<bind>
<StgValue><ssdm name=""/></StgValue>
</bind>
</comp>

<comp id="148" class="1001" name="const_148">
<pin_list>
<pin id="149" dir="1" index="0" bw="1" slack="0"/>
</pin_list>
<bind>
<StgValue><ssdm name=""/></StgValue>
</bind>
</comp>

<comp id="150" class="1001" name="const_150">
<pin_list>
<pin id="151" dir="1" index="0" bw="1" slack="0"/>
</pin_list>
<bind>
<StgValue><ssdm name=""/></StgValue>
</bind>
</comp>

<comp id="152" class="1001" name="const_152">
<pin_list>
<pin id="153" dir="1" index="0" bw="1" slack="0"/>
</pin_list>
<bind>
<StgValue><ssdm name=""/></StgValue>
</bind>
</comp>

<comp id="154" class="1001" name="const_154">
<pin_list>
<pin id="155" dir="1" index="0" bw="1" slack="0"/>
</pin_list>
<bind>
<StgValue><ssdm name=""/></StgValue>
</bind>
</comp>

<comp id="156" class="1001" name="const_156">
<pin_list>
<pin id="157" dir="1" index="0" bw="1" slack="0"/>
</pin_list>
<bind>
<StgValue><ssdm name=""/></StgValue>
</bind>
</comp>

<comp id="158" class="1001" name="const_158">
<pin_list>
<pin id="159" dir="1" index="0" bw="1" slack="0"/>
</pin_list>
<bind>
<StgValue><ssdm name="_ssdm_op_PartSelect.i32.i47.i32.i32"/></StgValue>
</bind>
</comp>

<comp id="160" class="1001" name="const_160">
<pin_list>
<pin id="161" dir="1" index="0" bw="1" slack="0"/>
</pin_list>
<bind>
<StgValue><ssdm name=""/></StgValue>
</bind>
</comp>

<comp id="162" class="1001" name="const_162">
<pin_list>
<pin id="163" dir="1" index="0" bw="1" slack="0"/>
</pin_list>
<bind>
<StgValue><ssdm name=""/></StgValue>
</bind>
</comp>

<comp id="164" class="1001" name="const_164">
<pin_list>
<pin id="165" dir="1" index="0" bw="1" slack="0"/>
</pin_list>
<bind>
<StgValue><ssdm name=""/></StgValue>
</bind>
</comp>

<comp id="166" class="1001" name="const_166">
<pin_list>
<pin id="167" dir="1" index="0" bw="1" slack="0"/>
</pin_list>
<bind>
<StgValue><ssdm name=""/></StgValue>
</bind>
</comp>

<comp id="168" class="1001" name="const_168">
<pin_list>
<pin id="169" dir="1" index="0" bw="1" slack="0"/>
</pin_list>
<bind>
<StgValue><ssdm name=""/></StgValue>
</bind>
</comp>

<comp id="170" class="1001" name="const_170">
<pin_list>
<pin id="171" dir="1" index="0" bw="1" slack="0"/>
</pin_list>
<bind>
<StgValue><ssdm name=""/></StgValue>
</bind>
</comp>

<comp id="172" class="1001" name="const_172">
<pin_list>
<pin id="173" dir="1" index="0" bw="1" slack="0"/>
</pin_list>
<bind>
<StgValue><ssdm name="_ssdm_op_BitConcatenate.i47.i32.i15"/></StgValue>
</bind>
</comp>

<comp id="174" class="1001" name="const_174">
<pin_list>
<pin id="175" dir="1" index="0" bw="1" slack="0"/>
</pin_list>
<bind>
<StgValue><ssdm name=""/></StgValue>
</bind>
</comp>

<comp id="176" class="1001" name="const_176">
<pin_list>
<pin id="177" dir="1" index="0" bw="1" slack="0"/>
</pin_list>
<bind>
<StgValue><ssdm name=""/></StgValue>
</bind>
</comp>

<comp id="178" class="1001" name="const_178">
<pin_list>
<pin id="179" dir="1" index="0" bw="1" slack="0"/>
</pin_list>
<bind>
<StgValue><ssdm name=""/></StgValue>
</bind>
</comp>

<comp id="180" class="1001" name="const_180">
<pin_list>
<pin id="181" dir="1" index="0" bw="1" slack="0"/>
</pin_list>
<bind>
<StgValue><ssdm name=""/></StgValue>
</bind>
</comp>

<comp id="182" class="1001" name="const_182">
<pin_list>
<pin id="183" dir="1" index="0" bw="1" slack="0"/>
</pin_list>
<bind>
<StgValue><ssdm name=""/></StgValue>
</bind>
</comp>

<comp id="184" class="1001" name="const_184">
<pin_list>
<pin id="185" dir="1" index="0" bw="1" slack="0"/>
</pin_list>
<bind>
<StgValue><ssdm name=""/></StgValue>
</bind>
</comp>

<comp id="186" class="1001" name="const_186">
<pin_list>
<pin id="187" dir="1" index="0" bw="1" slack="0"/>
</pin_list>
<bind>
<StgValue><ssdm name=""/></StgValue>
</bind>
</comp>

<comp id="188" class="1001" name="const_188">
<pin_list>
<pin id="189" dir="1" index="0" bw="1" slack="0"/>
</pin_list>
<bind>
<StgValue><ssdm name=""/></StgValue>
</bind>
</comp>

<comp id="190" class="1001" name="const_190">
<pin_list>
<pin id="191" dir="1" index="0" bw="1" slack="0"/>
</pin_list>
<bind>
<StgValue><ssdm name=""/></StgValue>
</bind>
</comp>

<comp id="192" class="1001" name="const_192">
<pin_list>
<pin id="193" dir="1" index="0" bw="1" slack="0"/>
</pin_list>
<bind>
<StgValue><ssdm name="_ssdm_op_PartSelect.i23.i47.i32.i32"/></StgValue>
</bind>
</comp>

<comp id="194" class="1001" name="const_194">
<pin_list>
<pin id="195" dir="1" index="0" bw="1" slack="0"/>
</pin_list>
<bind>
<StgValue><ssdm name=""/></StgValue>
</bind>
</comp>

<comp id="196" class="1001" name="const_196">
<pin_list>
<pin id="197" dir="1" index="0" bw="1" slack="0"/>
</pin_list>
<bind>
<StgValue><ssdm name="_ssdm_op_PartSelect.i16.i23.i32.i32"/></StgValue>
</bind>
</comp>

<comp id="198" class="1001" name="const_198">
<pin_list>
<pin id="199" dir="1" index="0" bw="1" slack="0"/>
</pin_list>
<bind>
<StgValue><ssdm name=""/></StgValue>
</bind>
</comp>

<comp id="200" class="1001" name="const_200">
<pin_list>
<pin id="201" dir="1" index="0" bw="1" slack="0"/>
</pin_list>
<bind>
<StgValue><ssdm name=""/></StgValue>
</bind>
</comp>

<comp id="202" class="1001" name="const_202">
<pin_list>
<pin id="203" dir="1" index="0" bw="1" slack="0"/>
</pin_list>
<bind>
<StgValue><ssdm name="_ssdm_op_Write.axis.volatile.i16P0A.i2P0A.i2P0A.i1P0A"/></StgValue>
</bind>
</comp>

<comp id="204" class="1001" name="const_204">
<pin_list>
<pin id="205" dir="1" index="0" bw="1" slack="0"/>
</pin_list>
<bind>
<StgValue><ssdm name=""/></StgValue>
</bind>
</comp>

<comp id="206" class="1001" name="const_206">
<pin_list>
<pin id="207" dir="1" index="0" bw="1" slack="0"/>
</pin_list>
<bind>
<StgValue><ssdm name=""/></StgValue>
</bind>
</comp>

<comp id="208" class="1004" name="empty_read_fu_208">
<pin_list>
<pin id="209" dir="0" index="0" bw="41" slack="0"/>
<pin id="210" dir="0" index="1" bw="32" slack="0"/>
<pin id="211" dir="0" index="2" bw="4" slack="0"/>
<pin id="212" dir="0" index="3" bw="4" slack="0"/>
<pin id="213" dir="0" index="4" bw="1" slack="0"/>
<pin id="214" dir="1" index="5" bw="41" slack="0"/>
</pin_list>
<bind>
<opcode="read(1150) " fcode="read"/>
<opset="empty/1 "/>
</bind>
</comp>

<comp id="220" class="1004" name="grp_write_fu_220">
<pin_list>
<pin id="221" dir="0" index="0" bw="0" slack="0"/>
<pin id="222" dir="0" index="1" bw="16" slack="0"/>
<pin id="223" dir="0" index="2" bw="2" slack="0"/>
<pin id="224" dir="0" index="3" bw="2" slack="0"/>
<pin id="225" dir="0" index="4" bw="1" slack="0"/>
<pin id="226" dir="0" index="5" bw="16" slack="0"/>
<pin id="227" dir="0" index="6" bw="1" slack="0"/>
<pin id="228" dir="0" index="7" bw="1" slack="0"/>
<pin id="229" dir="0" index="8" bw="1" slack="13"/>
<pin id="230" dir="1" index="9" bw="0" slack="2147483647"/>
</pin_list>
<bind>
<opcode="write(1151) " fcode="write"/>
<opset="write_ln304/14 "/>
</bind>
</comp>

<comp id="238" class="1005" name="mux_case_1721_reg_238">
<pin_list>
<pin id="239" dir="0" index="0" bw="32" slack="2147483647"/>
<pin id="240" dir="1" index="1" bw="32" slack="2147483647"/>
</pin_list>
<bind>
<opset="mux_case_1721 (phireg) "/>
</bind>
</comp>

<comp id="241" class="1004" name="mux_case_1721_phi_fu_241">
<pin_list>
<pin id="242" dir="0" index="0" bw="32" slack="1"/>
<pin id="243" dir="0" index="1" bw="0" slack="2147483647"/>
<pin id="244" dir="0" index="2" bw="32" slack="1"/>
<pin id="245" dir="0" index="3" bw="0" slack="2147483647"/>
<pin id="246" dir="1" index="4" bw="32" slack="0"/>
</pin_list>
<bind>
<opcode="phi(47) " fcode="phi"/>
<opset="mux_case_1721/2 "/>
</bind>
</comp>

<comp id="247" class="1005" name="mux_case_0720_reg_247">
<pin_list>
<pin id="248" dir="0" index="0" bw="32" slack="2147483647"/>
<pin id="249" dir="1" index="1" bw="32" slack="2147483647"/>
</pin_list>
<bind>
<opset="mux_case_0720 (phireg) "/>
</bind>
</comp>

<comp id="250" class="1004" name="mux_case_0720_phi_fu_250">
<pin_list>
<pin id="251" dir="0" index="0" bw="32" slack="1"/>
<pin id="252" dir="0" index="1" bw="0" slack="2147483647"/>
<pin id="253" dir="0" index="2" bw="32" slack="1"/>
<pin id="254" dir="0" index="3" bw="0" slack="2147483647"/>
<pin id="255" dir="1" index="4" bw="32" slack="0"/>
</pin_list>
<bind>
<opcode="phi(47) " fcode="phi"/>
<opset="mux_case_0720/2 "/>
</bind>
</comp>

<comp id="256" class="1005" name="mux_case_1717_reg_256">
<pin_list>
<pin id="257" dir="0" index="0" bw="32" slack="2147483647"/>
<pin id="258" dir="1" index="1" bw="32" slack="2147483647"/>
</pin_list>
<bind>
<opset="mux_case_1717 (phireg) "/>
</bind>
</comp>

<comp id="259" class="1004" name="mux_case_1717_phi_fu_259">
<pin_list>
<pin id="260" dir="0" index="0" bw="32" slack="1"/>
<pin id="261" dir="0" index="1" bw="0" slack="2147483647"/>
<pin id="262" dir="0" index="2" bw="32" slack="1"/>
<pin id="263" dir="0" index="3" bw="0" slack="2147483647"/>
<pin id="264" dir="1" index="4" bw="32" slack="0"/>
</pin_list>
<bind>
<opcode="phi(47) " fcode="phi"/>
<opset="mux_case_1717/2 "/>
</bind>
</comp>

<comp id="265" class="1005" name="mux_case_0716_reg_265">
<pin_list>
<pin id="266" dir="0" index="0" bw="32" slack="2147483647"/>
<pin id="267" dir="1" index="1" bw="32" slack="2147483647"/>
</pin_list>
<bind>
<opset="mux_case_0716 (phireg) "/>
</bind>
</comp>

<comp id="268" class="1004" name="mux_case_0716_phi_fu_268">
<pin_list>
<pin id="269" dir="0" index="0" bw="32" slack="1"/>
<pin id="270" dir="0" index="1" bw="0" slack="2147483647"/>
<pin id="271" dir="0" index="2" bw="32" slack="1"/>
<pin id="272" dir="0" index="3" bw="0" slack="2147483647"/>
<pin id="273" dir="1" index="4" bw="32" slack="0"/>
</pin_list>
<bind>
<opcode="phi(47) " fcode="phi"/>
<opset="mux_case_0716/2 "/>
</bind>
</comp>

<comp id="274" class="1005" name="mux_case_1713_reg_274">
<pin_list>
<pin id="275" dir="0" index="0" bw="32" slack="2147483647"/>
<pin id="276" dir="1" index="1" bw="32" slack="2147483647"/>
</pin_list>
<bind>
<opset="mux_case_1713 (phireg) "/>
</bind>
</comp>

<comp id="277" class="1004" name="mux_case_1713_phi_fu_277">
<pin_list>
<pin id="278" dir="0" index="0" bw="32" slack="1"/>
<pin id="279" dir="0" index="1" bw="0" slack="2147483647"/>
<pin id="280" dir="0" index="2" bw="32" slack="1"/>
<pin id="281" dir="0" index="3" bw="0" slack="2147483647"/>
<pin id="282" dir="1" index="4" bw="32" slack="0"/>
</pin_list>
<bind>
<opcode="phi(47) " fcode="phi"/>
<opset="mux_case_1713/2 "/>
</bind>
</comp>

<comp id="283" class="1005" name="mux_case_0712_reg_283">
<pin_list>
<pin id="284" dir="0" index="0" bw="32" slack="2147483647"/>
<pin id="285" dir="1" index="1" bw="32" slack="2147483647"/>
</pin_list>
<bind>
<opset="mux_case_0712 (phireg) "/>
</bind>
</comp>

<comp id="286" class="1004" name="mux_case_0712_phi_fu_286">
<pin_list>
<pin id="287" dir="0" index="0" bw="32" slack="1"/>
<pin id="288" dir="0" index="1" bw="0" slack="2147483647"/>
<pin id="289" dir="0" index="2" bw="32" slack="1"/>
<pin id="290" dir="0" index="3" bw="0" slack="2147483647"/>
<pin id="291" dir="1" index="4" bw="32" slack="0"/>
</pin_list>
<bind>
<opcode="phi(47) " fcode="phi"/>
<opset="mux_case_0712/2 "/>
</bind>
</comp>

<comp id="292" class="1005" name="mux_case_1709_reg_292">
<pin_list>
<pin id="293" dir="0" index="0" bw="32" slack="2147483647"/>
<pin id="294" dir="1" index="1" bw="32" slack="2147483647"/>
</pin_list>
<bind>
<opset="mux_case_1709 (phireg) "/>
</bind>
</comp>

<comp id="295" class="1004" name="mux_case_1709_phi_fu_295">
<pin_list>
<pin id="296" dir="0" index="0" bw="32" slack="1"/>
<pin id="297" dir="0" index="1" bw="0" slack="2147483647"/>
<pin id="298" dir="0" index="2" bw="32" slack="1"/>
<pin id="299" dir="0" index="3" bw="0" slack="2147483647"/>
<pin id="300" dir="1" index="4" bw="32" slack="0"/>
</pin_list>
<bind>
<opcode="phi(47) " fcode="phi"/>
<opset="mux_case_1709/2 "/>
</bind>
</comp>

<comp id="301" class="1005" name="mux_case_0708_reg_301">
<pin_list>
<pin id="302" dir="0" index="0" bw="32" slack="2147483647"/>
<pin id="303" dir="1" index="1" bw="32" slack="2147483647"/>
</pin_list>
<bind>
<opset="mux_case_0708 (phireg) "/>
</bind>
</comp>

<comp id="304" class="1004" name="mux_case_0708_phi_fu_304">
<pin_list>
<pin id="305" dir="0" index="0" bw="32" slack="1"/>
<pin id="306" dir="0" index="1" bw="0" slack="2147483647"/>
<pin id="307" dir="0" index="2" bw="32" slack="1"/>
<pin id="308" dir="0" index="3" bw="0" slack="2147483647"/>
<pin id="309" dir="1" index="4" bw="32" slack="0"/>
</pin_list>
<bind>
<opcode="phi(47) " fcode="phi"/>
<opset="mux_case_0708/2 "/>
</bind>
</comp>

<comp id="310" class="1005" name="mux_case_1705_reg_310">
<pin_list>
<pin id="311" dir="0" index="0" bw="32" slack="2147483647"/>
<pin id="312" dir="1" index="1" bw="32" slack="2147483647"/>
</pin_list>
<bind>
<opset="mux_case_1705 (phireg) "/>
</bind>
</comp>

<comp id="313" class="1004" name="mux_case_1705_phi_fu_313">
<pin_list>
<pin id="314" dir="0" index="0" bw="32" slack="1"/>
<pin id="315" dir="0" index="1" bw="0" slack="2147483647"/>
<pin id="316" dir="0" index="2" bw="32" slack="1"/>
<pin id="317" dir="0" index="3" bw="0" slack="2147483647"/>
<pin id="318" dir="1" index="4" bw="32" slack="0"/>
</pin_list>
<bind>
<opcode="phi(47) " fcode="phi"/>
<opset="mux_case_1705/2 "/>
</bind>
</comp>

<comp id="319" class="1005" name="mux_case_0704_reg_319">
<pin_list>
<pin id="320" dir="0" index="0" bw="32" slack="2147483647"/>
<pin id="321" dir="1" index="1" bw="32" slack="2147483647"/>
</pin_list>
<bind>
<opset="mux_case_0704 (phireg) "/>
</bind>
</comp>

<comp id="322" class="1004" name="mux_case_0704_phi_fu_322">
<pin_list>
<pin id="323" dir="0" index="0" bw="32" slack="1"/>
<pin id="324" dir="0" index="1" bw="0" slack="2147483647"/>
<pin id="325" dir="0" index="2" bw="32" slack="1"/>
<pin id="326" dir="0" index="3" bw="0" slack="2147483647"/>
<pin id="327" dir="1" index="4" bw="32" slack="0"/>
</pin_list>
<bind>
<opcode="phi(47) " fcode="phi"/>
<opset="mux_case_0704/2 "/>
</bind>
</comp>

<comp id="328" class="1005" name="mux_case_1701_reg_328">
<pin_list>
<pin id="329" dir="0" index="0" bw="32" slack="2147483647"/>
<pin id="330" dir="1" index="1" bw="32" slack="2147483647"/>
</pin_list>
<bind>
<opset="mux_case_1701 (phireg) "/>
</bind>
</comp>

<comp id="331" class="1004" name="mux_case_1701_phi_fu_331">
<pin_list>
<pin id="332" dir="0" index="0" bw="32" slack="1"/>
<pin id="333" dir="0" index="1" bw="0" slack="2147483647"/>
<pin id="334" dir="0" index="2" bw="32" slack="1"/>
<pin id="335" dir="0" index="3" bw="0" slack="2147483647"/>
<pin id="336" dir="1" index="4" bw="32" slack="0"/>
</pin_list>
<bind>
<opcode="phi(47) " fcode="phi"/>
<opset="mux_case_1701/2 "/>
</bind>
</comp>

<comp id="337" class="1005" name="mux_case_0700_reg_337">
<pin_list>
<pin id="338" dir="0" index="0" bw="32" slack="2147483647"/>
<pin id="339" dir="1" index="1" bw="32" slack="2147483647"/>
</pin_list>
<bind>
<opset="mux_case_0700 (phireg) "/>
</bind>
</comp>

<comp id="340" class="1004" name="mux_case_0700_phi_fu_340">
<pin_list>
<pin id="341" dir="0" index="0" bw="32" slack="1"/>
<pin id="342" dir="0" index="1" bw="0" slack="2147483647"/>
<pin id="343" dir="0" index="2" bw="32" slack="1"/>
<pin id="344" dir="0" index="3" bw="0" slack="2147483647"/>
<pin id="345" dir="1" index="4" bw="32" slack="0"/>
</pin_list>
<bind>
<opcode="phi(47) " fcode="phi"/>
<opset="mux_case_0700/2 "/>
</bind>
</comp>

<comp id="346" class="1005" name="mux_case_1697_reg_346">
<pin_list>
<pin id="347" dir="0" index="0" bw="32" slack="2147483647"/>
<pin id="348" dir="1" index="1" bw="32" slack="2147483647"/>
</pin_list>
<bind>
<opset="mux_case_1697 (phireg) "/>
</bind>
</comp>

<comp id="349" class="1004" name="mux_case_1697_phi_fu_349">
<pin_list>
<pin id="350" dir="0" index="0" bw="32" slack="1"/>
<pin id="351" dir="0" index="1" bw="0" slack="2147483647"/>
<pin id="352" dir="0" index="2" bw="32" slack="1"/>
<pin id="353" dir="0" index="3" bw="0" slack="2147483647"/>
<pin id="354" dir="1" index="4" bw="32" slack="0"/>
</pin_list>
<bind>
<opcode="phi(47) " fcode="phi"/>
<opset="mux_case_1697/2 "/>
</bind>
</comp>

<comp id="355" class="1005" name="mux_case_0696_reg_355">
<pin_list>
<pin id="356" dir="0" index="0" bw="32" slack="2147483647"/>
<pin id="357" dir="1" index="1" bw="32" slack="2147483647"/>
</pin_list>
<bind>
<opset="mux_case_0696 (phireg) "/>
</bind>
</comp>

<comp id="358" class="1004" name="mux_case_0696_phi_fu_358">
<pin_list>
<pin id="359" dir="0" index="0" bw="32" slack="1"/>
<pin id="360" dir="0" index="1" bw="0" slack="2147483647"/>
<pin id="361" dir="0" index="2" bw="32" slack="1"/>
<pin id="362" dir="0" index="3" bw="0" slack="2147483647"/>
<pin id="363" dir="1" index="4" bw="32" slack="0"/>
</pin_list>
<bind>
<opcode="phi(47) " fcode="phi"/>
<opset="mux_case_0696/2 "/>
</bind>
</comp>

<comp id="364" class="1005" name="mux_case_1693_reg_364">
<pin_list>
<pin id="365" dir="0" index="0" bw="32" slack="2147483647"/>
<pin id="366" dir="1" index="1" bw="32" slack="2147483647"/>
</pin_list>
<bind>
<opset="mux_case_1693 (phireg) "/>
</bind>
</comp>

<comp id="367" class="1004" name="mux_case_1693_phi_fu_367">
<pin_list>
<pin id="368" dir="0" index="0" bw="32" slack="1"/>
<pin id="369" dir="0" index="1" bw="0" slack="2147483647"/>
<pin id="370" dir="0" index="2" bw="32" slack="1"/>
<pin id="371" dir="0" index="3" bw="0" slack="2147483647"/>
<pin id="372" dir="1" index="4" bw="32" slack="0"/>
</pin_list>
<bind>
<opcode="phi(47) " fcode="phi"/>
<opset="mux_case_1693/2 "/>
</bind>
</comp>

<comp id="373" class="1005" name="mux_case_0692_reg_373">
<pin_list>
<pin id="374" dir="0" index="0" bw="32" slack="2147483647"/>
<pin id="375" dir="1" index="1" bw="32" slack="2147483647"/>
</pin_list>
<bind>
<opset="mux_case_0692 (phireg) "/>
</bind>
</comp>

<comp id="376" class="1004" name="mux_case_0692_phi_fu_376">
<pin_list>
<pin id="377" dir="0" index="0" bw="32" slack="1"/>
<pin id="378" dir="0" index="1" bw="0" slack="2147483647"/>
<pin id="379" dir="0" index="2" bw="32" slack="1"/>
<pin id="380" dir="0" index="3" bw="0" slack="2147483647"/>
<pin id="381" dir="1" index="4" bw="32" slack="0"/>
</pin_list>
<bind>
<opcode="phi(47) " fcode="phi"/>
<opset="mux_case_0692/2 "/>
</bind>
</comp>

<comp id="382" class="1005" name="mux_case_1689_reg_382">
<pin_list>
<pin id="383" dir="0" index="0" bw="32" slack="2147483647"/>
<pin id="384" dir="1" index="1" bw="32" slack="2147483647"/>
</pin_list>
<bind>
<opset="mux_case_1689 (phireg) "/>
</bind>
</comp>

<comp id="385" class="1004" name="mux_case_1689_phi_fu_385">
<pin_list>
<pin id="386" dir="0" index="0" bw="32" slack="1"/>
<pin id="387" dir="0" index="1" bw="0" slack="2147483647"/>
<pin id="388" dir="0" index="2" bw="32" slack="1"/>
<pin id="389" dir="0" index="3" bw="0" slack="2147483647"/>
<pin id="390" dir="1" index="4" bw="32" slack="0"/>
</pin_list>
<bind>
<opcode="phi(47) " fcode="phi"/>
<opset="mux_case_1689/2 "/>
</bind>
</comp>

<comp id="391" class="1005" name="mux_case_0688_reg_391">
<pin_list>
<pin id="392" dir="0" index="0" bw="32" slack="2147483647"/>
<pin id="393" dir="1" index="1" bw="32" slack="2147483647"/>
</pin_list>
<bind>
<opset="mux_case_0688 (phireg) "/>
</bind>
</comp>

<comp id="394" class="1004" name="mux_case_0688_phi_fu_394">
<pin_list>
<pin id="395" dir="0" index="0" bw="32" slack="1"/>
<pin id="396" dir="0" index="1" bw="0" slack="2147483647"/>
<pin id="397" dir="0" index="2" bw="32" slack="1"/>
<pin id="398" dir="0" index="3" bw="0" slack="2147483647"/>
<pin id="399" dir="1" index="4" bw="32" slack="0"/>
</pin_list>
<bind>
<opcode="phi(47) " fcode="phi"/>
<opset="mux_case_0688/2 "/>
</bind>
</comp>

<comp id="400" class="1005" name="mux_case_1685_reg_400">
<pin_list>
<pin id="401" dir="0" index="0" bw="32" slack="2147483647"/>
<pin id="402" dir="1" index="1" bw="32" slack="2147483647"/>
</pin_list>
<bind>
<opset="mux_case_1685 (phireg) "/>
</bind>
</comp>

<comp id="403" class="1004" name="mux_case_1685_phi_fu_403">
<pin_list>
<pin id="404" dir="0" index="0" bw="32" slack="1"/>
<pin id="405" dir="0" index="1" bw="0" slack="2147483647"/>
<pin id="406" dir="0" index="2" bw="32" slack="1"/>
<pin id="407" dir="0" index="3" bw="0" slack="2147483647"/>
<pin id="408" dir="1" index="4" bw="32" slack="0"/>
</pin_list>
<bind>
<opcode="phi(47) " fcode="phi"/>
<opset="mux_case_1685/2 "/>
</bind>
</comp>

<comp id="409" class="1005" name="mux_case_0684_reg_409">
<pin_list>
<pin id="410" dir="0" index="0" bw="32" slack="2147483647"/>
<pin id="411" dir="1" index="1" bw="32" slack="2147483647"/>
</pin_list>
<bind>
<opset="mux_case_0684 (phireg) "/>
</bind>
</comp>

<comp id="412" class="1004" name="mux_case_0684_phi_fu_412">
<pin_list>
<pin id="413" dir="0" index="0" bw="32" slack="1"/>
<pin id="414" dir="0" index="1" bw="0" slack="2147483647"/>
<pin id="415" dir="0" index="2" bw="32" slack="1"/>
<pin id="416" dir="0" index="3" bw="0" slack="2147483647"/>
<pin id="417" dir="1" index="4" bw="32" slack="0"/>
</pin_list>
<bind>
<opcode="phi(47) " fcode="phi"/>
<opset="mux_case_0684/2 "/>
</bind>
</comp>

<comp id="418" class="1005" name="mux_case_06768448518818919259399779951034_reg_418">
<pin_list>
<pin id="419" dir="0" index="0" bw="32" slack="2147483647"/>
<pin id="420" dir="1" index="1" bw="32" slack="2147483647"/>
</pin_list>
<bind>
<opset="mux_case_06768448518818919259399779951034 (phireg) "/>
</bind>
</comp>

<comp id="421" class="1004" name="mux_case_06768448518818919259399779951034_phi_fu_421">
<pin_list>
<pin id="422" dir="0" index="0" bw="32" slack="1"/>
<pin id="423" dir="0" index="1" bw="0" slack="2147483647"/>
<pin id="424" dir="0" index="2" bw="32" slack="1"/>
<pin id="425" dir="0" index="3" bw="0" slack="2147483647"/>
<pin id="426" dir="1" index="4" bw="32" slack="0"/>
</pin_list>
<bind>
<opcode="phi(47) " fcode="phi"/>
<opset="mux_case_06768448518818919259399779951034/2 "/>
</bind>
</comp>

<comp id="427" class="1005" name="mux_case_16778428538798939239419759971032_reg_427">
<pin_list>
<pin id="428" dir="0" index="0" bw="32" slack="2147483647"/>
<pin id="429" dir="1" index="1" bw="32" slack="2147483647"/>
</pin_list>
<bind>
<opset="mux_case_16778428538798939239419759971032 (phireg) "/>
</bind>
</comp>

<comp id="430" class="1004" name="mux_case_16778428538798939239419759971032_phi_fu_430">
<pin_list>
<pin id="431" dir="0" index="0" bw="32" slack="1"/>
<pin id="432" dir="0" index="1" bw="0" slack="2147483647"/>
<pin id="433" dir="0" index="2" bw="32" slack="1"/>
<pin id="434" dir="0" index="3" bw="0" slack="2147483647"/>
<pin id="435" dir="1" index="4" bw="32" slack="0"/>
</pin_list>
<bind>
<opcode="phi(47) " fcode="phi"/>
<opset="mux_case_16778428538798939239419759971032/2 "/>
</bind>
</comp>

<comp id="436" class="1005" name="mux_case_16818248408558778959219439739991030_reg_436">
<pin_list>
<pin id="437" dir="0" index="0" bw="32" slack="2147483647"/>
<pin id="438" dir="1" index="1" bw="32" slack="2147483647"/>
</pin_list>
<bind>
<opset="mux_case_16818248408558778959219439739991030 (phireg) "/>
</bind>
</comp>

<comp id="439" class="1004" name="mux_case_16818248408558778959219439739991030_phi_fu_439">
<pin_list>
<pin id="440" dir="0" index="0" bw="32" slack="1"/>
<pin id="441" dir="0" index="1" bw="0" slack="2147483647"/>
<pin id="442" dir="0" index="2" bw="32" slack="1"/>
<pin id="443" dir="0" index="3" bw="0" slack="2147483647"/>
<pin id="444" dir="1" index="4" bw="32" slack="0"/>
</pin_list>
<bind>
<opcode="phi(47) " fcode="phi"/>
<opset="mux_case_16818248408558778959219439739991030/2 "/>
</bind>
</comp>

<comp id="445" class="1005" name="mux_case_068082683885787589791994597110011028_reg_445">
<pin_list>
<pin id="446" dir="0" index="0" bw="32" slack="2147483647"/>
<pin id="447" dir="1" index="1" bw="32" slack="2147483647"/>
</pin_list>
<bind>
<opset="mux_case_068082683885787589791994597110011028 (phireg) "/>
</bind>
</comp>

<comp id="448" class="1004" name="mux_case_068082683885787589791994597110011028_phi_fu_448">
<pin_list>
<pin id="449" dir="0" index="0" bw="32" slack="1"/>
<pin id="450" dir="0" index="1" bw="0" slack="2147483647"/>
<pin id="451" dir="0" index="2" bw="32" slack="1"/>
<pin id="452" dir="0" index="3" bw="0" slack="2147483647"/>
<pin id="453" dir="1" index="4" bw="32" slack="0"/>
</pin_list>
<bind>
<opcode="phi(47) " fcode="phi"/>
<opset="mux_case_068082683885787589791994597110011028/2 "/>
</bind>
</comp>

<comp id="454" class="1005" name="mux_case_167385987389991794796910031026_reg_454">
<pin_list>
<pin id="455" dir="0" index="0" bw="32" slack="2147483647"/>
<pin id="456" dir="1" index="1" bw="32" slack="2147483647"/>
</pin_list>
<bind>
<opset="mux_case_167385987389991794796910031026 (phireg) "/>
</bind>
</comp>

<comp id="457" class="1004" name="mux_case_167385987389991794796910031026_phi_fu_457">
<pin_list>
<pin id="458" dir="0" index="0" bw="32" slack="1"/>
<pin id="459" dir="0" index="1" bw="0" slack="2147483647"/>
<pin id="460" dir="0" index="2" bw="32" slack="1"/>
<pin id="461" dir="0" index="3" bw="0" slack="2147483647"/>
<pin id="462" dir="1" index="4" bw="32" slack="0"/>
</pin_list>
<bind>
<opcode="phi(47) " fcode="phi"/>
<opset="mux_case_167385987389991794796910031026/2 "/>
</bind>
</comp>

<comp id="463" class="1005" name="mux_case_067286187190191594996710051024_reg_463">
<pin_list>
<pin id="464" dir="0" index="0" bw="32" slack="2147483647"/>
<pin id="465" dir="1" index="1" bw="32" slack="2147483647"/>
</pin_list>
<bind>
<opset="mux_case_067286187190191594996710051024 (phireg) "/>
</bind>
</comp>

<comp id="466" class="1004" name="mux_case_067286187190191594996710051024_phi_fu_466">
<pin_list>
<pin id="467" dir="0" index="0" bw="32" slack="1"/>
<pin id="468" dir="0" index="1" bw="0" slack="2147483647"/>
<pin id="469" dir="0" index="2" bw="32" slack="1"/>
<pin id="470" dir="0" index="3" bw="0" slack="2147483647"/>
<pin id="471" dir="1" index="4" bw="32" slack="0"/>
</pin_list>
<bind>
<opcode="phi(47) " fcode="phi"/>
<opset="mux_case_067286187190191594996710051024/2 "/>
</bind>
</comp>

<comp id="472" class="1005" name="sum_V_new_0_reg_472">
<pin_list>
<pin id="473" dir="0" index="0" bw="32" slack="2147483647"/>
<pin id="474" dir="1" index="1" bw="32" slack="2147483647"/>
</pin_list>
<bind>
<opset="sum_V_new_0 (phireg) "/>
</bind>
</comp>

<comp id="475" class="1004" name="sum_V_new_0_phi_fu_475">
<pin_list>
<pin id="476" dir="0" index="0" bw="1" slack="0"/>
<pin id="477" dir="0" index="1" bw="0" slack="2147483647"/>
<pin id="478" dir="0" index="2" bw="32" slack="1"/>
<pin id="479" dir="0" index="3" bw="0" slack="2147483647"/>
<pin id="480" dir="1" index="4" bw="32" slack="0"/>
</pin_list>
<bind>
<opcode="phi(47) " fcode="phi"/>
<opset="sum_V_new_0/15 "/>
</bind>
</comp>

<comp id="482" class="1004" name="tmp_data_V_1_fu_482">
<pin_list>
<pin id="483" dir="0" index="0" bw="41" slack="0"/>
<pin id="484" dir="1" index="1" bw="32" slack="0"/>
</pin_list>
<bind>
<opcode="extractvalue(56) " fcode="extractvalue"/>
<opset="tmp_data_V_1/1 "/>
</bind>
</comp>

<comp id="486" class="1004" name="tmp_last_V_fu_486">
<pin_list>
<pin id="487" dir="0" index="0" bw="41" slack="0"/>
<pin id="488" dir="1" index="1" bw="1" slack="13"/>
</pin_list>
<bind>
<opcode="extractvalue(56) " fcode="extractvalue"/>
<opset="tmp_last_V/1 "/>
</bind>
</comp>

<comp id="490" class="1004" name="count_V_load_load_fu_490">
<pin_list>
<pin id="491" dir="0" index="0" bw="2" slack="0"/>
<pin id="492" dir="1" index="1" bw="2" slack="0"/>
</pin_list>
<bind>
<opcode="load(27) " fcode="load"/>
<opset="count_V_load/1 "/>
</bind>
</comp>

<comp id="494" class="1004" name="sub_i_i226_fu_494">
<pin_list>
<pin id="495" dir="0" index="0" bw="1" slack="0"/>
<pin id="496" dir="0" index="1" bw="2" slack="0"/>
<pin id="497" dir="1" index="2" bw="2" slack="0"/>
</pin_list>
<bind>
<opcode="sub(10) " fcode="sub"/>
<opset="sub_i_i226/1 "/>
</bind>
</comp>

<comp id="500" class="1004" name="sext_ln39_fu_500">
<pin_list>
<pin id="501" dir="0" index="0" bw="2" slack="0"/>
<pin id="502" dir="1" index="1" bw="33" slack="0"/>
</pin_list>
<bind>
<opcode="sext(35) " fcode="sext"/>
<opset="sext_ln39/1 "/>
</bind>
</comp>

<comp id="504" class="1004" name="p_ZZ22low_pass_filter_secondRN3hls6streamINS_4axisI8ap_fixedILi32ELi10EL9ap_q_mod_44_load_fu_504">
<pin_list>
<pin id="505" dir="0" index="0" bw="32" slack="0"/>
<pin id="506" dir="1" index="1" bw="32" slack="0"/>
</pin_list>
<bind>
<opcode="load(27) " fcode="load"/>
<opset="p_ZZ22low_pass_filter_secondRN3hls6streamINS_4axisI8ap_fixedILi32ELi10EL9ap_q_mod_44/1 "/>
</bind>
</comp>

<comp id="508" class="1004" name="p_ZZ22low_pass_filter_secondRN3hls6streamINS_4axisI8ap_fixedILi32ELi10EL9ap_q_mod_45_load_fu_508">
<pin_list>
<pin id="509" dir="0" index="0" bw="32" slack="0"/>
<pin id="510" dir="1" index="1" bw="32" slack="0"/>
</pin_list>
<bind>
<opcode="load(27) " fcode="load"/>
<opset="p_ZZ22low_pass_filter_secondRN3hls6streamINS_4axisI8ap_fixedILi32ELi10EL9ap_q_mod_45/1 "/>
</bind>
</comp>

<comp id="512" class="1004" name="tmp_fu_512">
<pin_list>
<pin id="513" dir="0" index="0" bw="32" slack="0"/>
<pin id="514" dir="0" index="1" bw="32" slack="0"/>
<pin id="515" dir="0" index="2" bw="32" slack="0"/>
<pin id="516" dir="0" index="3" bw="2" slack="0"/>
<pin id="517" dir="1" index="4" bw="32" slack="0"/>
</pin_list>
<bind>
<opcode="mux(1196) " fcode="mux"/>
<opset="tmp/1 "/>
</bind>
</comp>

<comp id="522" class="1004" name="trunc_ln39_fu_522">
<pin_list>
<pin id="523" dir="0" index="0" bw="2" slack="0"/>
<pin id="524" dir="1" index="1" bw="1" slack="2147483647"/>
</pin_list>
<bind>
<opcode="trunc(33) " fcode="trunc"/>
<opset="trunc_ln39/1 "/>
</bind>
</comp>

<comp id="526" class="1004" name="p_ZZ22low_pass_filter_secondRN3hls6streamINS_4axisI8ap_fixedILi32ELi10EL9ap_q_mod_46_load_fu_526">
<pin_list>
<pin id="527" dir="0" index="0" bw="32" slack="0"/>
<pin id="528" dir="1" index="1" bw="32" slack="0"/>
</pin_list>
<bind>
<opcode="load(27) " fcode="load"/>
<opset="p_ZZ22low_pass_filter_secondRN3hls6streamINS_4axisI8ap_fixedILi32ELi10EL9ap_q_mod_46/1 "/>
</bind>
</comp>

<comp id="530" class="1004" name="p_ZZ22low_pass_filter_secondRN3hls6streamINS_4axisI8ap_fixedILi32ELi10EL9ap_q_mod_47_load_fu_530">
<pin_list>
<pin id="531" dir="0" index="0" bw="32" slack="0"/>
<pin id="532" dir="1" index="1" bw="32" slack="0"/>
</pin_list>
<bind>
<opcode="load(27) " fcode="load"/>
<opset="p_ZZ22low_pass_filter_secondRN3hls6streamINS_4axisI8ap_fixedILi32ELi10EL9ap_q_mod_47/1 "/>
</bind>
</comp>

<comp id="534" class="1004" name="p_ZZ22low_pass_filter_secondRN3hls6streamINS_4axisI8ap_fixedILi32ELi10EL9ap_q_mod_48_load_fu_534">
<pin_list>
<pin id="535" dir="0" index="0" bw="32" slack="0"/>
<pin id="536" dir="1" index="1" bw="32" slack="0"/>
</pin_list>
<bind>
<opcode="load(27) " fcode="load"/>
<opset="p_ZZ22low_pass_filter_secondRN3hls6streamINS_4axisI8ap_fixedILi32ELi10EL9ap_q_mod_48/1 "/>
</bind>
</comp>

<comp id="538" class="1004" name="p_ZZ22low_pass_filter_secondRN3hls6streamINS_4axisI8ap_fixedILi32ELi10EL9ap_q_mod_49_load_fu_538">
<pin_list>
<pin id="539" dir="0" index="0" bw="32" slack="0"/>
<pin id="540" dir="1" index="1" bw="32" slack="0"/>
</pin_list>
<bind>
<opcode="load(27) " fcode="load"/>
<opset="p_ZZ22low_pass_filter_secondRN3hls6streamINS_4axisI8ap_fixedILi32ELi10EL9ap_q_mod_49/1 "/>
</bind>
</comp>

<comp id="542" class="1004" name="p_ZZ22low_pass_filter_secondRN3hls6streamINS_4axisI8ap_fixedILi32ELi10EL9ap_q_mod_50_load_fu_542">
<pin_list>
<pin id="543" dir="0" index="0" bw="32" slack="0"/>
<pin id="544" dir="1" index="1" bw="32" slack="0"/>
</pin_list>
<bind>
<opcode="load(27) " fcode="load"/>
<opset="p_ZZ22low_pass_filter_secondRN3hls6streamINS_4axisI8ap_fixedILi32ELi10EL9ap_q_mod_50/1 "/>
</bind>
</comp>

<comp id="546" class="1004" name="p_ZZ22low_pass_filter_secondRN3hls6streamINS_4axisI8ap_fixedILi32ELi10EL9ap_q_mod_51_load_fu_546">
<pin_list>
<pin id="547" dir="0" index="0" bw="32" slack="0"/>
<pin id="548" dir="1" index="1" bw="32" slack="0"/>
</pin_list>
<bind>
<opcode="load(27) " fcode="load"/>
<opset="p_ZZ22low_pass_filter_secondRN3hls6streamINS_4axisI8ap_fixedILi32ELi10EL9ap_q_mod_51/1 "/>
</bind>
</comp>

<comp id="550" class="1004" name="p_ZZ22low_pass_filter_secondRN3hls6streamINS_4axisI8ap_fixedILi32ELi10EL9ap_q_mod_52_load_fu_550">
<pin_list>
<pin id="551" dir="0" index="0" bw="32" slack="0"/>
<pin id="552" dir="1" index="1" bw="32" slack="0"/>
</pin_list>
<bind>
<opcode="load(27) " fcode="load"/>
<opset="p_ZZ22low_pass_filter_secondRN3hls6streamINS_4axisI8ap_fixedILi32ELi10EL9ap_q_mod_52/1 "/>
</bind>
</comp>

<comp id="554" class="1004" name="p_ZZ22low_pass_filter_secondRN3hls6streamINS_4axisI8ap_fixedILi32ELi10EL9ap_q_mod_53_load_fu_554">
<pin_list>
<pin id="555" dir="0" index="0" bw="32" slack="0"/>
<pin id="556" dir="1" index="1" bw="32" slack="0"/>
</pin_list>
<bind>
<opcode="load(27) " fcode="load"/>
<opset="p_ZZ22low_pass_filter_secondRN3hls6streamINS_4axisI8ap_fixedILi32ELi10EL9ap_q_mod_53/1 "/>
</bind>
</comp>

<comp id="558" class="1004" name="p_ZZ22low_pass_filter_secondRN3hls6streamINS_4axisI8ap_fixedILi32ELi10EL9ap_q_mod_54_load_fu_558">
<pin_list>
<pin id="559" dir="0" index="0" bw="32" slack="0"/>
<pin id="560" dir="1" index="1" bw="32" slack="0"/>
</pin_list>
<bind>
<opcode="load(27) " fcode="load"/>
<opset="p_ZZ22low_pass_filter_secondRN3hls6streamINS_4axisI8ap_fixedILi32ELi10EL9ap_q_mod_54/1 "/>
</bind>
</comp>

<comp id="562" class="1004" name="p_ZZ22low_pass_filter_secondRN3hls6streamINS_4axisI8ap_fixedILi32ELi10EL9ap_q_mod_55_load_fu_562">
<pin_list>
<pin id="563" dir="0" index="0" bw="32" slack="0"/>
<pin id="564" dir="1" index="1" bw="32" slack="0"/>
</pin_list>
<bind>
<opcode="load(27) " fcode="load"/>
<opset="p_ZZ22low_pass_filter_secondRN3hls6streamINS_4axisI8ap_fixedILi32ELi10EL9ap_q_mod_55/1 "/>
</bind>
</comp>

<comp id="566" class="1004" name="p_ZZ22low_pass_filter_secondRN3hls6streamINS_4axisI8ap_fixedILi32ELi10EL9ap_q_mod_56_load_fu_566">
<pin_list>
<pin id="567" dir="0" index="0" bw="32" slack="0"/>
<pin id="568" dir="1" index="1" bw="32" slack="0"/>
</pin_list>
<bind>
<opcode="load(27) " fcode="load"/>
<opset="p_ZZ22low_pass_filter_secondRN3hls6streamINS_4axisI8ap_fixedILi32ELi10EL9ap_q_mod_56/1 "/>
</bind>
</comp>

<comp id="570" class="1004" name="p_ZZ22low_pass_filter_secondRN3hls6streamINS_4axisI8ap_fixedILi32ELi10EL9ap_q_mod_57_load_fu_570">
<pin_list>
<pin id="571" dir="0" index="0" bw="32" slack="0"/>
<pin id="572" dir="1" index="1" bw="32" slack="0"/>
</pin_list>
<bind>
<opcode="load(27) " fcode="load"/>
<opset="p_ZZ22low_pass_filter_secondRN3hls6streamINS_4axisI8ap_fixedILi32ELi10EL9ap_q_mod_57/1 "/>
</bind>
</comp>

<comp id="574" class="1004" name="p_ZZ22low_pass_filter_secondRN3hls6streamINS_4axisI8ap_fixedILi32ELi10EL9ap_q_mod_58_load_fu_574">
<pin_list>
<pin id="575" dir="0" index="0" bw="32" slack="0"/>
<pin id="576" dir="1" index="1" bw="32" slack="0"/>
</pin_list>
<bind>
<opcode="load(27) " fcode="load"/>
<opset="p_ZZ22low_pass_filter_secondRN3hls6streamINS_4axisI8ap_fixedILi32ELi10EL9ap_q_mod_58/1 "/>
</bind>
</comp>

<comp id="578" class="1004" name="p_ZZ22low_pass_filter_secondRN3hls6streamINS_4axisI8ap_fixedILi32ELi10EL9ap_q_mod_59_load_fu_578">
<pin_list>
<pin id="579" dir="0" index="0" bw="32" slack="0"/>
<pin id="580" dir="1" index="1" bw="32" slack="0"/>
</pin_list>
<bind>
<opcode="load(27) " fcode="load"/>
<opset="p_ZZ22low_pass_filter_secondRN3hls6streamINS_4axisI8ap_fixedILi32ELi10EL9ap_q_mod_59/1 "/>
</bind>
</comp>

<comp id="582" class="1004" name="p_ZZ22low_pass_filter_secondRN3hls6streamINS_4axisI8ap_fixedILi32ELi10EL9ap_q_mod_60_load_fu_582">
<pin_list>
<pin id="583" dir="0" index="0" bw="32" slack="0"/>
<pin id="584" dir="1" index="1" bw="32" slack="0"/>
</pin_list>
<bind>
<opcode="load(27) " fcode="load"/>
<opset="p_ZZ22low_pass_filter_secondRN3hls6streamINS_4axisI8ap_fixedILi32ELi10EL9ap_q_mod_60/1 "/>
</bind>
</comp>

<comp id="586" class="1004" name="p_ZZ22low_pass_filter_secondRN3hls6streamINS_4axisI8ap_fixedILi32ELi10EL9ap_q_mod_61_load_fu_586">
<pin_list>
<pin id="587" dir="0" index="0" bw="32" slack="0"/>
<pin id="588" dir="1" index="1" bw="32" slack="0"/>
</pin_list>
<bind>
<opcode="load(27) " fcode="load"/>
<opset="p_ZZ22low_pass_filter_secondRN3hls6streamINS_4axisI8ap_fixedILi32ELi10EL9ap_q_mod_61/1 "/>
</bind>
</comp>

<comp id="590" class="1004" name="p_ZZ22low_pass_filter_secondRN3hls6streamINS_4axisI8ap_fixedILi32ELi10EL9ap_q_mod_62_load_fu_590">
<pin_list>
<pin id="591" dir="0" index="0" bw="32" slack="0"/>
<pin id="592" dir="1" index="1" bw="32" slack="0"/>
</pin_list>
<bind>
<opcode="load(27) " fcode="load"/>
<opset="p_ZZ22low_pass_filter_secondRN3hls6streamINS_4axisI8ap_fixedILi32ELi10EL9ap_q_mod_62/1 "/>
</bind>
</comp>

<comp id="594" class="1004" name="p_ZZ22low_pass_filter_secondRN3hls6streamINS_4axisI8ap_fixedILi32ELi10EL9ap_q_mod_63_load_fu_594">
<pin_list>
<pin id="595" dir="0" index="0" bw="32" slack="0"/>
<pin id="596" dir="1" index="1" bw="32" slack="0"/>
</pin_list>
<bind>
<opcode="load(27) " fcode="load"/>
<opset="p_ZZ22low_pass_filter_secondRN3hls6streamINS_4axisI8ap_fixedILi32ELi10EL9ap_q_mod_63/1 "/>
</bind>
</comp>

<comp id="598" class="1004" name="p_ZZ22low_pass_filter_secondRN3hls6streamINS_4axisI8ap_fixedILi32ELi10EL9ap_q_mod_64_load_fu_598">
<pin_list>
<pin id="599" dir="0" index="0" bw="32" slack="0"/>
<pin id="600" dir="1" index="1" bw="32" slack="0"/>
</pin_list>
<bind>
<opcode="load(27) " fcode="load"/>
<opset="p_ZZ22low_pass_filter_secondRN3hls6streamINS_4axisI8ap_fixedILi32ELi10EL9ap_q_mod_64/1 "/>
</bind>
</comp>

<comp id="602" class="1004" name="p_ZZ22low_pass_filter_secondRN3hls6streamINS_4axisI8ap_fixedILi32ELi10EL9ap_q_mod_65_load_fu_602">
<pin_list>
<pin id="603" dir="0" index="0" bw="32" slack="0"/>
<pin id="604" dir="1" index="1" bw="32" slack="0"/>
</pin_list>
<bind>
<opcode="load(27) " fcode="load"/>
<opset="p_ZZ22low_pass_filter_secondRN3hls6streamINS_4axisI8ap_fixedILi32ELi10EL9ap_q_mod_65/1 "/>
</bind>
</comp>

<comp id="606" class="1004" name="p_ZZ22low_pass_filter_secondRN3hls6streamINS_4axisI8ap_fixedILi32ELi10EL9ap_q_mod_66_load_fu_606">
<pin_list>
<pin id="607" dir="0" index="0" bw="32" slack="0"/>
<pin id="608" dir="1" index="1" bw="32" slack="0"/>
</pin_list>
<bind>
<opcode="load(27) " fcode="load"/>
<opset="p_ZZ22low_pass_filter_secondRN3hls6streamINS_4axisI8ap_fixedILi32ELi10EL9ap_q_mod_66/1 "/>
</bind>
</comp>

<comp id="610" class="1004" name="p_ZZ22low_pass_filter_secondRN3hls6streamINS_4axisI8ap_fixedILi32ELi10EL9ap_q_mod_67_load_fu_610">
<pin_list>
<pin id="611" dir="0" index="0" bw="32" slack="0"/>
<pin id="612" dir="1" index="1" bw="32" slack="0"/>
</pin_list>
<bind>
<opcode="load(27) " fcode="load"/>
<opset="p_ZZ22low_pass_filter_secondRN3hls6streamINS_4axisI8ap_fixedILi32ELi10EL9ap_q_mod_67/1 "/>
</bind>
</comp>

<comp id="614" class="1004" name="p_ZZ22low_pass_filter_secondRN3hls6streamINS_4axisI8ap_fixedILi32ELi10EL9ap_q_mod_68_load_fu_614">
<pin_list>
<pin id="615" dir="0" index="0" bw="32" slack="0"/>
<pin id="616" dir="1" index="1" bw="32" slack="0"/>
</pin_list>
<bind>
<opcode="load(27) " fcode="load"/>
<opset="p_ZZ22low_pass_filter_secondRN3hls6streamINS_4axisI8ap_fixedILi32ELi10EL9ap_q_mod_68/1 "/>
</bind>
</comp>

<comp id="618" class="1004" name="p_ZZ22low_pass_filter_secondRN3hls6streamINS_4axisI8ap_fixedILi32ELi10EL9ap_q_mod_69_load_fu_618">
<pin_list>
<pin id="619" dir="0" index="0" bw="32" slack="0"/>
<pin id="620" dir="1" index="1" bw="32" slack="0"/>
</pin_list>
<bind>
<opcode="load(27) " fcode="load"/>
<opset="p_ZZ22low_pass_filter_secondRN3hls6streamINS_4axisI8ap_fixedILi32ELi10EL9ap_q_mod_69/1 "/>
</bind>
</comp>

<comp id="622" class="1004" name="p_ZZ22low_pass_filter_secondRN3hls6streamINS_4axisI8ap_fixedILi32ELi10EL9ap_q_mod_70_load_fu_622">
<pin_list>
<pin id="623" dir="0" index="0" bw="32" slack="0"/>
<pin id="624" dir="1" index="1" bw="32" slack="0"/>
</pin_list>
<bind>
<opcode="load(27) " fcode="load"/>
<opset="p_ZZ22low_pass_filter_secondRN3hls6streamINS_4axisI8ap_fixedILi32ELi10EL9ap_q_mod_70/1 "/>
</bind>
</comp>

<comp id="626" class="1004" name="p_ZZ22low_pass_filter_secondRN3hls6streamINS_4axisI8ap_fixedILi32ELi10EL9ap_q_mod_71_load_fu_626">
<pin_list>
<pin id="627" dir="0" index="0" bw="32" slack="0"/>
<pin id="628" dir="1" index="1" bw="32" slack="0"/>
</pin_list>
<bind>
<opcode="load(27) " fcode="load"/>
<opset="p_ZZ22low_pass_filter_secondRN3hls6streamINS_4axisI8ap_fixedILi32ELi10EL9ap_q_mod_71/1 "/>
</bind>
</comp>

<comp id="630" class="1004" name="p_ZZ22low_pass_filter_secondRN3hls6streamINS_4axisI8ap_fixedILi32ELi10EL9ap_q_mod_72_load_fu_630">
<pin_list>
<pin id="631" dir="0" index="0" bw="32" slack="0"/>
<pin id="632" dir="1" index="1" bw="32" slack="0"/>
</pin_list>
<bind>
<opcode="load(27) " fcode="load"/>
<opset="p_ZZ22low_pass_filter_secondRN3hls6streamINS_4axisI8ap_fixedILi32ELi10EL9ap_q_mod_72/1 "/>
</bind>
</comp>

<comp id="634" class="1004" name="p_ZZ22low_pass_filter_secondRN3hls6streamINS_4axisI8ap_fixedILi32ELi10EL9ap_q_mod_73_load_fu_634">
<pin_list>
<pin id="635" dir="0" index="0" bw="32" slack="0"/>
<pin id="636" dir="1" index="1" bw="32" slack="0"/>
</pin_list>
<bind>
<opcode="load(27) " fcode="load"/>
<opset="p_ZZ22low_pass_filter_secondRN3hls6streamINS_4axisI8ap_fixedILi32ELi10EL9ap_q_mod_73/1 "/>
</bind>
</comp>

<comp id="638" class="1004" name="p_ZZ22low_pass_filter_secondRN3hls6streamINS_4axisI8ap_fixedILi32ELi10EL9ap_q_mod_74_load_fu_638">
<pin_list>
<pin id="639" dir="0" index="0" bw="32" slack="0"/>
<pin id="640" dir="1" index="1" bw="32" slack="0"/>
</pin_list>
<bind>
<opcode="load(27) " fcode="load"/>
<opset="p_ZZ22low_pass_filter_secondRN3hls6streamINS_4axisI8ap_fixedILi32ELi10EL9ap_q_mod_74/1 "/>
</bind>
</comp>

<comp id="642" class="1004" name="p_ZZ22low_pass_filter_secondRN3hls6streamINS_4axisI8ap_fixedILi32ELi10EL9ap_q_mod_75_load_fu_642">
<pin_list>
<pin id="643" dir="0" index="0" bw="32" slack="0"/>
<pin id="644" dir="1" index="1" bw="32" slack="0"/>
</pin_list>
<bind>
<opcode="load(27) " fcode="load"/>
<opset="p_ZZ22low_pass_filter_secondRN3hls6streamINS_4axisI8ap_fixedILi32ELi10EL9ap_q_mod_75/1 "/>
</bind>
</comp>

<comp id="646" class="1004" name="p_ZZ22low_pass_filter_secondRN3hls6streamINS_4axisI8ap_fixedILi32ELi10EL9ap_q_mod_76_load_fu_646">
<pin_list>
<pin id="647" dir="0" index="0" bw="32" slack="0"/>
<pin id="648" dir="1" index="1" bw="32" slack="0"/>
</pin_list>
<bind>
<opcode="load(27) " fcode="load"/>
<opset="p_ZZ22low_pass_filter_secondRN3hls6streamINS_4axisI8ap_fixedILi32ELi10EL9ap_q_mod_76/1 "/>
</bind>
</comp>

<comp id="650" class="1004" name="p_ZZ22low_pass_filter_secondRN3hls6streamINS_4axisI8ap_fixedILi32ELi10EL9ap_q_mod_77_load_fu_650">
<pin_list>
<pin id="651" dir="0" index="0" bw="32" slack="0"/>
<pin id="652" dir="1" index="1" bw="32" slack="0"/>
</pin_list>
<bind>
<opcode="load(27) " fcode="load"/>
<opset="p_ZZ22low_pass_filter_secondRN3hls6streamINS_4axisI8ap_fixedILi32ELi10EL9ap_q_mod_77/1 "/>
</bind>
</comp>

<comp id="654" class="1004" name="p_ZZ22low_pass_filter_secondRN3hls6streamINS_4axisI8ap_fixedILi32ELi10EL9ap_q_mod_78_load_fu_654">
<pin_list>
<pin id="655" dir="0" index="0" bw="32" slack="0"/>
<pin id="656" dir="1" index="1" bw="32" slack="0"/>
</pin_list>
<bind>
<opcode="load(27) " fcode="load"/>
<opset="p_ZZ22low_pass_filter_secondRN3hls6streamINS_4axisI8ap_fixedILi32ELi10EL9ap_q_mod_78/1 "/>
</bind>
</comp>

<comp id="658" class="1004" name="p_ZZ22low_pass_filter_secondRN3hls6streamINS_4axisI8ap_fixedILi32ELi10EL9ap_q_mod_79_load_fu_658">
<pin_list>
<pin id="659" dir="0" index="0" bw="32" slack="0"/>
<pin id="660" dir="1" index="1" bw="32" slack="0"/>
</pin_list>
<bind>
<opcode="load(27) " fcode="load"/>
<opset="p_ZZ22low_pass_filter_secondRN3hls6streamINS_4axisI8ap_fixedILi32ELi10EL9ap_q_mod_79/1 "/>
</bind>
</comp>

<comp id="662" class="1004" name="p_ZZ22low_pass_filter_secondRN3hls6streamINS_4axisI8ap_fixedILi32ELi10EL9ap_q_mod_80_load_fu_662">
<pin_list>
<pin id="663" dir="0" index="0" bw="32" slack="0"/>
<pin id="664" dir="1" index="1" bw="32" slack="0"/>
</pin_list>
<bind>
<opcode="load(27) " fcode="load"/>
<opset="p_ZZ22low_pass_filter_secondRN3hls6streamINS_4axisI8ap_fixedILi32ELi10EL9ap_q_mod_80/1 "/>
</bind>
</comp>

<comp id="666" class="1004" name="p_ZZ22low_pass_filter_secondRN3hls6streamINS_4axisI8ap_fixedILi32ELi10EL9ap_q_mod_81_load_fu_666">
<pin_list>
<pin id="667" dir="0" index="0" bw="32" slack="0"/>
<pin id="668" dir="1" index="1" bw="32" slack="0"/>
</pin_list>
<bind>
<opcode="load(27) " fcode="load"/>
<opset="p_ZZ22low_pass_filter_secondRN3hls6streamINS_4axisI8ap_fixedILi32ELi10EL9ap_q_mod_81/1 "/>
</bind>
</comp>

<comp id="670" class="1004" name="p_ZZ22low_pass_filter_secondRN3hls6streamINS_4axisI8ap_fixedILi32ELi10EL9ap_q_mod_82_load_fu_670">
<pin_list>
<pin id="671" dir="0" index="0" bw="32" slack="0"/>
<pin id="672" dir="1" index="1" bw="32" slack="0"/>
</pin_list>
<bind>
<opcode="load(27) " fcode="load"/>
<opset="p_ZZ22low_pass_filter_secondRN3hls6streamINS_4axisI8ap_fixedILi32ELi10EL9ap_q_mod_82/1 "/>
</bind>
</comp>

<comp id="674" class="1004" name="p_ZZ22low_pass_filter_secondRN3hls6streamINS_4axisI8ap_fixedILi32ELi10EL9ap_q_mod_83_load_fu_674">
<pin_list>
<pin id="675" dir="0" index="0" bw="32" slack="0"/>
<pin id="676" dir="1" index="1" bw="32" slack="0"/>
</pin_list>
<bind>
<opcode="load(27) " fcode="load"/>
<opset="p_ZZ22low_pass_filter_secondRN3hls6streamINS_4axisI8ap_fixedILi32ELi10EL9ap_q_mod_83/1 "/>
</bind>
</comp>

<comp id="678" class="1004" name="p_ZZ22low_pass_filter_secondRN3hls6streamINS_4axisI8ap_fixedILi32ELi10EL9ap_q_mod_84_load_fu_678">
<pin_list>
<pin id="679" dir="0" index="0" bw="32" slack="0"/>
<pin id="680" dir="1" index="1" bw="32" slack="0"/>
</pin_list>
<bind>
<opcode="load(27) " fcode="load"/>
<opset="p_ZZ22low_pass_filter_secondRN3hls6streamINS_4axisI8ap_fixedILi32ELi10EL9ap_q_mod_84/1 "/>
</bind>
</comp>

<comp id="682" class="1004" name="p_ZZ22low_pass_filter_secondRN3hls6streamINS_4axisI8ap_fixedILi32ELi10EL9ap_q_mod_85_load_fu_682">
<pin_list>
<pin id="683" dir="0" index="0" bw="32" slack="0"/>
<pin id="684" dir="1" index="1" bw="32" slack="0"/>
</pin_list>
<bind>
<opcode="load(27) " fcode="load"/>
<opset="p_ZZ22low_pass_filter_secondRN3hls6streamINS_4axisI8ap_fixedILi32ELi10EL9ap_q_mod_85/1 "/>
</bind>
</comp>

<comp id="686" class="1004" name="tmp_1_fu_686">
<pin_list>
<pin id="687" dir="0" index="0" bw="32" slack="0"/>
<pin id="688" dir="0" index="1" bw="32" slack="0"/>
<pin id="689" dir="0" index="2" bw="32" slack="0"/>
<pin id="690" dir="0" index="3" bw="2" slack="0"/>
<pin id="691" dir="1" index="4" bw="32" slack="0"/>
</pin_list>
<bind>
<opcode="mux(1196) " fcode="mux"/>
<opset="tmp_1/1 "/>
</bind>
</comp>

<comp id="696" class="1004" name="tmp_2_fu_696">
<pin_list>
<pin id="697" dir="0" index="0" bw="32" slack="0"/>
<pin id="698" dir="0" index="1" bw="32" slack="0"/>
<pin id="699" dir="0" index="2" bw="32" slack="0"/>
<pin id="700" dir="0" index="3" bw="2" slack="0"/>
<pin id="701" dir="1" index="4" bw="32" slack="0"/>
</pin_list>
<bind>
<opcode="mux(1196) " fcode="mux"/>
<opset="tmp_2/1 "/>
</bind>
</comp>

<comp id="706" class="1004" name="tmp_3_fu_706">
<pin_list>
<pin id="707" dir="0" index="0" bw="32" slack="0"/>
<pin id="708" dir="0" index="1" bw="32" slack="0"/>
<pin id="709" dir="0" index="2" bw="32" slack="0"/>
<pin id="710" dir="0" index="3" bw="2" slack="0"/>
<pin id="711" dir="1" index="4" bw="32" slack="0"/>
</pin_list>
<bind>
<opcode="mux(1196) " fcode="mux"/>
<opset="tmp_3/1 "/>
</bind>
</comp>

<comp id="716" class="1004" name="tmp_4_fu_716">
<pin_list>
<pin id="717" dir="0" index="0" bw="32" slack="0"/>
<pin id="718" dir="0" index="1" bw="32" slack="0"/>
<pin id="719" dir="0" index="2" bw="32" slack="0"/>
<pin id="720" dir="0" index="3" bw="2" slack="0"/>
<pin id="721" dir="1" index="4" bw="32" slack="0"/>
</pin_list>
<bind>
<opcode="mux(1196) " fcode="mux"/>
<opset="tmp_4/1 "/>
</bind>
</comp>

<comp id="726" class="1004" name="tmp_5_fu_726">
<pin_list>
<pin id="727" dir="0" index="0" bw="32" slack="0"/>
<pin id="728" dir="0" index="1" bw="32" slack="0"/>
<pin id="729" dir="0" index="2" bw="32" slack="0"/>
<pin id="730" dir="0" index="3" bw="2" slack="0"/>
<pin id="731" dir="1" index="4" bw="32" slack="0"/>
</pin_list>
<bind>
<opcode="mux(1196) " fcode="mux"/>
<opset="tmp_5/1 "/>
</bind>
</comp>

<comp id="736" class="1004" name="tmp_6_fu_736">
<pin_list>
<pin id="737" dir="0" index="0" bw="32" slack="0"/>
<pin id="738" dir="0" index="1" bw="32" slack="0"/>
<pin id="739" dir="0" index="2" bw="32" slack="0"/>
<pin id="740" dir="0" index="3" bw="2" slack="0"/>
<pin id="741" dir="1" index="4" bw="32" slack="0"/>
</pin_list>
<bind>
<opcode="mux(1196) " fcode="mux"/>
<opset="tmp_6/1 "/>
</bind>
</comp>

<comp id="746" class="1004" name="tmp_7_fu_746">
<pin_list>
<pin id="747" dir="0" index="0" bw="32" slack="0"/>
<pin id="748" dir="0" index="1" bw="32" slack="0"/>
<pin id="749" dir="0" index="2" bw="32" slack="0"/>
<pin id="750" dir="0" index="3" bw="2" slack="0"/>
<pin id="751" dir="1" index="4" bw="32" slack="0"/>
</pin_list>
<bind>
<opcode="mux(1196) " fcode="mux"/>
<opset="tmp_7/1 "/>
</bind>
</comp>

<comp id="756" class="1004" name="tmp_8_fu_756">
<pin_list>
<pin id="757" dir="0" index="0" bw="32" slack="0"/>
<pin id="758" dir="0" index="1" bw="32" slack="0"/>
<pin id="759" dir="0" index="2" bw="32" slack="0"/>
<pin id="760" dir="0" index="3" bw="2" slack="0"/>
<pin id="761" dir="1" index="4" bw="32" slack="0"/>
</pin_list>
<bind>
<opcode="mux(1196) " fcode="mux"/>
<opset="tmp_8/1 "/>
</bind>
</comp>

<comp id="766" class="1004" name="tmp_9_fu_766">
<pin_list>
<pin id="767" dir="0" index="0" bw="32" slack="0"/>
<pin id="768" dir="0" index="1" bw="32" slack="0"/>
<pin id="769" dir="0" index="2" bw="32" slack="0"/>
<pin id="770" dir="0" index="3" bw="2" slack="0"/>
<pin id="771" dir="1" index="4" bw="32" slack="0"/>
</pin_list>
<bind>
<opcode="mux(1196) " fcode="mux"/>
<opset="tmp_9/1 "/>
</bind>
</comp>

<comp id="776" class="1004" name="tmp_s_fu_776">
<pin_list>
<pin id="777" dir="0" index="0" bw="32" slack="0"/>
<pin id="778" dir="0" index="1" bw="32" slack="0"/>
<pin id="779" dir="0" index="2" bw="32" slack="0"/>
<pin id="780" dir="0" index="3" bw="2" slack="0"/>
<pin id="781" dir="1" index="4" bw="32" slack="0"/>
</pin_list>
<bind>
<opcode="mux(1196) " fcode="mux"/>
<opset="tmp_s/1 "/>
</bind>
</comp>

<comp id="786" class="1004" name="tmp_10_fu_786">
<pin_list>
<pin id="787" dir="0" index="0" bw="32" slack="0"/>
<pin id="788" dir="0" index="1" bw="32" slack="0"/>
<pin id="789" dir="0" index="2" bw="32" slack="0"/>
<pin id="790" dir="0" index="3" bw="2" slack="0"/>
<pin id="791" dir="1" index="4" bw="32" slack="0"/>
</pin_list>
<bind>
<opcode="mux(1196) " fcode="mux"/>
<opset="tmp_10/1 "/>
</bind>
</comp>

<comp id="796" class="1004" name="tmp_11_fu_796">
<pin_list>
<pin id="797" dir="0" index="0" bw="32" slack="0"/>
<pin id="798" dir="0" index="1" bw="32" slack="0"/>
<pin id="799" dir="0" index="2" bw="32" slack="0"/>
<pin id="800" dir="0" index="3" bw="2" slack="0"/>
<pin id="801" dir="1" index="4" bw="32" slack="0"/>
</pin_list>
<bind>
<opcode="mux(1196) " fcode="mux"/>
<opset="tmp_11/1 "/>
</bind>
</comp>

<comp id="806" class="1004" name="tmp_12_fu_806">
<pin_list>
<pin id="807" dir="0" index="0" bw="32" slack="0"/>
<pin id="808" dir="0" index="1" bw="32" slack="0"/>
<pin id="809" dir="0" index="2" bw="32" slack="0"/>
<pin id="810" dir="0" index="3" bw="2" slack="0"/>
<pin id="811" dir="1" index="4" bw="32" slack="0"/>
</pin_list>
<bind>
<opcode="mux(1196) " fcode="mux"/>
<opset="tmp_12/1 "/>
</bind>
</comp>

<comp id="816" class="1004" name="r_V_7_fu_816">
<pin_list>
<pin id="817" dir="0" index="0" bw="32" slack="0"/>
<pin id="818" dir="0" index="1" bw="32" slack="0"/>
<pin id="819" dir="0" index="2" bw="32" slack="0"/>
<pin id="820" dir="0" index="3" bw="2" slack="0"/>
<pin id="821" dir="1" index="4" bw="32" slack="0"/>
</pin_list>
<bind>
<opcode="mux(1196) " fcode="mux"/>
<opset="r_V_7/1 "/>
</bind>
</comp>

<comp id="826" class="1004" name="r_V_6_fu_826">
<pin_list>
<pin id="827" dir="0" index="0" bw="32" slack="0"/>
<pin id="828" dir="0" index="1" bw="32" slack="0"/>
<pin id="829" dir="0" index="2" bw="32" slack="0"/>
<pin id="830" dir="0" index="3" bw="2" slack="0"/>
<pin id="831" dir="1" index="4" bw="32" slack="0"/>
</pin_list>
<bind>
<opcode="mux(1196) " fcode="mux"/>
<opset="r_V_6/1 "/>
</bind>
</comp>

<comp id="836" class="1004" name="r_V_5_fu_836">
<pin_list>
<pin id="837" dir="0" index="0" bw="32" slack="0"/>
<pin id="838" dir="0" index="1" bw="32" slack="0"/>
<pin id="839" dir="0" index="2" bw="32" slack="0"/>
<pin id="840" dir="0" index="3" bw="2" slack="0"/>
<pin id="841" dir="1" index="4" bw="32" slack="0"/>
</pin_list>
<bind>
<opcode="mux(1196) " fcode="mux"/>
<opset="r_V_5/1 "/>
</bind>
</comp>

<comp id="846" class="1004" name="r_V_4_fu_846">
<pin_list>
<pin id="847" dir="0" index="0" bw="32" slack="0"/>
<pin id="848" dir="0" index="1" bw="32" slack="0"/>
<pin id="849" dir="0" index="2" bw="32" slack="0"/>
<pin id="850" dir="0" index="3" bw="2" slack="0"/>
<pin id="851" dir="1" index="4" bw="32" slack="0"/>
</pin_list>
<bind>
<opcode="mux(1196) " fcode="mux"/>
<opset="r_V_4/1 "/>
</bind>
</comp>

<comp id="856" class="1004" name="r_V_3_fu_856">
<pin_list>
<pin id="857" dir="0" index="0" bw="32" slack="0"/>
<pin id="858" dir="0" index="1" bw="32" slack="0"/>
<pin id="859" dir="0" index="2" bw="32" slack="0"/>
<pin id="860" dir="0" index="3" bw="2" slack="0"/>
<pin id="861" dir="1" index="4" bw="32" slack="0"/>
</pin_list>
<bind>
<opcode="mux(1196) " fcode="mux"/>
<opset="r_V_3/1 "/>
</bind>
</comp>

<comp id="866" class="1004" name="r_V_2_fu_866">
<pin_list>
<pin id="867" dir="0" index="0" bw="32" slack="0"/>
<pin id="868" dir="0" index="1" bw="32" slack="0"/>
<pin id="869" dir="0" index="2" bw="32" slack="0"/>
<pin id="870" dir="0" index="3" bw="2" slack="0"/>
<pin id="871" dir="1" index="4" bw="32" slack="0"/>
</pin_list>
<bind>
<opcode="mux(1196) " fcode="mux"/>
<opset="r_V_2/1 "/>
</bind>
</comp>

<comp id="876" class="1004" name="r_V_1_fu_876">
<pin_list>
<pin id="877" dir="0" index="0" bw="32" slack="0"/>
<pin id="878" dir="0" index="1" bw="32" slack="0"/>
<pin id="879" dir="0" index="2" bw="32" slack="0"/>
<pin id="880" dir="0" index="3" bw="2" slack="0"/>
<pin id="881" dir="1" index="4" bw="32" slack="0"/>
</pin_list>
<bind>
<opcode="mux(1196) " fcode="mux"/>
<opset="r_V_1/1 "/>
</bind>
</comp>

<comp id="886" class="1004" name="store_ln39_store_fu_886">
<pin_list>
<pin id="887" dir="0" index="0" bw="32" slack="0"/>
<pin id="888" dir="0" index="1" bw="32" slack="0"/>
<pin id="889" dir="1" index="2" bw="0" slack="2147483647"/>
</pin_list>
<bind>
<opcode="store(28) " fcode="store"/>
<opset="store_ln39/1 "/>
</bind>
</comp>

<comp id="892" class="1004" name="store_ln39_store_fu_892">
<pin_list>
<pin id="893" dir="0" index="0" bw="32" slack="0"/>
<pin id="894" dir="0" index="1" bw="32" slack="0"/>
<pin id="895" dir="1" index="2" bw="0" slack="2147483647"/>
</pin_list>
<bind>
<opcode="store(28) " fcode="store"/>
<opset="store_ln39/1 "/>
</bind>
</comp>

<comp id="898" class="1004" name="store_ln39_store_fu_898">
<pin_list>
<pin id="899" dir="0" index="0" bw="32" slack="0"/>
<pin id="900" dir="0" index="1" bw="32" slack="0"/>
<pin id="901" dir="1" index="2" bw="0" slack="2147483647"/>
</pin_list>
<bind>
<opcode="store(28) " fcode="store"/>
<opset="store_ln39/1 "/>
</bind>
</comp>

<comp id="904" class="1004" name="store_ln39_store_fu_904">
<pin_list>
<pin id="905" dir="0" index="0" bw="32" slack="0"/>
<pin id="906" dir="0" index="1" bw="32" slack="0"/>
<pin id="907" dir="1" index="2" bw="0" slack="2147483647"/>
</pin_list>
<bind>
<opcode="store(28) " fcode="store"/>
<opset="store_ln39/1 "/>
</bind>
</comp>

<comp id="910" class="1004" name="store_ln39_store_fu_910">
<pin_list>
<pin id="911" dir="0" index="0" bw="32" slack="0"/>
<pin id="912" dir="0" index="1" bw="32" slack="0"/>
<pin id="913" dir="1" index="2" bw="0" slack="2147483647"/>
</pin_list>
<bind>
<opcode="store(28) " fcode="store"/>
<opset="store_ln39/1 "/>
</bind>
</comp>

<comp id="916" class="1004" name="store_ln39_store_fu_916">
<pin_list>
<pin id="917" dir="0" index="0" bw="32" slack="0"/>
<pin id="918" dir="0" index="1" bw="32" slack="0"/>
<pin id="919" dir="1" index="2" bw="0" slack="2147483647"/>
</pin_list>
<bind>
<opcode="store(28) " fcode="store"/>
<opset="store_ln39/1 "/>
</bind>
</comp>

<comp id="922" class="1004" name="store_ln39_store_fu_922">
<pin_list>
<pin id="923" dir="0" index="0" bw="32" slack="0"/>
<pin id="924" dir="0" index="1" bw="32" slack="0"/>
<pin id="925" dir="1" index="2" bw="0" slack="2147483647"/>
</pin_list>
<bind>
<opcode="store(28) " fcode="store"/>
<opset="store_ln39/1 "/>
</bind>
</comp>

<comp id="928" class="1004" name="store_ln39_store_fu_928">
<pin_list>
<pin id="929" dir="0" index="0" bw="32" slack="0"/>
<pin id="930" dir="0" index="1" bw="32" slack="0"/>
<pin id="931" dir="1" index="2" bw="0" slack="2147483647"/>
</pin_list>
<bind>
<opcode="store(28) " fcode="store"/>
<opset="store_ln39/1 "/>
</bind>
</comp>

<comp id="934" class="1004" name="store_ln39_store_fu_934">
<pin_list>
<pin id="935" dir="0" index="0" bw="32" slack="0"/>
<pin id="936" dir="0" index="1" bw="32" slack="0"/>
<pin id="937" dir="1" index="2" bw="0" slack="2147483647"/>
</pin_list>
<bind>
<opcode="store(28) " fcode="store"/>
<opset="store_ln39/1 "/>
</bind>
</comp>

<comp id="940" class="1004" name="store_ln39_store_fu_940">
<pin_list>
<pin id="941" dir="0" index="0" bw="32" slack="0"/>
<pin id="942" dir="0" index="1" bw="32" slack="0"/>
<pin id="943" dir="1" index="2" bw="0" slack="2147483647"/>
</pin_list>
<bind>
<opcode="store(28) " fcode="store"/>
<opset="store_ln39/1 "/>
</bind>
</comp>

<comp id="946" class="1004" name="store_ln39_store_fu_946">
<pin_list>
<pin id="947" dir="0" index="0" bw="32" slack="0"/>
<pin id="948" dir="0" index="1" bw="32" slack="0"/>
<pin id="949" dir="1" index="2" bw="0" slack="2147483647"/>
</pin_list>
<bind>
<opcode="store(28) " fcode="store"/>
<opset="store_ln39/1 "/>
</bind>
</comp>

<comp id="952" class="1004" name="store_ln39_store_fu_952">
<pin_list>
<pin id="953" dir="0" index="0" bw="32" slack="0"/>
<pin id="954" dir="0" index="1" bw="32" slack="0"/>
<pin id="955" dir="1" index="2" bw="0" slack="2147483647"/>
</pin_list>
<bind>
<opcode="store(28) " fcode="store"/>
<opset="store_ln39/1 "/>
</bind>
</comp>

<comp id="958" class="1004" name="store_ln39_store_fu_958">
<pin_list>
<pin id="959" dir="0" index="0" bw="32" slack="0"/>
<pin id="960" dir="0" index="1" bw="32" slack="0"/>
<pin id="961" dir="1" index="2" bw="0" slack="2147483647"/>
</pin_list>
<bind>
<opcode="store(28) " fcode="store"/>
<opset="store_ln39/1 "/>
</bind>
</comp>

<comp id="964" class="1004" name="store_ln39_store_fu_964">
<pin_list>
<pin id="965" dir="0" index="0" bw="32" slack="0"/>
<pin id="966" dir="0" index="1" bw="32" slack="0"/>
<pin id="967" dir="1" index="2" bw="0" slack="2147483647"/>
</pin_list>
<bind>
<opcode="store(28) " fcode="store"/>
<opset="store_ln39/1 "/>
</bind>
</comp>

<comp id="970" class="1004" name="store_ln39_store_fu_970">
<pin_list>
<pin id="971" dir="0" index="0" bw="32" slack="0"/>
<pin id="972" dir="0" index="1" bw="32" slack="0"/>
<pin id="973" dir="1" index="2" bw="0" slack="2147483647"/>
</pin_list>
<bind>
<opcode="store(28) " fcode="store"/>
<opset="store_ln39/1 "/>
</bind>
</comp>

<comp id="976" class="1004" name="store_ln39_store_fu_976">
<pin_list>
<pin id="977" dir="0" index="0" bw="32" slack="0"/>
<pin id="978" dir="0" index="1" bw="32" slack="0"/>
<pin id="979" dir="1" index="2" bw="0" slack="2147483647"/>
</pin_list>
<bind>
<opcode="store(28) " fcode="store"/>
<opset="store_ln39/1 "/>
</bind>
</comp>

<comp id="982" class="1004" name="store_ln39_store_fu_982">
<pin_list>
<pin id="983" dir="0" index="0" bw="32" slack="0"/>
<pin id="984" dir="0" index="1" bw="32" slack="0"/>
<pin id="985" dir="1" index="2" bw="0" slack="2147483647"/>
</pin_list>
<bind>
<opcode="store(28) " fcode="store"/>
<opset="store_ln39/1 "/>
</bind>
</comp>

<comp id="988" class="1004" name="store_ln39_store_fu_988">
<pin_list>
<pin id="989" dir="0" index="0" bw="32" slack="0"/>
<pin id="990" dir="0" index="1" bw="32" slack="0"/>
<pin id="991" dir="1" index="2" bw="0" slack="2147483647"/>
</pin_list>
<bind>
<opcode="store(28) " fcode="store"/>
<opset="store_ln39/1 "/>
</bind>
</comp>

<comp id="994" class="1004" name="store_ln39_store_fu_994">
<pin_list>
<pin id="995" dir="0" index="0" bw="32" slack="0"/>
<pin id="996" dir="0" index="1" bw="32" slack="0"/>
<pin id="997" dir="1" index="2" bw="0" slack="2147483647"/>
</pin_list>
<bind>
<opcode="store(28) " fcode="store"/>
<opset="store_ln39/1 "/>
</bind>
</comp>

<comp id="1000" class="1004" name="store_ln39_store_fu_1000">
<pin_list>
<pin id="1001" dir="0" index="0" bw="32" slack="0"/>
<pin id="1002" dir="0" index="1" bw="32" slack="0"/>
<pin id="1003" dir="1" index="2" bw="0" slack="2147483647"/>
</pin_list>
<bind>
<opcode="store(28) " fcode="store"/>
<opset="store_ln39/1 "/>
</bind>
</comp>

<comp id="1006" class="1004" name="store_ln39_store_fu_1006">
<pin_list>
<pin id="1007" dir="0" index="0" bw="32" slack="0"/>
<pin id="1008" dir="0" index="1" bw="32" slack="0"/>
<pin id="1009" dir="1" index="2" bw="0" slack="2147483647"/>
</pin_list>
<bind>
<opcode="store(28) " fcode="store"/>
<opset="store_ln39/1 "/>
</bind>
</comp>

<comp id="1012" class="1004" name="store_ln41_store_fu_1012">
<pin_list>
<pin id="1013" dir="0" index="0" bw="32" slack="0"/>
<pin id="1014" dir="0" index="1" bw="32" slack="0"/>
<pin id="1015" dir="1" index="2" bw="0" slack="2147483647"/>
</pin_list>
<bind>
<opcode="store(28) " fcode="store"/>
<opset="store_ln41/1 "/>
</bind>
</comp>

<comp id="1018" class="1004" name="store_ln39_store_fu_1018">
<pin_list>
<pin id="1019" dir="0" index="0" bw="32" slack="0"/>
<pin id="1020" dir="0" index="1" bw="32" slack="0"/>
<pin id="1021" dir="1" index="2" bw="0" slack="2147483647"/>
</pin_list>
<bind>
<opcode="store(28) " fcode="store"/>
<opset="store_ln39/1 "/>
</bind>
</comp>

<comp id="1024" class="1004" name="store_ln39_store_fu_1024">
<pin_list>
<pin id="1025" dir="0" index="0" bw="32" slack="0"/>
<pin id="1026" dir="0" index="1" bw="32" slack="0"/>
<pin id="1027" dir="1" index="2" bw="0" slack="2147483647"/>
</pin_list>
<bind>
<opcode="store(28) " fcode="store"/>
<opset="store_ln39/1 "/>
</bind>
</comp>

<comp id="1030" class="1004" name="store_ln39_store_fu_1030">
<pin_list>
<pin id="1031" dir="0" index="0" bw="32" slack="0"/>
<pin id="1032" dir="0" index="1" bw="32" slack="0"/>
<pin id="1033" dir="1" index="2" bw="0" slack="2147483647"/>
</pin_list>
<bind>
<opcode="store(28) " fcode="store"/>
<opset="store_ln39/1 "/>
</bind>
</comp>

<comp id="1036" class="1004" name="store_ln39_store_fu_1036">
<pin_list>
<pin id="1037" dir="0" index="0" bw="32" slack="0"/>
<pin id="1038" dir="0" index="1" bw="32" slack="0"/>
<pin id="1039" dir="1" index="2" bw="0" slack="2147483647"/>
</pin_list>
<bind>
<opcode="store(28) " fcode="store"/>
<opset="store_ln39/1 "/>
</bind>
</comp>

<comp id="1042" class="1004" name="store_ln39_store_fu_1042">
<pin_list>
<pin id="1043" dir="0" index="0" bw="32" slack="0"/>
<pin id="1044" dir="0" index="1" bw="32" slack="0"/>
<pin id="1045" dir="1" index="2" bw="0" slack="2147483647"/>
</pin_list>
<bind>
<opcode="store(28) " fcode="store"/>
<opset="store_ln39/1 "/>
</bind>
</comp>

<comp id="1048" class="1004" name="store_ln39_store_fu_1048">
<pin_list>
<pin id="1049" dir="0" index="0" bw="32" slack="0"/>
<pin id="1050" dir="0" index="1" bw="32" slack="0"/>
<pin id="1051" dir="1" index="2" bw="0" slack="2147483647"/>
</pin_list>
<bind>
<opcode="store(28) " fcode="store"/>
<opset="store_ln39/1 "/>
</bind>
</comp>

<comp id="1054" class="1004" name="store_ln39_store_fu_1054">
<pin_list>
<pin id="1055" dir="0" index="0" bw="32" slack="0"/>
<pin id="1056" dir="0" index="1" bw="32" slack="0"/>
<pin id="1057" dir="1" index="2" bw="0" slack="2147483647"/>
</pin_list>
<bind>
<opcode="store(28) " fcode="store"/>
<opset="store_ln39/1 "/>
</bind>
</comp>

<comp id="1060" class="1004" name="store_ln39_store_fu_1060">
<pin_list>
<pin id="1061" dir="0" index="0" bw="32" slack="0"/>
<pin id="1062" dir="0" index="1" bw="32" slack="0"/>
<pin id="1063" dir="1" index="2" bw="0" slack="2147483647"/>
</pin_list>
<bind>
<opcode="store(28) " fcode="store"/>
<opset="store_ln39/1 "/>
</bind>
</comp>

<comp id="1066" class="1004" name="store_ln39_store_fu_1066">
<pin_list>
<pin id="1067" dir="0" index="0" bw="32" slack="0"/>
<pin id="1068" dir="0" index="1" bw="32" slack="0"/>
<pin id="1069" dir="1" index="2" bw="0" slack="2147483647"/>
</pin_list>
<bind>
<opcode="store(28) " fcode="store"/>
<opset="store_ln39/1 "/>
</bind>
</comp>

<comp id="1072" class="1004" name="store_ln39_store_fu_1072">
<pin_list>
<pin id="1073" dir="0" index="0" bw="32" slack="0"/>
<pin id="1074" dir="0" index="1" bw="32" slack="0"/>
<pin id="1075" dir="1" index="2" bw="0" slack="2147483647"/>
</pin_list>
<bind>
<opcode="store(28) " fcode="store"/>
<opset="store_ln39/1 "/>
</bind>
</comp>

<comp id="1078" class="1004" name="store_ln39_store_fu_1078">
<pin_list>
<pin id="1079" dir="0" index="0" bw="32" slack="0"/>
<pin id="1080" dir="0" index="1" bw="32" slack="0"/>
<pin id="1081" dir="1" index="2" bw="0" slack="2147483647"/>
</pin_list>
<bind>
<opcode="store(28) " fcode="store"/>
<opset="store_ln39/1 "/>
</bind>
</comp>

<comp id="1084" class="1004" name="store_ln39_store_fu_1084">
<pin_list>
<pin id="1085" dir="0" index="0" bw="32" slack="0"/>
<pin id="1086" dir="0" index="1" bw="32" slack="0"/>
<pin id="1087" dir="1" index="2" bw="0" slack="2147483647"/>
</pin_list>
<bind>
<opcode="store(28) " fcode="store"/>
<opset="store_ln39/1 "/>
</bind>
</comp>

<comp id="1090" class="1004" name="store_ln39_store_fu_1090">
<pin_list>
<pin id="1091" dir="0" index="0" bw="32" slack="0"/>
<pin id="1092" dir="0" index="1" bw="32" slack="0"/>
<pin id="1093" dir="1" index="2" bw="0" slack="2147483647"/>
</pin_list>
<bind>
<opcode="store(28) " fcode="store"/>
<opset="store_ln39/1 "/>
</bind>
</comp>

<comp id="1096" class="1004" name="store_ln39_store_fu_1096">
<pin_list>
<pin id="1097" dir="0" index="0" bw="32" slack="0"/>
<pin id="1098" dir="0" index="1" bw="32" slack="0"/>
<pin id="1099" dir="1" index="2" bw="0" slack="2147483647"/>
</pin_list>
<bind>
<opcode="store(28) " fcode="store"/>
<opset="store_ln39/1 "/>
</bind>
</comp>

<comp id="1102" class="1004" name="store_ln39_store_fu_1102">
<pin_list>
<pin id="1103" dir="0" index="0" bw="32" slack="0"/>
<pin id="1104" dir="0" index="1" bw="32" slack="0"/>
<pin id="1105" dir="1" index="2" bw="0" slack="2147483647"/>
</pin_list>
<bind>
<opcode="store(28) " fcode="store"/>
<opset="store_ln39/1 "/>
</bind>
</comp>

<comp id="1108" class="1004" name="store_ln39_store_fu_1108">
<pin_list>
<pin id="1109" dir="0" index="0" bw="32" slack="0"/>
<pin id="1110" dir="0" index="1" bw="32" slack="0"/>
<pin id="1111" dir="1" index="2" bw="0" slack="2147483647"/>
</pin_list>
<bind>
<opcode="store(28) " fcode="store"/>
<opset="store_ln39/1 "/>
</bind>
</comp>

<comp id="1114" class="1004" name="store_ln39_store_fu_1114">
<pin_list>
<pin id="1115" dir="0" index="0" bw="32" slack="0"/>
<pin id="1116" dir="0" index="1" bw="32" slack="0"/>
<pin id="1117" dir="1" index="2" bw="0" slack="2147483647"/>
</pin_list>
<bind>
<opcode="store(28) " fcode="store"/>
<opset="store_ln39/1 "/>
</bind>
</comp>

<comp id="1120" class="1004" name="store_ln39_store_fu_1120">
<pin_list>
<pin id="1121" dir="0" index="0" bw="32" slack="0"/>
<pin id="1122" dir="0" index="1" bw="32" slack="0"/>
<pin id="1123" dir="1" index="2" bw="0" slack="2147483647"/>
</pin_list>
<bind>
<opcode="store(28) " fcode="store"/>
<opset="store_ln39/1 "/>
</bind>
</comp>

<comp id="1126" class="1004" name="store_ln39_store_fu_1126">
<pin_list>
<pin id="1127" dir="0" index="0" bw="32" slack="0"/>
<pin id="1128" dir="0" index="1" bw="32" slack="0"/>
<pin id="1129" dir="1" index="2" bw="0" slack="2147483647"/>
</pin_list>
<bind>
<opcode="store(28) " fcode="store"/>
<opset="store_ln39/1 "/>
</bind>
</comp>

<comp id="1132" class="1004" name="store_ln39_store_fu_1132">
<pin_list>
<pin id="1133" dir="0" index="0" bw="32" slack="0"/>
<pin id="1134" dir="0" index="1" bw="32" slack="0"/>
<pin id="1135" dir="1" index="2" bw="0" slack="2147483647"/>
</pin_list>
<bind>
<opcode="store(28) " fcode="store"/>
<opset="store_ln39/1 "/>
</bind>
</comp>

<comp id="1138" class="1004" name="store_ln39_store_fu_1138">
<pin_list>
<pin id="1139" dir="0" index="0" bw="32" slack="0"/>
<pin id="1140" dir="0" index="1" bw="32" slack="0"/>
<pin id="1141" dir="1" index="2" bw="0" slack="2147483647"/>
</pin_list>
<bind>
<opcode="store(28) " fcode="store"/>
<opset="store_ln39/1 "/>
</bind>
</comp>

<comp id="1144" class="1004" name="store_ln41_store_fu_1144">
<pin_list>
<pin id="1145" dir="0" index="0" bw="32" slack="0"/>
<pin id="1146" dir="0" index="1" bw="32" slack="0"/>
<pin id="1147" dir="1" index="2" bw="0" slack="2147483647"/>
</pin_list>
<bind>
<opcode="store(28) " fcode="store"/>
<opset="store_ln41/1 "/>
</bind>
</comp>

<comp id="1150" class="1004" name="tmp_13_fu_1150">
<pin_list>
<pin id="1151" dir="0" index="0" bw="16" slack="0"/>
<pin id="1152" dir="0" index="1" bw="12" slack="0"/>
<pin id="1153" dir="0" index="2" bw="9" slack="0"/>
<pin id="1154" dir="0" index="3" bw="2" slack="0"/>
<pin id="1155" dir="1" index="4" bw="16" slack="1"/>
</pin_list>
<bind>
<opcode="mux(1196) " fcode="mux"/>
<opset="tmp_13/1 "/>
</bind>
</comp>

<comp id="1160" class="1004" name="tmp_14_fu_1160">
<pin_list>
<pin id="1161" dir="0" index="0" bw="16" slack="0"/>
<pin id="1162" dir="0" index="1" bw="10" slack="0"/>
<pin id="1163" dir="0" index="2" bw="10" slack="0"/>
<pin id="1164" dir="0" index="3" bw="2" slack="0"/>
<pin id="1165" dir="1" index="4" bw="16" slack="1"/>
</pin_list>
<bind>
<opcode="mux(1196) " fcode="mux"/>
<opset="tmp_14/1 "/>
</bind>
</comp>

<comp id="1170" class="1004" name="tmp_16_fu_1170">
<pin_list>
<pin id="1171" dir="0" index="0" bw="16" slack="0"/>
<pin id="1172" dir="0" index="1" bw="8" slack="0"/>
<pin id="1173" dir="0" index="2" bw="11" slack="0"/>
<pin id="1174" dir="0" index="3" bw="2" slack="0"/>
<pin id="1175" dir="1" index="4" bw="16" slack="1"/>
</pin_list>
<bind>
<opcode="mux(1196) " fcode="mux"/>
<opset="tmp_16/1 "/>
</bind>
</comp>

<comp id="1180" class="1004" name="sext_ln1316_fu_1180">
<pin_list>
<pin id="1181" dir="0" index="0" bw="32" slack="1"/>
<pin id="1182" dir="1" index="1" bw="47" slack="0"/>
</pin_list>
<bind>
<opcode="sext(35) " fcode="sext"/>
<opset="sext_ln1316/2 "/>
</bind>
</comp>

<comp id="1183" class="1004" name="sext_ln1316_1_fu_1183">
<pin_list>
<pin id="1184" dir="0" index="0" bw="16" slack="1"/>
<pin id="1185" dir="1" index="1" bw="47" slack="0"/>
</pin_list>
<bind>
<opcode="sext(35) " fcode="sext"/>
<opset="sext_ln1316_1/2 "/>
</bind>
</comp>

<comp id="1186" class="1004" name="grp_fu_1186">
<pin_list>
<pin id="1187" dir="0" index="0" bw="32" slack="0"/>
<pin id="1188" dir="0" index="1" bw="16" slack="0"/>
<pin id="1189" dir="1" index="2" bw="47" slack="0"/>
</pin_list>
<bind>
<opcode="mul(12) " fcode="mul"/>
<opset="mul_ln1316/2 "/>
</bind>
</comp>

<comp id="1192" class="1004" name="sext_ln1393_fu_1192">
<pin_list>
<pin id="1193" dir="0" index="0" bw="32" slack="1"/>
<pin id="1194" dir="1" index="1" bw="47" slack="0"/>
</pin_list>
<bind>
<opcode="sext(35) " fcode="sext"/>
<opset="sext_ln1393/2 "/>
</bind>
</comp>

<comp id="1195" class="1004" name="sext_ln1393_1_fu_1195">
<pin_list>
<pin id="1196" dir="0" index="0" bw="16" slack="1"/>
<pin id="1197" dir="1" index="1" bw="47" slack="0"/>
</pin_list>
<bind>
<opcode="sext(35) " fcode="sext"/>
<opset="sext_ln1393_1/2 "/>
</bind>
</comp>

<comp id="1198" class="1004" name="grp_fu_1198">
<pin_list>
<pin id="1199" dir="0" index="0" bw="32" slack="0"/>
<pin id="1200" dir="0" index="1" bw="16" slack="0"/>
<pin id="1201" dir="1" index="2" bw="47" slack="1"/>
</pin_list>
<bind>
<opcode="mul(12) " fcode="mul"/>
<opset="mul_ln1393/2 "/>
</bind>
</comp>

<comp id="1204" class="1004" name="sext_ln1393_2_fu_1204">
<pin_list>
<pin id="1205" dir="0" index="0" bw="32" slack="1"/>
<pin id="1206" dir="1" index="1" bw="47" slack="0"/>
</pin_list>
<bind>
<opcode="sext(35) " fcode="sext"/>
<opset="sext_ln1393_2/2 "/>
</bind>
</comp>

<comp id="1207" class="1004" name="sext_ln1393_3_fu_1207">
<pin_list>
<pin id="1208" dir="0" index="0" bw="16" slack="1"/>
<pin id="1209" dir="1" index="1" bw="47" slack="0"/>
</pin_list>
<bind>
<opcode="sext(35) " fcode="sext"/>
<opset="sext_ln1393_3/2 "/>
</bind>
</comp>

<comp id="1210" class="1004" name="grp_fu_1210">
<pin_list>
<pin id="1211" dir="0" index="0" bw="32" slack="0"/>
<pin id="1212" dir="0" index="1" bw="16" slack="0"/>
<pin id="1213" dir="1" index="2" bw="47" slack="1"/>
</pin_list>
<bind>
<opcode="mul(12) " fcode="mul"/>
<opset="mul_ln1393_1/2 "/>
</bind>
</comp>

<comp id="1216" class="1004" name="tmp_18_fu_1216">
<pin_list>
<pin id="1217" dir="0" index="0" bw="16" slack="0"/>
<pin id="1218" dir="0" index="1" bw="9" slack="0"/>
<pin id="1219" dir="0" index="2" bw="10" slack="0"/>
<pin id="1220" dir="0" index="3" bw="2" slack="1"/>
<pin id="1221" dir="1" index="4" bw="16" slack="1"/>
</pin_list>
<bind>
<opcode="mux(1196) " fcode="mux"/>
<opset="tmp_18/2 "/>
</bind>
</comp>

<comp id="1225" class="1004" name="tmp_20_fu_1225">
<pin_list>
<pin id="1226" dir="0" index="0" bw="16" slack="0"/>
<pin id="1227" dir="0" index="1" bw="11" slack="0"/>
<pin id="1228" dir="0" index="2" bw="9" slack="0"/>
<pin id="1229" dir="0" index="3" bw="2" slack="1"/>
<pin id="1230" dir="1" index="4" bw="16" slack="1"/>
</pin_list>
<bind>
<opcode="mux(1196) " fcode="mux"/>
<opset="tmp_20/2 "/>
</bind>
</comp>

<comp id="1234" class="1004" name="r_V_8_fu_1234">
<pin_list>
<pin id="1235" dir="0" index="0" bw="32" slack="0"/>
<pin id="1236" dir="0" index="1" bw="32" slack="0"/>
<pin id="1237" dir="0" index="2" bw="32" slack="0"/>
<pin id="1238" dir="0" index="3" bw="2" slack="1"/>
<pin id="1239" dir="1" index="4" bw="32" slack="3"/>
</pin_list>
<bind>
<opcode="mux(1196) " fcode="mux"/>
<opset="r_V_8/2 "/>
</bind>
</comp>

<comp id="1243" class="1004" name="r_V_9_fu_1243">
<pin_list>
<pin id="1244" dir="0" index="0" bw="32" slack="0"/>
<pin id="1245" dir="0" index="1" bw="32" slack="0"/>
<pin id="1246" dir="0" index="2" bw="32" slack="0"/>
<pin id="1247" dir="0" index="3" bw="2" slack="1"/>
<pin id="1248" dir="1" index="4" bw="32" slack="4"/>
</pin_list>
<bind>
<opcode="mux(1196) " fcode="mux"/>
<opset="r_V_9/2 "/>
</bind>
</comp>

<comp id="1252" class="1004" name="r_V_10_fu_1252">
<pin_list>
<pin id="1253" dir="0" index="0" bw="32" slack="0"/>
<pin id="1254" dir="0" index="1" bw="32" slack="0"/>
<pin id="1255" dir="0" index="2" bw="32" slack="0"/>
<pin id="1256" dir="0" index="3" bw="2" slack="1"/>
<pin id="1257" dir="1" index="4" bw="32" slack="4"/>
</pin_list>
<bind>
<opcode="mux(1196) " fcode="mux"/>
<opset="r_V_10/2 "/>
</bind>
</comp>

<comp id="1261" class="1004" name="r_V_11_fu_1261">
<pin_list>
<pin id="1262" dir="0" index="0" bw="32" slack="0"/>
<pin id="1263" dir="0" index="1" bw="32" slack="0"/>
<pin id="1264" dir="0" index="2" bw="32" slack="0"/>
<pin id="1265" dir="0" index="3" bw="2" slack="1"/>
<pin id="1266" dir="1" index="4" bw="32" slack="5"/>
</pin_list>
<bind>
<opcode="mux(1196) " fcode="mux"/>
<opset="r_V_11/2 "/>
</bind>
</comp>

<comp id="1270" class="1004" name="r_V_12_fu_1270">
<pin_list>
<pin id="1271" dir="0" index="0" bw="32" slack="0"/>
<pin id="1272" dir="0" index="1" bw="32" slack="0"/>
<pin id="1273" dir="0" index="2" bw="32" slack="0"/>
<pin id="1274" dir="0" index="3" bw="2" slack="1"/>
<pin id="1275" dir="1" index="4" bw="32" slack="5"/>
</pin_list>
<bind>
<opcode="mux(1196) " fcode="mux"/>
<opset="r_V_12/2 "/>
</bind>
</comp>

<comp id="1279" class="1004" name="r_V_13_fu_1279">
<pin_list>
<pin id="1280" dir="0" index="0" bw="32" slack="0"/>
<pin id="1281" dir="0" index="1" bw="32" slack="0"/>
<pin id="1282" dir="0" index="2" bw="32" slack="0"/>
<pin id="1283" dir="0" index="3" bw="2" slack="1"/>
<pin id="1284" dir="1" index="4" bw="32" slack="6"/>
</pin_list>
<bind>
<opcode="mux(1196) " fcode="mux"/>
<opset="r_V_13/2 "/>
</bind>
</comp>

<comp id="1288" class="1004" name="r_V_14_fu_1288">
<pin_list>
<pin id="1289" dir="0" index="0" bw="32" slack="0"/>
<pin id="1290" dir="0" index="1" bw="32" slack="0"/>
<pin id="1291" dir="0" index="2" bw="32" slack="0"/>
<pin id="1292" dir="0" index="3" bw="2" slack="1"/>
<pin id="1293" dir="1" index="4" bw="32" slack="6"/>
</pin_list>
<bind>
<opcode="mux(1196) " fcode="mux"/>
<opset="r_V_14/2 "/>
</bind>
</comp>

<comp id="1297" class="1004" name="r_V_15_fu_1297">
<pin_list>
<pin id="1298" dir="0" index="0" bw="32" slack="0"/>
<pin id="1299" dir="0" index="1" bw="32" slack="0"/>
<pin id="1300" dir="0" index="2" bw="32" slack="0"/>
<pin id="1301" dir="0" index="3" bw="2" slack="1"/>
<pin id="1302" dir="1" index="4" bw="32" slack="7"/>
</pin_list>
<bind>
<opcode="mux(1196) " fcode="mux"/>
<opset="r_V_15/2 "/>
</bind>
</comp>

<comp id="1306" class="1004" name="r_V_16_fu_1306">
<pin_list>
<pin id="1307" dir="0" index="0" bw="32" slack="0"/>
<pin id="1308" dir="0" index="1" bw="32" slack="0"/>
<pin id="1309" dir="0" index="2" bw="32" slack="0"/>
<pin id="1310" dir="0" index="3" bw="2" slack="1"/>
<pin id="1311" dir="1" index="4" bw="32" slack="7"/>
</pin_list>
<bind>
<opcode="mux(1196) " fcode="mux"/>
<opset="r_V_16/2 "/>
</bind>
</comp>

<comp id="1315" class="1004" name="r_V_17_fu_1315">
<pin_list>
<pin id="1316" dir="0" index="0" bw="32" slack="0"/>
<pin id="1317" dir="0" index="1" bw="32" slack="0"/>
<pin id="1318" dir="0" index="2" bw="32" slack="0"/>
<pin id="1319" dir="0" index="3" bw="2" slack="1"/>
<pin id="1320" dir="1" index="4" bw="32" slack="8"/>
</pin_list>
<bind>
<opcode="mux(1196) " fcode="mux"/>
<opset="r_V_17/2 "/>
</bind>
</comp>

<comp id="1324" class="1004" name="r_V_18_fu_1324">
<pin_list>
<pin id="1325" dir="0" index="0" bw="32" slack="0"/>
<pin id="1326" dir="0" index="1" bw="32" slack="0"/>
<pin id="1327" dir="0" index="2" bw="32" slack="0"/>
<pin id="1328" dir="0" index="3" bw="2" slack="1"/>
<pin id="1329" dir="1" index="4" bw="32" slack="8"/>
</pin_list>
<bind>
<opcode="mux(1196) " fcode="mux"/>
<opset="r_V_18/2 "/>
</bind>
</comp>

<comp id="1333" class="1004" name="r_V_19_fu_1333">
<pin_list>
<pin id="1334" dir="0" index="0" bw="32" slack="0"/>
<pin id="1335" dir="0" index="1" bw="32" slack="0"/>
<pin id="1336" dir="0" index="2" bw="32" slack="0"/>
<pin id="1337" dir="0" index="3" bw="2" slack="1"/>
<pin id="1338" dir="1" index="4" bw="32" slack="9"/>
</pin_list>
<bind>
<opcode="mux(1196) " fcode="mux"/>
<opset="r_V_19/2 "/>
</bind>
</comp>

<comp id="1342" class="1004" name="r_V_20_fu_1342">
<pin_list>
<pin id="1343" dir="0" index="0" bw="32" slack="0"/>
<pin id="1344" dir="0" index="1" bw="32" slack="0"/>
<pin id="1345" dir="0" index="2" bw="32" slack="0"/>
<pin id="1346" dir="0" index="3" bw="2" slack="1"/>
<pin id="1347" dir="1" index="4" bw="32" slack="9"/>
</pin_list>
<bind>
<opcode="mux(1196) " fcode="mux"/>
<opset="r_V_20/2 "/>
</bind>
</comp>

<comp id="1351" class="1004" name="tmp_15_fu_1351">
<pin_list>
<pin id="1352" dir="0" index="0" bw="32" slack="0"/>
<pin id="1353" dir="0" index="1" bw="47" slack="0"/>
<pin id="1354" dir="0" index="2" bw="5" slack="0"/>
<pin id="1355" dir="0" index="3" bw="7" slack="0"/>
<pin id="1356" dir="1" index="4" bw="32" slack="1"/>
</pin_list>
<bind>
<opcode="partselect(1002) " fcode="partselect"/>
<opset="tmp_15/3 "/>
</bind>
</comp>

<comp id="1361" class="1004" name="sext_ln1393_4_fu_1361">
<pin_list>
<pin id="1362" dir="0" index="0" bw="32" slack="2"/>
<pin id="1363" dir="1" index="1" bw="47" slack="0"/>
</pin_list>
<bind>
<opcode="sext(35) " fcode="sext"/>
<opset="sext_ln1393_4/3 "/>
</bind>
</comp>

<comp id="1364" class="1004" name="sext_ln1393_5_fu_1364">
<pin_list>
<pin id="1365" dir="0" index="0" bw="16" slack="1"/>
<pin id="1366" dir="1" index="1" bw="47" slack="0"/>
</pin_list>
<bind>
<opcode="sext(35) " fcode="sext"/>
<opset="sext_ln1393_5/3 "/>
</bind>
</comp>

<comp id="1367" class="1004" name="grp_fu_1367">
<pin_list>
<pin id="1368" dir="0" index="0" bw="32" slack="0"/>
<pin id="1369" dir="0" index="1" bw="16" slack="0"/>
<pin id="1370" dir="1" index="2" bw="47" slack="1"/>
</pin_list>
<bind>
<opcode="mul(12) " fcode="mul"/>
<opset="mul_ln1393_2/3 "/>
</bind>
</comp>

<comp id="1373" class="1004" name="sext_ln1393_6_fu_1373">
<pin_list>
<pin id="1374" dir="0" index="0" bw="32" slack="2"/>
<pin id="1375" dir="1" index="1" bw="47" slack="0"/>
</pin_list>
<bind>
<opcode="sext(35) " fcode="sext"/>
<opset="sext_ln1393_6/3 "/>
</bind>
</comp>

<comp id="1376" class="1004" name="sext_ln1393_7_fu_1376">
<pin_list>
<pin id="1377" dir="0" index="0" bw="16" slack="1"/>
<pin id="1378" dir="1" index="1" bw="47" slack="0"/>
</pin_list>
<bind>
<opcode="sext(35) " fcode="sext"/>
<opset="sext_ln1393_7/3 "/>
</bind>
</comp>

<comp id="1379" class="1004" name="grp_fu_1379">
<pin_list>
<pin id="1380" dir="0" index="0" bw="32" slack="0"/>
<pin id="1381" dir="0" index="1" bw="16" slack="0"/>
<pin id="1382" dir="1" index="2" bw="47" slack="1"/>
</pin_list>
<bind>
<opcode="mul(12) " fcode="mul"/>
<opset="mul_ln1393_3/3 "/>
</bind>
</comp>

<comp id="1385" class="1004" name="tmp_22_fu_1385">
<pin_list>
<pin id="1386" dir="0" index="0" bw="16" slack="0"/>
<pin id="1387" dir="0" index="1" bw="11" slack="0"/>
<pin id="1388" dir="0" index="2" bw="10" slack="0"/>
<pin id="1389" dir="0" index="3" bw="2" slack="2"/>
<pin id="1390" dir="1" index="4" bw="16" slack="1"/>
</pin_list>
<bind>
<opcode="mux(1196) " fcode="mux"/>
<opset="tmp_22/3 "/>
</bind>
</comp>

<comp id="1394" class="1004" name="tmp_24_fu_1394">
<pin_list>
<pin id="1395" dir="0" index="0" bw="16" slack="0"/>
<pin id="1396" dir="0" index="1" bw="11" slack="0"/>
<pin id="1397" dir="0" index="2" bw="12" slack="0"/>
<pin id="1398" dir="0" index="3" bw="2" slack="2"/>
<pin id="1399" dir="1" index="4" bw="16" slack="1"/>
</pin_list>
<bind>
<opcode="mux(1196) " fcode="mux"/>
<opset="tmp_24/3 "/>
</bind>
</comp>

<comp id="1403" class="1004" name="lhs_V_fu_1403">
<pin_list>
<pin id="1404" dir="0" index="0" bw="47" slack="0"/>
<pin id="1405" dir="0" index="1" bw="32" slack="1"/>
<pin id="1406" dir="0" index="2" bw="1" slack="0"/>
<pin id="1407" dir="1" index="3" bw="47" slack="0"/>
</pin_list>
<bind>
<opcode="bitconcatenate(1004) " fcode="bitconcatenate"/>
<opset="lhs_V/4 "/>
</bind>
</comp>

<comp id="1410" class="1004" name="ret_V_fu_1410">
<pin_list>
<pin id="1411" dir="0" index="0" bw="47" slack="0"/>
<pin id="1412" dir="0" index="1" bw="47" slack="1"/>
<pin id="1413" dir="1" index="2" bw="47" slack="0"/>
</pin_list>
<bind>
<opcode="add(8) " fcode="add"/>
<opset="ret_V/4 "/>
</bind>
</comp>

<comp id="1415" class="1004" name="tmp_17_fu_1415">
<pin_list>
<pin id="1416" dir="0" index="0" bw="32" slack="0"/>
<pin id="1417" dir="0" index="1" bw="47" slack="0"/>
<pin id="1418" dir="0" index="2" bw="5" slack="0"/>
<pin id="1419" dir="0" index="3" bw="7" slack="0"/>
<pin id="1420" dir="1" index="4" bw="32" slack="0"/>
</pin_list>
<bind>
<opcode="partselect(1002) " fcode="partselect"/>
<opset="tmp_17/4 "/>
</bind>
</comp>

<comp id="1425" class="1004" name="lhs_V_1_fu_1425">
<pin_list>
<pin id="1426" dir="0" index="0" bw="47" slack="0"/>
<pin id="1427" dir="0" index="1" bw="32" slack="0"/>
<pin id="1428" dir="0" index="2" bw="1" slack="0"/>
<pin id="1429" dir="1" index="3" bw="47" slack="0"/>
</pin_list>
<bind>
<opcode="bitconcatenate(1004) " fcode="bitconcatenate"/>
<opset="lhs_V_1/4 "/>
</bind>
</comp>

<comp id="1433" class="1004" name="ret_V_1_fu_1433">
<pin_list>
<pin id="1434" dir="0" index="0" bw="47" slack="0"/>
<pin id="1435" dir="0" index="1" bw="47" slack="1"/>
<pin id="1436" dir="1" index="2" bw="47" slack="0"/>
</pin_list>
<bind>
<opcode="add(8) " fcode="add"/>
<opset="ret_V_1/4 "/>
</bind>
</comp>

<comp id="1438" class="1004" name="tmp_19_fu_1438">
<pin_list>
<pin id="1439" dir="0" index="0" bw="32" slack="0"/>
<pin id="1440" dir="0" index="1" bw="47" slack="0"/>
<pin id="1441" dir="0" index="2" bw="5" slack="0"/>
<pin id="1442" dir="0" index="3" bw="7" slack="0"/>
<pin id="1443" dir="1" index="4" bw="32" slack="1"/>
</pin_list>
<bind>
<opcode="partselect(1002) " fcode="partselect"/>
<opset="tmp_19/4 "/>
</bind>
</comp>

<comp id="1448" class="1004" name="sext_ln1393_8_fu_1448">
<pin_list>
<pin id="1449" dir="0" index="0" bw="32" slack="3"/>
<pin id="1450" dir="1" index="1" bw="47" slack="0"/>
</pin_list>
<bind>
<opcode="sext(35) " fcode="sext"/>
<opset="sext_ln1393_8/4 "/>
</bind>
</comp>

<comp id="1451" class="1004" name="sext_ln1393_9_fu_1451">
<pin_list>
<pin id="1452" dir="0" index="0" bw="16" slack="1"/>
<pin id="1453" dir="1" index="1" bw="47" slack="0"/>
</pin_list>
<bind>
<opcode="sext(35) " fcode="sext"/>
<opset="sext_ln1393_9/4 "/>
</bind>
</comp>

<comp id="1454" class="1004" name="grp_fu_1454">
<pin_list>
<pin id="1455" dir="0" index="0" bw="32" slack="0"/>
<pin id="1456" dir="0" index="1" bw="16" slack="0"/>
<pin id="1457" dir="1" index="2" bw="47" slack="1"/>
</pin_list>
<bind>
<opcode="mul(12) " fcode="mul"/>
<opset="mul_ln1393_4/4 "/>
</bind>
</comp>

<comp id="1460" class="1004" name="sext_ln1393_10_fu_1460">
<pin_list>
<pin id="1461" dir="0" index="0" bw="32" slack="3"/>
<pin id="1462" dir="1" index="1" bw="47" slack="0"/>
</pin_list>
<bind>
<opcode="sext(35) " fcode="sext"/>
<opset="sext_ln1393_10/4 "/>
</bind>
</comp>

<comp id="1463" class="1004" name="sext_ln1393_11_fu_1463">
<pin_list>
<pin id="1464" dir="0" index="0" bw="16" slack="1"/>
<pin id="1465" dir="1" index="1" bw="47" slack="0"/>
</pin_list>
<bind>
<opcode="sext(35) " fcode="sext"/>
<opset="sext_ln1393_11/4 "/>
</bind>
</comp>

<comp id="1466" class="1004" name="grp_fu_1466">
<pin_list>
<pin id="1467" dir="0" index="0" bw="32" slack="0"/>
<pin id="1468" dir="0" index="1" bw="16" slack="0"/>
<pin id="1469" dir="1" index="2" bw="47" slack="1"/>
</pin_list>
<bind>
<opcode="mul(12) " fcode="mul"/>
<opset="mul_ln1393_5/4 "/>
</bind>
</comp>

<comp id="1472" class="1004" name="tmp_26_fu_1472">
<pin_list>
<pin id="1473" dir="0" index="0" bw="16" slack="0"/>
<pin id="1474" dir="0" index="1" bw="8" slack="0"/>
<pin id="1475" dir="0" index="2" bw="12" slack="0"/>
<pin id="1476" dir="0" index="3" bw="2" slack="3"/>
<pin id="1477" dir="1" index="4" bw="16" slack="1"/>
</pin_list>
<bind>
<opcode="mux(1196) " fcode="mux"/>
<opset="tmp_26/4 "/>
</bind>
</comp>

<comp id="1481" class="1004" name="tmp_28_fu_1481">
<pin_list>
<pin id="1482" dir="0" index="0" bw="16" slack="0"/>
<pin id="1483" dir="0" index="1" bw="11" slack="0"/>
<pin id="1484" dir="0" index="2" bw="12" slack="0"/>
<pin id="1485" dir="0" index="3" bw="2" slack="3"/>
<pin id="1486" dir="1" index="4" bw="16" slack="1"/>
</pin_list>
<bind>
<opcode="mux(1196) " fcode="mux"/>
<opset="tmp_28/4 "/>
</bind>
</comp>

<comp id="1490" class="1004" name="lhs_V_2_fu_1490">
<pin_list>
<pin id="1491" dir="0" index="0" bw="47" slack="0"/>
<pin id="1492" dir="0" index="1" bw="32" slack="1"/>
<pin id="1493" dir="0" index="2" bw="1" slack="0"/>
<pin id="1494" dir="1" index="3" bw="47" slack="0"/>
</pin_list>
<bind>
<opcode="bitconcatenate(1004) " fcode="bitconcatenate"/>
<opset="lhs_V_2/5 "/>
</bind>
</comp>

<comp id="1497" class="1004" name="ret_V_2_fu_1497">
<pin_list>
<pin id="1498" dir="0" index="0" bw="47" slack="0"/>
<pin id="1499" dir="0" index="1" bw="47" slack="1"/>
<pin id="1500" dir="1" index="2" bw="47" slack="0"/>
</pin_list>
<bind>
<opcode="add(8) " fcode="add"/>
<opset="ret_V_2/5 "/>
</bind>
</comp>

<comp id="1502" class="1004" name="tmp_21_fu_1502">
<pin_list>
<pin id="1503" dir="0" index="0" bw="32" slack="0"/>
<pin id="1504" dir="0" index="1" bw="47" slack="0"/>
<pin id="1505" dir="0" index="2" bw="5" slack="0"/>
<pin id="1506" dir="0" index="3" bw="7" slack="0"/>
<pin id="1507" dir="1" index="4" bw="32" slack="0"/>
</pin_list>
<bind>
<opcode="partselect(1002) " fcode="partselect"/>
<opset="tmp_21/5 "/>
</bind>
</comp>

<comp id="1512" class="1004" name="lhs_V_3_fu_1512">
<pin_list>
<pin id="1513" dir="0" index="0" bw="47" slack="0"/>
<pin id="1514" dir="0" index="1" bw="32" slack="0"/>
<pin id="1515" dir="0" index="2" bw="1" slack="0"/>
<pin id="1516" dir="1" index="3" bw="47" slack="0"/>
</pin_list>
<bind>
<opcode="bitconcatenate(1004) " fcode="bitconcatenate"/>
<opset="lhs_V_3/5 "/>
</bind>
</comp>

<comp id="1520" class="1004" name="ret_V_3_fu_1520">
<pin_list>
<pin id="1521" dir="0" index="0" bw="47" slack="0"/>
<pin id="1522" dir="0" index="1" bw="47" slack="1"/>
<pin id="1523" dir="1" index="2" bw="47" slack="0"/>
</pin_list>
<bind>
<opcode="add(8) " fcode="add"/>
<opset="ret_V_3/5 "/>
</bind>
</comp>

<comp id="1525" class="1004" name="tmp_23_fu_1525">
<pin_list>
<pin id="1526" dir="0" index="0" bw="32" slack="0"/>
<pin id="1527" dir="0" index="1" bw="47" slack="0"/>
<pin id="1528" dir="0" index="2" bw="5" slack="0"/>
<pin id="1529" dir="0" index="3" bw="7" slack="0"/>
<pin id="1530" dir="1" index="4" bw="32" slack="1"/>
</pin_list>
<bind>
<opcode="partselect(1002) " fcode="partselect"/>
<opset="tmp_23/5 "/>
</bind>
</comp>

<comp id="1535" class="1004" name="sext_ln1393_12_fu_1535">
<pin_list>
<pin id="1536" dir="0" index="0" bw="32" slack="4"/>
<pin id="1537" dir="1" index="1" bw="47" slack="0"/>
</pin_list>
<bind>
<opcode="sext(35) " fcode="sext"/>
<opset="sext_ln1393_12/5 "/>
</bind>
</comp>

<comp id="1538" class="1004" name="sext_ln1393_13_fu_1538">
<pin_list>
<pin id="1539" dir="0" index="0" bw="16" slack="1"/>
<pin id="1540" dir="1" index="1" bw="47" slack="0"/>
</pin_list>
<bind>
<opcode="sext(35) " fcode="sext"/>
<opset="sext_ln1393_13/5 "/>
</bind>
</comp>

<comp id="1541" class="1004" name="grp_fu_1541">
<pin_list>
<pin id="1542" dir="0" index="0" bw="32" slack="0"/>
<pin id="1543" dir="0" index="1" bw="16" slack="0"/>
<pin id="1544" dir="1" index="2" bw="47" slack="1"/>
</pin_list>
<bind>
<opcode="mul(12) " fcode="mul"/>
<opset="mul_ln1393_6/5 "/>
</bind>
</comp>

<comp id="1547" class="1004" name="sext_ln1393_14_fu_1547">
<pin_list>
<pin id="1548" dir="0" index="0" bw="32" slack="3"/>
<pin id="1549" dir="1" index="1" bw="47" slack="0"/>
</pin_list>
<bind>
<opcode="sext(35) " fcode="sext"/>
<opset="sext_ln1393_14/5 "/>
</bind>
</comp>

<comp id="1550" class="1004" name="sext_ln1393_15_fu_1550">
<pin_list>
<pin id="1551" dir="0" index="0" bw="16" slack="1"/>
<pin id="1552" dir="1" index="1" bw="47" slack="0"/>
</pin_list>
<bind>
<opcode="sext(35) " fcode="sext"/>
<opset="sext_ln1393_15/5 "/>
</bind>
</comp>

<comp id="1553" class="1004" name="grp_fu_1553">
<pin_list>
<pin id="1554" dir="0" index="0" bw="32" slack="0"/>
<pin id="1555" dir="0" index="1" bw="16" slack="0"/>
<pin id="1556" dir="1" index="2" bw="47" slack="1"/>
</pin_list>
<bind>
<opcode="mul(12) " fcode="mul"/>
<opset="mul_ln1393_7/5 "/>
</bind>
</comp>

<comp id="1559" class="1004" name="tmp_30_fu_1559">
<pin_list>
<pin id="1560" dir="0" index="0" bw="16" slack="0"/>
<pin id="1561" dir="0" index="1" bw="13" slack="0"/>
<pin id="1562" dir="0" index="2" bw="9" slack="0"/>
<pin id="1563" dir="0" index="3" bw="2" slack="4"/>
<pin id="1564" dir="1" index="4" bw="16" slack="1"/>
</pin_list>
<bind>
<opcode="mux(1196) " fcode="mux"/>
<opset="tmp_30/5 "/>
</bind>
</comp>

<comp id="1568" class="1004" name="tmp_32_fu_1568">
<pin_list>
<pin id="1569" dir="0" index="0" bw="16" slack="0"/>
<pin id="1570" dir="0" index="1" bw="14" slack="0"/>
<pin id="1571" dir="0" index="2" bw="15" slack="0"/>
<pin id="1572" dir="0" index="3" bw="2" slack="4"/>
<pin id="1573" dir="1" index="4" bw="16" slack="1"/>
</pin_list>
<bind>
<opcode="mux(1196) " fcode="mux"/>
<opset="tmp_32/5 "/>
</bind>
</comp>

<comp id="1577" class="1004" name="lhs_V_4_fu_1577">
<pin_list>
<pin id="1578" dir="0" index="0" bw="47" slack="0"/>
<pin id="1579" dir="0" index="1" bw="32" slack="1"/>
<pin id="1580" dir="0" index="2" bw="1" slack="0"/>
<pin id="1581" dir="1" index="3" bw="47" slack="0"/>
</pin_list>
<bind>
<opcode="bitconcatenate(1004) " fcode="bitconcatenate"/>
<opset="lhs_V_4/6 "/>
</bind>
</comp>

<comp id="1584" class="1004" name="ret_V_4_fu_1584">
<pin_list>
<pin id="1585" dir="0" index="0" bw="47" slack="0"/>
<pin id="1586" dir="0" index="1" bw="47" slack="1"/>
<pin id="1587" dir="1" index="2" bw="47" slack="0"/>
</pin_list>
<bind>
<opcode="add(8) " fcode="add"/>
<opset="ret_V_4/6 "/>
</bind>
</comp>

<comp id="1589" class="1004" name="tmp_25_fu_1589">
<pin_list>
<pin id="1590" dir="0" index="0" bw="32" slack="0"/>
<pin id="1591" dir="0" index="1" bw="47" slack="0"/>
<pin id="1592" dir="0" index="2" bw="5" slack="0"/>
<pin id="1593" dir="0" index="3" bw="7" slack="0"/>
<pin id="1594" dir="1" index="4" bw="32" slack="0"/>
</pin_list>
<bind>
<opcode="partselect(1002) " fcode="partselect"/>
<opset="tmp_25/6 "/>
</bind>
</comp>

<comp id="1599" class="1004" name="lhs_V_5_fu_1599">
<pin_list>
<pin id="1600" dir="0" index="0" bw="47" slack="0"/>
<pin id="1601" dir="0" index="1" bw="32" slack="0"/>
<pin id="1602" dir="0" index="2" bw="1" slack="0"/>
<pin id="1603" dir="1" index="3" bw="47" slack="0"/>
</pin_list>
<bind>
<opcode="bitconcatenate(1004) " fcode="bitconcatenate"/>
<opset="lhs_V_5/6 "/>
</bind>
</comp>

<comp id="1607" class="1004" name="ret_V_5_fu_1607">
<pin_list>
<pin id="1608" dir="0" index="0" bw="47" slack="0"/>
<pin id="1609" dir="0" index="1" bw="47" slack="1"/>
<pin id="1610" dir="1" index="2" bw="47" slack="0"/>
</pin_list>
<bind>
<opcode="add(8) " fcode="add"/>
<opset="ret_V_5/6 "/>
</bind>
</comp>

<comp id="1612" class="1004" name="tmp_27_fu_1612">
<pin_list>
<pin id="1613" dir="0" index="0" bw="32" slack="0"/>
<pin id="1614" dir="0" index="1" bw="47" slack="0"/>
<pin id="1615" dir="0" index="2" bw="5" slack="0"/>
<pin id="1616" dir="0" index="3" bw="7" slack="0"/>
<pin id="1617" dir="1" index="4" bw="32" slack="1"/>
</pin_list>
<bind>
<opcode="partselect(1002) " fcode="partselect"/>
<opset="tmp_27/6 "/>
</bind>
</comp>

<comp id="1622" class="1004" name="sext_ln1393_16_fu_1622">
<pin_list>
<pin id="1623" dir="0" index="0" bw="32" slack="4"/>
<pin id="1624" dir="1" index="1" bw="47" slack="0"/>
</pin_list>
<bind>
<opcode="sext(35) " fcode="sext"/>
<opset="sext_ln1393_16/6 "/>
</bind>
</comp>

<comp id="1625" class="1004" name="sext_ln1393_17_fu_1625">
<pin_list>
<pin id="1626" dir="0" index="0" bw="16" slack="1"/>
<pin id="1627" dir="1" index="1" bw="47" slack="0"/>
</pin_list>
<bind>
<opcode="sext(35) " fcode="sext"/>
<opset="sext_ln1393_17/6 "/>
</bind>
</comp>

<comp id="1628" class="1004" name="grp_fu_1628">
<pin_list>
<pin id="1629" dir="0" index="0" bw="32" slack="0"/>
<pin id="1630" dir="0" index="1" bw="16" slack="0"/>
<pin id="1631" dir="1" index="2" bw="47" slack="1"/>
</pin_list>
<bind>
<opcode="mul(12) " fcode="mul"/>
<opset="mul_ln1393_8/6 "/>
</bind>
</comp>

<comp id="1634" class="1004" name="sext_ln1393_18_fu_1634">
<pin_list>
<pin id="1635" dir="0" index="0" bw="32" slack="4"/>
<pin id="1636" dir="1" index="1" bw="47" slack="0"/>
</pin_list>
<bind>
<opcode="sext(35) " fcode="sext"/>
<opset="sext_ln1393_18/6 "/>
</bind>
</comp>

<comp id="1637" class="1004" name="sext_ln1393_19_fu_1637">
<pin_list>
<pin id="1638" dir="0" index="0" bw="16" slack="1"/>
<pin id="1639" dir="1" index="1" bw="47" slack="0"/>
</pin_list>
<bind>
<opcode="sext(35) " fcode="sext"/>
<opset="sext_ln1393_19/6 "/>
</bind>
</comp>

<comp id="1640" class="1004" name="grp_fu_1640">
<pin_list>
<pin id="1641" dir="0" index="0" bw="32" slack="0"/>
<pin id="1642" dir="0" index="1" bw="16" slack="0"/>
<pin id="1643" dir="1" index="2" bw="47" slack="1"/>
</pin_list>
<bind>
<opcode="mul(12) " fcode="mul"/>
<opset="mul_ln1393_9/6 "/>
</bind>
</comp>

<comp id="1646" class="1004" name="tmp_34_fu_1646">
<pin_list>
<pin id="1647" dir="0" index="0" bw="16" slack="0"/>
<pin id="1648" dir="0" index="1" bw="15" slack="0"/>
<pin id="1649" dir="0" index="2" bw="14" slack="0"/>
<pin id="1650" dir="0" index="3" bw="2" slack="5"/>
<pin id="1651" dir="1" index="4" bw="16" slack="1"/>
</pin_list>
<bind>
<opcode="mux(1196) " fcode="mux"/>
<opset="tmp_34/6 "/>
</bind>
</comp>

<comp id="1655" class="1004" name="tmp_36_fu_1655">
<pin_list>
<pin id="1656" dir="0" index="0" bw="16" slack="0"/>
<pin id="1657" dir="0" index="1" bw="9" slack="0"/>
<pin id="1658" dir="0" index="2" bw="13" slack="0"/>
<pin id="1659" dir="0" index="3" bw="2" slack="5"/>
<pin id="1660" dir="1" index="4" bw="16" slack="1"/>
</pin_list>
<bind>
<opcode="mux(1196) " fcode="mux"/>
<opset="tmp_36/6 "/>
</bind>
</comp>

<comp id="1664" class="1004" name="lhs_V_6_fu_1664">
<pin_list>
<pin id="1665" dir="0" index="0" bw="47" slack="0"/>
<pin id="1666" dir="0" index="1" bw="32" slack="1"/>
<pin id="1667" dir="0" index="2" bw="1" slack="0"/>
<pin id="1668" dir="1" index="3" bw="47" slack="0"/>
</pin_list>
<bind>
<opcode="bitconcatenate(1004) " fcode="bitconcatenate"/>
<opset="lhs_V_6/7 "/>
</bind>
</comp>

<comp id="1671" class="1004" name="ret_V_6_fu_1671">
<pin_list>
<pin id="1672" dir="0" index="0" bw="47" slack="0"/>
<pin id="1673" dir="0" index="1" bw="47" slack="1"/>
<pin id="1674" dir="1" index="2" bw="47" slack="0"/>
</pin_list>
<bind>
<opcode="add(8) " fcode="add"/>
<opset="ret_V_6/7 "/>
</bind>
</comp>

<comp id="1676" class="1004" name="tmp_29_fu_1676">
<pin_list>
<pin id="1677" dir="0" index="0" bw="32" slack="0"/>
<pin id="1678" dir="0" index="1" bw="47" slack="0"/>
<pin id="1679" dir="0" index="2" bw="5" slack="0"/>
<pin id="1680" dir="0" index="3" bw="7" slack="0"/>
<pin id="1681" dir="1" index="4" bw="32" slack="0"/>
</pin_list>
<bind>
<opcode="partselect(1002) " fcode="partselect"/>
<opset="tmp_29/7 "/>
</bind>
</comp>

<comp id="1686" class="1004" name="lhs_V_7_fu_1686">
<pin_list>
<pin id="1687" dir="0" index="0" bw="47" slack="0"/>
<pin id="1688" dir="0" index="1" bw="32" slack="0"/>
<pin id="1689" dir="0" index="2" bw="1" slack="0"/>
<pin id="1690" dir="1" index="3" bw="47" slack="0"/>
</pin_list>
<bind>
<opcode="bitconcatenate(1004) " fcode="bitconcatenate"/>
<opset="lhs_V_7/7 "/>
</bind>
</comp>

<comp id="1694" class="1004" name="ret_V_7_fu_1694">
<pin_list>
<pin id="1695" dir="0" index="0" bw="47" slack="0"/>
<pin id="1696" dir="0" index="1" bw="47" slack="1"/>
<pin id="1697" dir="1" index="2" bw="47" slack="0"/>
</pin_list>
<bind>
<opcode="add(8) " fcode="add"/>
<opset="ret_V_7/7 "/>
</bind>
</comp>

<comp id="1699" class="1004" name="tmp_31_fu_1699">
<pin_list>
<pin id="1700" dir="0" index="0" bw="32" slack="0"/>
<pin id="1701" dir="0" index="1" bw="47" slack="0"/>
<pin id="1702" dir="0" index="2" bw="5" slack="0"/>
<pin id="1703" dir="0" index="3" bw="7" slack="0"/>
<pin id="1704" dir="1" index="4" bw="32" slack="1"/>
</pin_list>
<bind>
<opcode="partselect(1002) " fcode="partselect"/>
<opset="tmp_31/7 "/>
</bind>
</comp>

<comp id="1709" class="1004" name="sext_ln1393_20_fu_1709">
<pin_list>
<pin id="1710" dir="0" index="0" bw="32" slack="5"/>
<pin id="1711" dir="1" index="1" bw="47" slack="0"/>
</pin_list>
<bind>
<opcode="sext(35) " fcode="sext"/>
<opset="sext_ln1393_20/7 "/>
</bind>
</comp>

<comp id="1712" class="1004" name="sext_ln1393_21_fu_1712">
<pin_list>
<pin id="1713" dir="0" index="0" bw="16" slack="1"/>
<pin id="1714" dir="1" index="1" bw="47" slack="0"/>
</pin_list>
<bind>
<opcode="sext(35) " fcode="sext"/>
<opset="sext_ln1393_21/7 "/>
</bind>
</comp>

<comp id="1715" class="1004" name="grp_fu_1715">
<pin_list>
<pin id="1716" dir="0" index="0" bw="32" slack="0"/>
<pin id="1717" dir="0" index="1" bw="16" slack="0"/>
<pin id="1718" dir="1" index="2" bw="47" slack="1"/>
</pin_list>
<bind>
<opcode="mul(12) " fcode="mul"/>
<opset="mul_ln1393_10/7 "/>
</bind>
</comp>

<comp id="1721" class="1004" name="sext_ln1393_22_fu_1721">
<pin_list>
<pin id="1722" dir="0" index="0" bw="32" slack="5"/>
<pin id="1723" dir="1" index="1" bw="47" slack="0"/>
</pin_list>
<bind>
<opcode="sext(35) " fcode="sext"/>
<opset="sext_ln1393_22/7 "/>
</bind>
</comp>

<comp id="1724" class="1004" name="sext_ln1393_23_fu_1724">
<pin_list>
<pin id="1725" dir="0" index="0" bw="16" slack="1"/>
<pin id="1726" dir="1" index="1" bw="47" slack="0"/>
</pin_list>
<bind>
<opcode="sext(35) " fcode="sext"/>
<opset="sext_ln1393_23/7 "/>
</bind>
</comp>

<comp id="1727" class="1004" name="grp_fu_1727">
<pin_list>
<pin id="1728" dir="0" index="0" bw="32" slack="0"/>
<pin id="1729" dir="0" index="1" bw="16" slack="0"/>
<pin id="1730" dir="1" index="2" bw="47" slack="1"/>
</pin_list>
<bind>
<opcode="mul(12) " fcode="mul"/>
<opset="mul_ln1393_11/7 "/>
</bind>
</comp>

<comp id="1733" class="1004" name="tmp_38_fu_1733">
<pin_list>
<pin id="1734" dir="0" index="0" bw="16" slack="0"/>
<pin id="1735" dir="0" index="1" bw="12" slack="0"/>
<pin id="1736" dir="0" index="2" bw="11" slack="0"/>
<pin id="1737" dir="0" index="3" bw="2" slack="6"/>
<pin id="1738" dir="1" index="4" bw="16" slack="1"/>
</pin_list>
<bind>
<opcode="mux(1196) " fcode="mux"/>
<opset="tmp_38/7 "/>
</bind>
</comp>

<comp id="1742" class="1004" name="tmp_40_fu_1742">
<pin_list>
<pin id="1743" dir="0" index="0" bw="16" slack="0"/>
<pin id="1744" dir="0" index="1" bw="12" slack="0"/>
<pin id="1745" dir="0" index="2" bw="8" slack="0"/>
<pin id="1746" dir="0" index="3" bw="2" slack="6"/>
<pin id="1747" dir="1" index="4" bw="16" slack="1"/>
</pin_list>
<bind>
<opcode="mux(1196) " fcode="mux"/>
<opset="tmp_40/7 "/>
</bind>
</comp>

<comp id="1751" class="1004" name="lhs_V_8_fu_1751">
<pin_list>
<pin id="1752" dir="0" index="0" bw="47" slack="0"/>
<pin id="1753" dir="0" index="1" bw="32" slack="1"/>
<pin id="1754" dir="0" index="2" bw="1" slack="0"/>
<pin id="1755" dir="1" index="3" bw="47" slack="0"/>
</pin_list>
<bind>
<opcode="bitconcatenate(1004) " fcode="bitconcatenate"/>
<opset="lhs_V_8/8 "/>
</bind>
</comp>

<comp id="1758" class="1004" name="ret_V_8_fu_1758">
<pin_list>
<pin id="1759" dir="0" index="0" bw="47" slack="0"/>
<pin id="1760" dir="0" index="1" bw="47" slack="1"/>
<pin id="1761" dir="1" index="2" bw="47" slack="0"/>
</pin_list>
<bind>
<opcode="add(8) " fcode="add"/>
<opset="ret_V_8/8 "/>
</bind>
</comp>

<comp id="1763" class="1004" name="tmp_33_fu_1763">
<pin_list>
<pin id="1764" dir="0" index="0" bw="32" slack="0"/>
<pin id="1765" dir="0" index="1" bw="47" slack="0"/>
<pin id="1766" dir="0" index="2" bw="5" slack="0"/>
<pin id="1767" dir="0" index="3" bw="7" slack="0"/>
<pin id="1768" dir="1" index="4" bw="32" slack="0"/>
</pin_list>
<bind>
<opcode="partselect(1002) " fcode="partselect"/>
<opset="tmp_33/8 "/>
</bind>
</comp>

<comp id="1773" class="1004" name="lhs_V_9_fu_1773">
<pin_list>
<pin id="1774" dir="0" index="0" bw="47" slack="0"/>
<pin id="1775" dir="0" index="1" bw="32" slack="0"/>
<pin id="1776" dir="0" index="2" bw="1" slack="0"/>
<pin id="1777" dir="1" index="3" bw="47" slack="0"/>
</pin_list>
<bind>
<opcode="bitconcatenate(1004) " fcode="bitconcatenate"/>
<opset="lhs_V_9/8 "/>
</bind>
</comp>

<comp id="1781" class="1004" name="ret_V_9_fu_1781">
<pin_list>
<pin id="1782" dir="0" index="0" bw="47" slack="0"/>
<pin id="1783" dir="0" index="1" bw="47" slack="1"/>
<pin id="1784" dir="1" index="2" bw="47" slack="0"/>
</pin_list>
<bind>
<opcode="add(8) " fcode="add"/>
<opset="ret_V_9/8 "/>
</bind>
</comp>

<comp id="1786" class="1004" name="tmp_35_fu_1786">
<pin_list>
<pin id="1787" dir="0" index="0" bw="32" slack="0"/>
<pin id="1788" dir="0" index="1" bw="47" slack="0"/>
<pin id="1789" dir="0" index="2" bw="5" slack="0"/>
<pin id="1790" dir="0" index="3" bw="7" slack="0"/>
<pin id="1791" dir="1" index="4" bw="32" slack="1"/>
</pin_list>
<bind>
<opcode="partselect(1002) " fcode="partselect"/>
<opset="tmp_35/8 "/>
</bind>
</comp>

<comp id="1796" class="1004" name="sext_ln1393_24_fu_1796">
<pin_list>
<pin id="1797" dir="0" index="0" bw="32" slack="6"/>
<pin id="1798" dir="1" index="1" bw="47" slack="0"/>
</pin_list>
<bind>
<opcode="sext(35) " fcode="sext"/>
<opset="sext_ln1393_24/8 "/>
</bind>
</comp>

<comp id="1799" class="1004" name="sext_ln1393_25_fu_1799">
<pin_list>
<pin id="1800" dir="0" index="0" bw="16" slack="1"/>
<pin id="1801" dir="1" index="1" bw="47" slack="0"/>
</pin_list>
<bind>
<opcode="sext(35) " fcode="sext"/>
<opset="sext_ln1393_25/8 "/>
</bind>
</comp>

<comp id="1802" class="1004" name="grp_fu_1802">
<pin_list>
<pin id="1803" dir="0" index="0" bw="32" slack="0"/>
<pin id="1804" dir="0" index="1" bw="16" slack="0"/>
<pin id="1805" dir="1" index="2" bw="47" slack="1"/>
</pin_list>
<bind>
<opcode="mul(12) " fcode="mul"/>
<opset="mul_ln1393_12/8 "/>
</bind>
</comp>

<comp id="1808" class="1004" name="sext_ln1393_26_fu_1808">
<pin_list>
<pin id="1809" dir="0" index="0" bw="32" slack="6"/>
<pin id="1810" dir="1" index="1" bw="47" slack="0"/>
</pin_list>
<bind>
<opcode="sext(35) " fcode="sext"/>
<opset="sext_ln1393_26/8 "/>
</bind>
</comp>

<comp id="1811" class="1004" name="sext_ln1393_27_fu_1811">
<pin_list>
<pin id="1812" dir="0" index="0" bw="16" slack="1"/>
<pin id="1813" dir="1" index="1" bw="47" slack="0"/>
</pin_list>
<bind>
<opcode="sext(35) " fcode="sext"/>
<opset="sext_ln1393_27/8 "/>
</bind>
</comp>

<comp id="1814" class="1004" name="grp_fu_1814">
<pin_list>
<pin id="1815" dir="0" index="0" bw="32" slack="0"/>
<pin id="1816" dir="0" index="1" bw="16" slack="0"/>
<pin id="1817" dir="1" index="2" bw="47" slack="1"/>
</pin_list>
<bind>
<opcode="mul(12) " fcode="mul"/>
<opset="mul_ln1393_13/8 "/>
</bind>
</comp>

<comp id="1820" class="1004" name="tmp_42_fu_1820">
<pin_list>
<pin id="1821" dir="0" index="0" bw="16" slack="0"/>
<pin id="1822" dir="0" index="1" bw="12" slack="0"/>
<pin id="1823" dir="0" index="2" bw="11" slack="0"/>
<pin id="1824" dir="0" index="3" bw="2" slack="7"/>
<pin id="1825" dir="1" index="4" bw="16" slack="1"/>
</pin_list>
<bind>
<opcode="mux(1196) " fcode="mux"/>
<opset="tmp_42/8 "/>
</bind>
</comp>

<comp id="1829" class="1004" name="tmp_44_fu_1829">
<pin_list>
<pin id="1830" dir="0" index="0" bw="16" slack="0"/>
<pin id="1831" dir="0" index="1" bw="10" slack="0"/>
<pin id="1832" dir="0" index="2" bw="11" slack="0"/>
<pin id="1833" dir="0" index="3" bw="2" slack="7"/>
<pin id="1834" dir="1" index="4" bw="16" slack="1"/>
</pin_list>
<bind>
<opcode="mux(1196) " fcode="mux"/>
<opset="tmp_44/8 "/>
</bind>
</comp>

<comp id="1838" class="1004" name="lhs_V_10_fu_1838">
<pin_list>
<pin id="1839" dir="0" index="0" bw="47" slack="0"/>
<pin id="1840" dir="0" index="1" bw="32" slack="1"/>
<pin id="1841" dir="0" index="2" bw="1" slack="0"/>
<pin id="1842" dir="1" index="3" bw="47" slack="0"/>
</pin_list>
<bind>
<opcode="bitconcatenate(1004) " fcode="bitconcatenate"/>
<opset="lhs_V_10/9 "/>
</bind>
</comp>

<comp id="1845" class="1004" name="ret_V_10_fu_1845">
<pin_list>
<pin id="1846" dir="0" index="0" bw="47" slack="0"/>
<pin id="1847" dir="0" index="1" bw="47" slack="1"/>
<pin id="1848" dir="1" index="2" bw="47" slack="0"/>
</pin_list>
<bind>
<opcode="add(8) " fcode="add"/>
<opset="ret_V_10/9 "/>
</bind>
</comp>

<comp id="1850" class="1004" name="tmp_37_fu_1850">
<pin_list>
<pin id="1851" dir="0" index="0" bw="32" slack="0"/>
<pin id="1852" dir="0" index="1" bw="47" slack="0"/>
<pin id="1853" dir="0" index="2" bw="5" slack="0"/>
<pin id="1854" dir="0" index="3" bw="7" slack="0"/>
<pin id="1855" dir="1" index="4" bw="32" slack="0"/>
</pin_list>
<bind>
<opcode="partselect(1002) " fcode="partselect"/>
<opset="tmp_37/9 "/>
</bind>
</comp>

<comp id="1860" class="1004" name="lhs_V_11_fu_1860">
<pin_list>
<pin id="1861" dir="0" index="0" bw="47" slack="0"/>
<pin id="1862" dir="0" index="1" bw="32" slack="0"/>
<pin id="1863" dir="0" index="2" bw="1" slack="0"/>
<pin id="1864" dir="1" index="3" bw="47" slack="0"/>
</pin_list>
<bind>
<opcode="bitconcatenate(1004) " fcode="bitconcatenate"/>
<opset="lhs_V_11/9 "/>
</bind>
</comp>

<comp id="1868" class="1004" name="ret_V_11_fu_1868">
<pin_list>
<pin id="1869" dir="0" index="0" bw="47" slack="0"/>
<pin id="1870" dir="0" index="1" bw="47" slack="1"/>
<pin id="1871" dir="1" index="2" bw="47" slack="0"/>
</pin_list>
<bind>
<opcode="add(8) " fcode="add"/>
<opset="ret_V_11/9 "/>
</bind>
</comp>

<comp id="1873" class="1004" name="tmp_39_fu_1873">
<pin_list>
<pin id="1874" dir="0" index="0" bw="32" slack="0"/>
<pin id="1875" dir="0" index="1" bw="47" slack="0"/>
<pin id="1876" dir="0" index="2" bw="5" slack="0"/>
<pin id="1877" dir="0" index="3" bw="7" slack="0"/>
<pin id="1878" dir="1" index="4" bw="32" slack="1"/>
</pin_list>
<bind>
<opcode="partselect(1002) " fcode="partselect"/>
<opset="tmp_39/9 "/>
</bind>
</comp>

<comp id="1883" class="1004" name="sext_ln1393_28_fu_1883">
<pin_list>
<pin id="1884" dir="0" index="0" bw="32" slack="7"/>
<pin id="1885" dir="1" index="1" bw="47" slack="0"/>
</pin_list>
<bind>
<opcode="sext(35) " fcode="sext"/>
<opset="sext_ln1393_28/9 "/>
</bind>
</comp>

<comp id="1886" class="1004" name="sext_ln1393_29_fu_1886">
<pin_list>
<pin id="1887" dir="0" index="0" bw="16" slack="1"/>
<pin id="1888" dir="1" index="1" bw="47" slack="0"/>
</pin_list>
<bind>
<opcode="sext(35) " fcode="sext"/>
<opset="sext_ln1393_29/9 "/>
</bind>
</comp>

<comp id="1889" class="1004" name="grp_fu_1889">
<pin_list>
<pin id="1890" dir="0" index="0" bw="32" slack="0"/>
<pin id="1891" dir="0" index="1" bw="16" slack="0"/>
<pin id="1892" dir="1" index="2" bw="47" slack="1"/>
</pin_list>
<bind>
<opcode="mul(12) " fcode="mul"/>
<opset="mul_ln1393_14/9 "/>
</bind>
</comp>

<comp id="1895" class="1004" name="sext_ln1393_30_fu_1895">
<pin_list>
<pin id="1896" dir="0" index="0" bw="32" slack="7"/>
<pin id="1897" dir="1" index="1" bw="47" slack="0"/>
</pin_list>
<bind>
<opcode="sext(35) " fcode="sext"/>
<opset="sext_ln1393_30/9 "/>
</bind>
</comp>

<comp id="1898" class="1004" name="sext_ln1393_31_fu_1898">
<pin_list>
<pin id="1899" dir="0" index="0" bw="16" slack="1"/>
<pin id="1900" dir="1" index="1" bw="47" slack="0"/>
</pin_list>
<bind>
<opcode="sext(35) " fcode="sext"/>
<opset="sext_ln1393_31/9 "/>
</bind>
</comp>

<comp id="1901" class="1004" name="grp_fu_1901">
<pin_list>
<pin id="1902" dir="0" index="0" bw="32" slack="0"/>
<pin id="1903" dir="0" index="1" bw="16" slack="0"/>
<pin id="1904" dir="1" index="2" bw="47" slack="1"/>
</pin_list>
<bind>
<opcode="mul(12) " fcode="mul"/>
<opset="mul_ln1393_15/9 "/>
</bind>
</comp>

<comp id="1907" class="1004" name="tmp_46_fu_1907">
<pin_list>
<pin id="1908" dir="0" index="0" bw="16" slack="0"/>
<pin id="1909" dir="0" index="1" bw="9" slack="0"/>
<pin id="1910" dir="0" index="2" bw="11" slack="0"/>
<pin id="1911" dir="0" index="3" bw="2" slack="8"/>
<pin id="1912" dir="1" index="4" bw="16" slack="1"/>
</pin_list>
<bind>
<opcode="mux(1196) " fcode="mux"/>
<opset="tmp_46/9 "/>
</bind>
</comp>

<comp id="1916" class="1004" name="tmp_48_fu_1916">
<pin_list>
<pin id="1917" dir="0" index="0" bw="16" slack="0"/>
<pin id="1918" dir="0" index="1" bw="10" slack="0"/>
<pin id="1919" dir="0" index="2" bw="9" slack="0"/>
<pin id="1920" dir="0" index="3" bw="2" slack="8"/>
<pin id="1921" dir="1" index="4" bw="16" slack="1"/>
</pin_list>
<bind>
<opcode="mux(1196) " fcode="mux"/>
<opset="tmp_48/9 "/>
</bind>
</comp>

<comp id="1925" class="1004" name="lhs_V_12_fu_1925">
<pin_list>
<pin id="1926" dir="0" index="0" bw="47" slack="0"/>
<pin id="1927" dir="0" index="1" bw="32" slack="1"/>
<pin id="1928" dir="0" index="2" bw="1" slack="0"/>
<pin id="1929" dir="1" index="3" bw="47" slack="0"/>
</pin_list>
<bind>
<opcode="bitconcatenate(1004) " fcode="bitconcatenate"/>
<opset="lhs_V_12/10 "/>
</bind>
</comp>

<comp id="1932" class="1004" name="ret_V_12_fu_1932">
<pin_list>
<pin id="1933" dir="0" index="0" bw="47" slack="0"/>
<pin id="1934" dir="0" index="1" bw="47" slack="1"/>
<pin id="1935" dir="1" index="2" bw="47" slack="0"/>
</pin_list>
<bind>
<opcode="add(8) " fcode="add"/>
<opset="ret_V_12/10 "/>
</bind>
</comp>

<comp id="1937" class="1004" name="tmp_41_fu_1937">
<pin_list>
<pin id="1938" dir="0" index="0" bw="32" slack="0"/>
<pin id="1939" dir="0" index="1" bw="47" slack="0"/>
<pin id="1940" dir="0" index="2" bw="5" slack="0"/>
<pin id="1941" dir="0" index="3" bw="7" slack="0"/>
<pin id="1942" dir="1" index="4" bw="32" slack="0"/>
</pin_list>
<bind>
<opcode="partselect(1002) " fcode="partselect"/>
<opset="tmp_41/10 "/>
</bind>
</comp>

<comp id="1947" class="1004" name="lhs_V_13_fu_1947">
<pin_list>
<pin id="1948" dir="0" index="0" bw="47" slack="0"/>
<pin id="1949" dir="0" index="1" bw="32" slack="0"/>
<pin id="1950" dir="0" index="2" bw="1" slack="0"/>
<pin id="1951" dir="1" index="3" bw="47" slack="0"/>
</pin_list>
<bind>
<opcode="bitconcatenate(1004) " fcode="bitconcatenate"/>
<opset="lhs_V_13/10 "/>
</bind>
</comp>

<comp id="1955" class="1004" name="ret_V_13_fu_1955">
<pin_list>
<pin id="1956" dir="0" index="0" bw="47" slack="0"/>
<pin id="1957" dir="0" index="1" bw="47" slack="1"/>
<pin id="1958" dir="1" index="2" bw="47" slack="0"/>
</pin_list>
<bind>
<opcode="add(8) " fcode="add"/>
<opset="ret_V_13/10 "/>
</bind>
</comp>

<comp id="1960" class="1004" name="tmp_43_fu_1960">
<pin_list>
<pin id="1961" dir="0" index="0" bw="32" slack="0"/>
<pin id="1962" dir="0" index="1" bw="47" slack="0"/>
<pin id="1963" dir="0" index="2" bw="5" slack="0"/>
<pin id="1964" dir="0" index="3" bw="7" slack="0"/>
<pin id="1965" dir="1" index="4" bw="32" slack="1"/>
</pin_list>
<bind>
<opcode="partselect(1002) " fcode="partselect"/>
<opset="tmp_43/10 "/>
</bind>
</comp>

<comp id="1970" class="1004" name="sext_ln1393_32_fu_1970">
<pin_list>
<pin id="1971" dir="0" index="0" bw="32" slack="8"/>
<pin id="1972" dir="1" index="1" bw="47" slack="0"/>
</pin_list>
<bind>
<opcode="sext(35) " fcode="sext"/>
<opset="sext_ln1393_32/10 "/>
</bind>
</comp>

<comp id="1973" class="1004" name="sext_ln1393_33_fu_1973">
<pin_list>
<pin id="1974" dir="0" index="0" bw="16" slack="1"/>
<pin id="1975" dir="1" index="1" bw="47" slack="0"/>
</pin_list>
<bind>
<opcode="sext(35) " fcode="sext"/>
<opset="sext_ln1393_33/10 "/>
</bind>
</comp>

<comp id="1976" class="1004" name="grp_fu_1976">
<pin_list>
<pin id="1977" dir="0" index="0" bw="32" slack="0"/>
<pin id="1978" dir="0" index="1" bw="16" slack="0"/>
<pin id="1979" dir="1" index="2" bw="47" slack="1"/>
</pin_list>
<bind>
<opcode="mul(12) " fcode="mul"/>
<opset="mul_ln1393_16/10 "/>
</bind>
</comp>

<comp id="1982" class="1004" name="sext_ln1393_34_fu_1982">
<pin_list>
<pin id="1983" dir="0" index="0" bw="32" slack="8"/>
<pin id="1984" dir="1" index="1" bw="47" slack="0"/>
</pin_list>
<bind>
<opcode="sext(35) " fcode="sext"/>
<opset="sext_ln1393_34/10 "/>
</bind>
</comp>

<comp id="1985" class="1004" name="sext_ln1393_35_fu_1985">
<pin_list>
<pin id="1986" dir="0" index="0" bw="16" slack="1"/>
<pin id="1987" dir="1" index="1" bw="47" slack="0"/>
</pin_list>
<bind>
<opcode="sext(35) " fcode="sext"/>
<opset="sext_ln1393_35/10 "/>
</bind>
</comp>

<comp id="1988" class="1004" name="grp_fu_1988">
<pin_list>
<pin id="1989" dir="0" index="0" bw="32" slack="0"/>
<pin id="1990" dir="0" index="1" bw="16" slack="0"/>
<pin id="1991" dir="1" index="2" bw="47" slack="1"/>
</pin_list>
<bind>
<opcode="mul(12) " fcode="mul"/>
<opset="mul_ln1393_17/10 "/>
</bind>
</comp>

<comp id="1994" class="1004" name="tmp_50_fu_1994">
<pin_list>
<pin id="1995" dir="0" index="0" bw="16" slack="0"/>
<pin id="1996" dir="0" index="1" bw="11" slack="0"/>
<pin id="1997" dir="0" index="2" bw="8" slack="0"/>
<pin id="1998" dir="0" index="3" bw="2" slack="9"/>
<pin id="1999" dir="1" index="4" bw="16" slack="1"/>
</pin_list>
<bind>
<opcode="mux(1196) " fcode="mux"/>
<opset="tmp_50/10 "/>
</bind>
</comp>

<comp id="2003" class="1004" name="tmp_52_fu_2003">
<pin_list>
<pin id="2004" dir="0" index="0" bw="16" slack="0"/>
<pin id="2005" dir="0" index="1" bw="10" slack="0"/>
<pin id="2006" dir="0" index="2" bw="10" slack="0"/>
<pin id="2007" dir="0" index="3" bw="2" slack="9"/>
<pin id="2008" dir="1" index="4" bw="16" slack="1"/>
</pin_list>
<bind>
<opcode="mux(1196) " fcode="mux"/>
<opset="tmp_52/10 "/>
</bind>
</comp>

<comp id="2012" class="1004" name="lhs_V_14_fu_2012">
<pin_list>
<pin id="2013" dir="0" index="0" bw="47" slack="0"/>
<pin id="2014" dir="0" index="1" bw="32" slack="1"/>
<pin id="2015" dir="0" index="2" bw="1" slack="0"/>
<pin id="2016" dir="1" index="3" bw="47" slack="0"/>
</pin_list>
<bind>
<opcode="bitconcatenate(1004) " fcode="bitconcatenate"/>
<opset="lhs_V_14/11 "/>
</bind>
</comp>

<comp id="2019" class="1004" name="ret_V_14_fu_2019">
<pin_list>
<pin id="2020" dir="0" index="0" bw="47" slack="0"/>
<pin id="2021" dir="0" index="1" bw="47" slack="1"/>
<pin id="2022" dir="1" index="2" bw="47" slack="0"/>
</pin_list>
<bind>
<opcode="add(8) " fcode="add"/>
<opset="ret_V_14/11 "/>
</bind>
</comp>

<comp id="2024" class="1004" name="tmp_45_fu_2024">
<pin_list>
<pin id="2025" dir="0" index="0" bw="32" slack="0"/>
<pin id="2026" dir="0" index="1" bw="47" slack="0"/>
<pin id="2027" dir="0" index="2" bw="5" slack="0"/>
<pin id="2028" dir="0" index="3" bw="7" slack="0"/>
<pin id="2029" dir="1" index="4" bw="32" slack="0"/>
</pin_list>
<bind>
<opcode="partselect(1002) " fcode="partselect"/>
<opset="tmp_45/11 "/>
</bind>
</comp>

<comp id="2034" class="1004" name="lhs_V_15_fu_2034">
<pin_list>
<pin id="2035" dir="0" index="0" bw="47" slack="0"/>
<pin id="2036" dir="0" index="1" bw="32" slack="0"/>
<pin id="2037" dir="0" index="2" bw="1" slack="0"/>
<pin id="2038" dir="1" index="3" bw="47" slack="0"/>
</pin_list>
<bind>
<opcode="bitconcatenate(1004) " fcode="bitconcatenate"/>
<opset="lhs_V_15/11 "/>
</bind>
</comp>

<comp id="2042" class="1004" name="ret_V_15_fu_2042">
<pin_list>
<pin id="2043" dir="0" index="0" bw="47" slack="0"/>
<pin id="2044" dir="0" index="1" bw="47" slack="1"/>
<pin id="2045" dir="1" index="2" bw="47" slack="0"/>
</pin_list>
<bind>
<opcode="add(8) " fcode="add"/>
<opset="ret_V_15/11 "/>
</bind>
</comp>

<comp id="2047" class="1004" name="tmp_47_fu_2047">
<pin_list>
<pin id="2048" dir="0" index="0" bw="32" slack="0"/>
<pin id="2049" dir="0" index="1" bw="47" slack="0"/>
<pin id="2050" dir="0" index="2" bw="5" slack="0"/>
<pin id="2051" dir="0" index="3" bw="7" slack="0"/>
<pin id="2052" dir="1" index="4" bw="32" slack="1"/>
</pin_list>
<bind>
<opcode="partselect(1002) " fcode="partselect"/>
<opset="tmp_47/11 "/>
</bind>
</comp>

<comp id="2057" class="1004" name="sext_ln1393_36_fu_2057">
<pin_list>
<pin id="2058" dir="0" index="0" bw="32" slack="9"/>
<pin id="2059" dir="1" index="1" bw="47" slack="0"/>
</pin_list>
<bind>
<opcode="sext(35) " fcode="sext"/>
<opset="sext_ln1393_36/11 "/>
</bind>
</comp>

<comp id="2060" class="1004" name="sext_ln1393_37_fu_2060">
<pin_list>
<pin id="2061" dir="0" index="0" bw="16" slack="1"/>
<pin id="2062" dir="1" index="1" bw="47" slack="0"/>
</pin_list>
<bind>
<opcode="sext(35) " fcode="sext"/>
<opset="sext_ln1393_37/11 "/>
</bind>
</comp>

<comp id="2063" class="1004" name="grp_fu_2063">
<pin_list>
<pin id="2064" dir="0" index="0" bw="32" slack="0"/>
<pin id="2065" dir="0" index="1" bw="16" slack="0"/>
<pin id="2066" dir="1" index="2" bw="47" slack="1"/>
</pin_list>
<bind>
<opcode="mul(12) " fcode="mul"/>
<opset="mul_ln1393_18/11 "/>
</bind>
</comp>

<comp id="2069" class="1004" name="sext_ln1393_38_fu_2069">
<pin_list>
<pin id="2070" dir="0" index="0" bw="32" slack="9"/>
<pin id="2071" dir="1" index="1" bw="47" slack="0"/>
</pin_list>
<bind>
<opcode="sext(35) " fcode="sext"/>
<opset="sext_ln1393_38/11 "/>
</bind>
</comp>

<comp id="2072" class="1004" name="sext_ln1393_39_fu_2072">
<pin_list>
<pin id="2073" dir="0" index="0" bw="16" slack="1"/>
<pin id="2074" dir="1" index="1" bw="47" slack="0"/>
</pin_list>
<bind>
<opcode="sext(35) " fcode="sext"/>
<opset="sext_ln1393_39/11 "/>
</bind>
</comp>

<comp id="2075" class="1004" name="grp_fu_2075">
<pin_list>
<pin id="2076" dir="0" index="0" bw="32" slack="0"/>
<pin id="2077" dir="0" index="1" bw="16" slack="0"/>
<pin id="2078" dir="1" index="2" bw="47" slack="1"/>
</pin_list>
<bind>
<opcode="mul(12) " fcode="mul"/>
<opset="mul_ln1393_19/11 "/>
</bind>
</comp>

<comp id="2081" class="1004" name="p_ZZ22low_pass_filter_secondRN3hls6streamINS_4axisI8ap_fixedILi32ELi10EL9ap_q_mod_86_load_fu_2081">
<pin_list>
<pin id="2082" dir="0" index="0" bw="32" slack="0"/>
<pin id="2083" dir="1" index="1" bw="32" slack="0"/>
</pin_list>
<bind>
<opcode="load(27) " fcode="load"/>
<opset="p_ZZ22low_pass_filter_secondRN3hls6streamINS_4axisI8ap_fixedILi32ELi10EL9ap_q_mod_86/11 "/>
</bind>
</comp>

<comp id="2085" class="1004" name="p_ZZ22low_pass_filter_secondRN3hls6streamINS_4axisI8ap_fixedILi32ELi10EL9ap_q_mod_87_load_fu_2085">
<pin_list>
<pin id="2086" dir="0" index="0" bw="32" slack="0"/>
<pin id="2087" dir="1" index="1" bw="32" slack="0"/>
</pin_list>
<bind>
<opcode="load(27) " fcode="load"/>
<opset="p_ZZ22low_pass_filter_secondRN3hls6streamINS_4axisI8ap_fixedILi32ELi10EL9ap_q_mod_87/11 "/>
</bind>
</comp>

<comp id="2089" class="1004" name="r_V_21_fu_2089">
<pin_list>
<pin id="2090" dir="0" index="0" bw="32" slack="0"/>
<pin id="2091" dir="0" index="1" bw="32" slack="0"/>
<pin id="2092" dir="0" index="2" bw="32" slack="0"/>
<pin id="2093" dir="0" index="3" bw="2" slack="10"/>
<pin id="2094" dir="1" index="4" bw="32" slack="1"/>
</pin_list>
<bind>
<opcode="mux(1196) " fcode="mux"/>
<opset="r_V_21/11 "/>
</bind>
</comp>

<comp id="2098" class="1004" name="tmp_54_fu_2098">
<pin_list>
<pin id="2099" dir="0" index="0" bw="16" slack="0"/>
<pin id="2100" dir="0" index="1" bw="9" slack="0"/>
<pin id="2101" dir="0" index="2" bw="12" slack="0"/>
<pin id="2102" dir="0" index="3" bw="2" slack="10"/>
<pin id="2103" dir="1" index="4" bw="16" slack="1"/>
</pin_list>
<bind>
<opcode="mux(1196) " fcode="mux"/>
<opset="tmp_54/11 "/>
</bind>
</comp>

<comp id="2107" class="1004" name="lhs_V_16_fu_2107">
<pin_list>
<pin id="2108" dir="0" index="0" bw="47" slack="0"/>
<pin id="2109" dir="0" index="1" bw="32" slack="1"/>
<pin id="2110" dir="0" index="2" bw="1" slack="0"/>
<pin id="2111" dir="1" index="3" bw="47" slack="0"/>
</pin_list>
<bind>
<opcode="bitconcatenate(1004) " fcode="bitconcatenate"/>
<opset="lhs_V_16/12 "/>
</bind>
</comp>

<comp id="2114" class="1004" name="ret_V_16_fu_2114">
<pin_list>
<pin id="2115" dir="0" index="0" bw="47" slack="0"/>
<pin id="2116" dir="0" index="1" bw="47" slack="1"/>
<pin id="2117" dir="1" index="2" bw="47" slack="0"/>
</pin_list>
<bind>
<opcode="add(8) " fcode="add"/>
<opset="ret_V_16/12 "/>
</bind>
</comp>

<comp id="2119" class="1004" name="tmp_49_fu_2119">
<pin_list>
<pin id="2120" dir="0" index="0" bw="32" slack="0"/>
<pin id="2121" dir="0" index="1" bw="47" slack="0"/>
<pin id="2122" dir="0" index="2" bw="5" slack="0"/>
<pin id="2123" dir="0" index="3" bw="7" slack="0"/>
<pin id="2124" dir="1" index="4" bw="32" slack="0"/>
</pin_list>
<bind>
<opcode="partselect(1002) " fcode="partselect"/>
<opset="tmp_49/12 "/>
</bind>
</comp>

<comp id="2129" class="1004" name="lhs_V_17_fu_2129">
<pin_list>
<pin id="2130" dir="0" index="0" bw="47" slack="0"/>
<pin id="2131" dir="0" index="1" bw="32" slack="0"/>
<pin id="2132" dir="0" index="2" bw="1" slack="0"/>
<pin id="2133" dir="1" index="3" bw="47" slack="0"/>
</pin_list>
<bind>
<opcode="bitconcatenate(1004) " fcode="bitconcatenate"/>
<opset="lhs_V_17/12 "/>
</bind>
</comp>

<comp id="2137" class="1004" name="ret_V_17_fu_2137">
<pin_list>
<pin id="2138" dir="0" index="0" bw="47" slack="0"/>
<pin id="2139" dir="0" index="1" bw="47" slack="1"/>
<pin id="2140" dir="1" index="2" bw="47" slack="0"/>
</pin_list>
<bind>
<opcode="add(8) " fcode="add"/>
<opset="ret_V_17/12 "/>
</bind>
</comp>

<comp id="2142" class="1004" name="tmp_51_fu_2142">
<pin_list>
<pin id="2143" dir="0" index="0" bw="32" slack="0"/>
<pin id="2144" dir="0" index="1" bw="47" slack="0"/>
<pin id="2145" dir="0" index="2" bw="5" slack="0"/>
<pin id="2146" dir="0" index="3" bw="7" slack="0"/>
<pin id="2147" dir="1" index="4" bw="32" slack="1"/>
</pin_list>
<bind>
<opcode="partselect(1002) " fcode="partselect"/>
<opset="tmp_51/12 "/>
</bind>
</comp>

<comp id="2152" class="1004" name="sext_ln1393_40_fu_2152">
<pin_list>
<pin id="2153" dir="0" index="0" bw="32" slack="1"/>
<pin id="2154" dir="1" index="1" bw="47" slack="0"/>
</pin_list>
<bind>
<opcode="sext(35) " fcode="sext"/>
<opset="sext_ln1393_40/12 "/>
</bind>
</comp>

<comp id="2155" class="1004" name="sext_ln1393_41_fu_2155">
<pin_list>
<pin id="2156" dir="0" index="0" bw="16" slack="1"/>
<pin id="2157" dir="1" index="1" bw="47" slack="0"/>
</pin_list>
<bind>
<opcode="sext(35) " fcode="sext"/>
<opset="sext_ln1393_41/12 "/>
</bind>
</comp>

<comp id="2158" class="1004" name="grp_fu_2158">
<pin_list>
<pin id="2159" dir="0" index="0" bw="32" slack="0"/>
<pin id="2160" dir="0" index="1" bw="16" slack="0"/>
<pin id="2161" dir="1" index="2" bw="47" slack="1"/>
</pin_list>
<bind>
<opcode="mul(12) " fcode="mul"/>
<opset="mul_ln1393_20/12 "/>
</bind>
</comp>

<comp id="2164" class="1004" name="lhs_V_18_fu_2164">
<pin_list>
<pin id="2165" dir="0" index="0" bw="47" slack="0"/>
<pin id="2166" dir="0" index="1" bw="32" slack="1"/>
<pin id="2167" dir="0" index="2" bw="1" slack="0"/>
<pin id="2168" dir="1" index="3" bw="47" slack="0"/>
</pin_list>
<bind>
<opcode="bitconcatenate(1004) " fcode="bitconcatenate"/>
<opset="lhs_V_18/13 "/>
</bind>
</comp>

<comp id="2171" class="1004" name="ret_V_18_fu_2171">
<pin_list>
<pin id="2172" dir="0" index="0" bw="47" slack="0"/>
<pin id="2173" dir="0" index="1" bw="47" slack="1"/>
<pin id="2174" dir="1" index="2" bw="47" slack="0"/>
</pin_list>
<bind>
<opcode="add(8) " fcode="add"/>
<opset="ret_V_18/13 "/>
</bind>
</comp>

<comp id="2176" class="1004" name="tmp_53_fu_2176">
<pin_list>
<pin id="2177" dir="0" index="0" bw="32" slack="0"/>
<pin id="2178" dir="0" index="1" bw="47" slack="0"/>
<pin id="2179" dir="0" index="2" bw="5" slack="0"/>
<pin id="2180" dir="0" index="3" bw="7" slack="0"/>
<pin id="2181" dir="1" index="4" bw="32" slack="0"/>
</pin_list>
<bind>
<opcode="partselect(1002) " fcode="partselect"/>
<opset="tmp_53/13 "/>
</bind>
</comp>

<comp id="2186" class="1004" name="lhs_V_19_fu_2186">
<pin_list>
<pin id="2187" dir="0" index="0" bw="47" slack="0"/>
<pin id="2188" dir="0" index="1" bw="32" slack="0"/>
<pin id="2189" dir="0" index="2" bw="1" slack="0"/>
<pin id="2190" dir="1" index="3" bw="47" slack="0"/>
</pin_list>
<bind>
<opcode="bitconcatenate(1004) " fcode="bitconcatenate"/>
<opset="lhs_V_19/13 "/>
</bind>
</comp>

<comp id="2194" class="1004" name="ret_V_19_fu_2194">
<pin_list>
<pin id="2195" dir="0" index="0" bw="47" slack="0"/>
<pin id="2196" dir="0" index="1" bw="47" slack="1"/>
<pin id="2197" dir="1" index="2" bw="47" slack="0"/>
</pin_list>
<bind>
<opcode="add(8) " fcode="add"/>
<opset="ret_V_19/13 "/>
</bind>
</comp>

<comp id="2199" class="1004" name="tmp_55_fu_2199">
<pin_list>
<pin id="2200" dir="0" index="0" bw="32" slack="0"/>
<pin id="2201" dir="0" index="1" bw="47" slack="0"/>
<pin id="2202" dir="0" index="2" bw="5" slack="0"/>
<pin id="2203" dir="0" index="3" bw="7" slack="0"/>
<pin id="2204" dir="1" index="4" bw="32" slack="1"/>
</pin_list>
<bind>
<opcode="partselect(1002) " fcode="partselect"/>
<opset="tmp_55/13 "/>
</bind>
</comp>

<comp id="2209" class="1004" name="lhs_V_20_fu_2209">
<pin_list>
<pin id="2210" dir="0" index="0" bw="47" slack="0"/>
<pin id="2211" dir="0" index="1" bw="32" slack="1"/>
<pin id="2212" dir="0" index="2" bw="1" slack="0"/>
<pin id="2213" dir="1" index="3" bw="47" slack="0"/>
</pin_list>
<bind>
<opcode="bitconcatenate(1004) " fcode="bitconcatenate"/>
<opset="lhs_V_20/14 "/>
</bind>
</comp>

<comp id="2216" class="1004" name="ret_V_20_fu_2216">
<pin_list>
<pin id="2217" dir="0" index="0" bw="47" slack="0"/>
<pin id="2218" dir="0" index="1" bw="47" slack="1"/>
<pin id="2219" dir="1" index="2" bw="47" slack="0"/>
</pin_list>
<bind>
<opcode="add(8) " fcode="add"/>
<opset="ret_V_20/14 "/>
</bind>
</comp>

<comp id="2221" class="1004" name="sum_each_V_fu_2221">
<pin_list>
<pin id="2222" dir="0" index="0" bw="32" slack="0"/>
<pin id="2223" dir="0" index="1" bw="47" slack="0"/>
<pin id="2224" dir="0" index="2" bw="5" slack="0"/>
<pin id="2225" dir="0" index="3" bw="7" slack="0"/>
<pin id="2226" dir="1" index="4" bw="32" slack="0"/>
</pin_list>
<bind>
<opcode="partselect(1002) " fcode="partselect"/>
<opset="sum_each_V/14 "/>
</bind>
</comp>

<comp id="2231" class="1004" name="sum_V_load_load_fu_2231">
<pin_list>
<pin id="2232" dir="0" index="0" bw="32" slack="0"/>
<pin id="2233" dir="1" index="1" bw="32" slack="0"/>
</pin_list>
<bind>
<opcode="load(27) " fcode="load"/>
<opset="sum_V_load/14 "/>
</bind>
</comp>

<comp id="2235" class="1004" name="trunc_ln1_fu_2235">
<pin_list>
<pin id="2236" dir="0" index="0" bw="23" slack="0"/>
<pin id="2237" dir="0" index="1" bw="47" slack="0"/>
<pin id="2238" dir="0" index="2" bw="5" slack="0"/>
<pin id="2239" dir="0" index="3" bw="7" slack="0"/>
<pin id="2240" dir="1" index="4" bw="23" slack="0"/>
</pin_list>
<bind>
<opcode="partselect(1002) " fcode="partselect"/>
<opset="trunc_ln1/14 "/>
</bind>
</comp>

<comp id="2245" class="1004" name="trunc_ln859_fu_2245">
<pin_list>
<pin id="2246" dir="0" index="0" bw="32" slack="0"/>
<pin id="2247" dir="1" index="1" bw="23" slack="0"/>
</pin_list>
<bind>
<opcode="trunc(33) " fcode="trunc"/>
<opset="trunc_ln859/14 "/>
</bind>
</comp>

<comp id="2249" class="1004" name="add_ln859_fu_2249">
<pin_list>
<pin id="2250" dir="0" index="0" bw="32" slack="0"/>
<pin id="2251" dir="0" index="1" bw="32" slack="0"/>
<pin id="2252" dir="1" index="2" bw="32" slack="1"/>
</pin_list>
<bind>
<opcode="add(8) " fcode="add"/>
<opset="add_ln859/14 "/>
</bind>
</comp>

<comp id="2255" class="1004" name="add_ln1065_fu_2255">
<pin_list>
<pin id="2256" dir="0" index="0" bw="23" slack="0"/>
<pin id="2257" dir="0" index="1" bw="23" slack="0"/>
<pin id="2258" dir="1" index="2" bw="23" slack="0"/>
</pin_list>
<bind>
<opcode="add(8) " fcode="add"/>
<opset="add_ln1065/14 "/>
</bind>
</comp>

<comp id="2261" class="1004" name="icmp_ln1065_fu_2261">
<pin_list>
<pin id="2262" dir="0" index="0" bw="2" slack="2147483647"/>
<pin id="2263" dir="0" index="1" bw="1" slack="0"/>
<pin id="2264" dir="1" index="2" bw="1" slack="1"/>
</pin_list>
<bind>
<opcode="icmp(45) " fcode="icmp"/>
<opset="icmp_ln1065/14 "/>
</bind>
</comp>

<comp id="2266" class="1004" name="add_ln886_fu_2266">
<pin_list>
<pin id="2267" dir="0" index="0" bw="2" slack="2147483647"/>
<pin id="2268" dir="0" index="1" bw="1" slack="0"/>
<pin id="2269" dir="1" index="2" bw="2" slack="0"/>
</pin_list>
<bind>
<opcode="add(8) " fcode="add"/>
<opset="add_ln886/14 "/>
</bind>
</comp>

<comp id="2271" class="1004" name="store_ln886_store_fu_2271">
<pin_list>
<pin id="2272" dir="0" index="0" bw="2" slack="0"/>
<pin id="2273" dir="0" index="1" bw="2" slack="0"/>
<pin id="2274" dir="1" index="2" bw="0" slack="2147483647"/>
</pin_list>
<bind>
<opcode="store(28) " fcode="store"/>
<opset="store_ln886/14 "/>
</bind>
</comp>

<comp id="2277" class="1004" name="output_temp_data_V_fu_2277">
<pin_list>
<pin id="2278" dir="0" index="0" bw="16" slack="0"/>
<pin id="2279" dir="0" index="1" bw="23" slack="0"/>
<pin id="2280" dir="0" index="2" bw="4" slack="0"/>
<pin id="2281" dir="0" index="3" bw="6" slack="0"/>
<pin id="2282" dir="1" index="4" bw="16" slack="0"/>
</pin_list>
<bind>
<opcode="partselect(1002) " fcode="partselect"/>
<opset="output_temp_data_V/14 "/>
</bind>
</comp>

<comp id="2288" class="1004" name="store_ln54_store_fu_2288">
<pin_list>
<pin id="2289" dir="0" index="0" bw="1" slack="0"/>
<pin id="2290" dir="0" index="1" bw="2" slack="0"/>
<pin id="2291" dir="1" index="2" bw="0" slack="2147483647"/>
</pin_list>
<bind>
<opcode="store(28) " fcode="store"/>
<opset="store_ln54/15 "/>
</bind>
</comp>

<comp id="2294" class="1004" name="store_ln859_store_fu_2294">
<pin_list>
<pin id="2295" dir="0" index="0" bw="32" slack="0"/>
<pin id="2296" dir="0" index="1" bw="32" slack="0"/>
<pin id="2297" dir="1" index="2" bw="0" slack="2147483647"/>
</pin_list>
<bind>
<opcode="store(28) " fcode="store"/>
<opset="store_ln859/15 "/>
</bind>
</comp>

<comp id="2300" class="1005" name="tmp_data_V_1_reg_2300">
<pin_list>
<pin id="2301" dir="0" index="0" bw="32" slack="1"/>
<pin id="2302" dir="1" index="1" bw="32" slack="1"/>
</pin_list>
<bind>
<opset="tmp_data_V_1 "/>
</bind>
</comp>

<comp id="2305" class="1005" name="tmp_last_V_reg_2305">
<pin_list>
<pin id="2306" dir="0" index="0" bw="1" slack="13"/>
<pin id="2307" dir="1" index="1" bw="1" slack="13"/>
</pin_list>
<bind>
<opset="tmp_last_V "/>
</bind>
</comp>

<comp id="2313" class="1005" name="sext_ln39_reg_2313">
<pin_list>
<pin id="2314" dir="0" index="0" bw="33" slack="1"/>
<pin id="2315" dir="1" index="1" bw="33" slack="1"/>
</pin_list>
<bind>
<opset="sext_ln39 "/>
</bind>
</comp>

<comp id="2350" class="1005" name="p_ZZ22low_pass_filter_secondRN3hls6streamINS_4axisI8ap_fixedILi32ELi10EL9ap_q_mod_44_reg_2350">
<pin_list>
<pin id="2351" dir="0" index="0" bw="32" slack="1"/>
<pin id="2352" dir="1" index="1" bw="32" slack="1"/>
</pin_list>
<bind>
<opset="p_ZZ22low_pass_filter_secondRN3hls6streamINS_4axisI8ap_fixedILi32ELi10EL9ap_q_mod_44 "/>
</bind>
</comp>

<comp id="2355" class="1005" name="p_ZZ22low_pass_filter_secondRN3hls6streamINS_4axisI8ap_fixedILi32ELi10EL9ap_q_mod_45_reg_2355">
<pin_list>
<pin id="2356" dir="0" index="0" bw="32" slack="1"/>
<pin id="2357" dir="1" index="1" bw="32" slack="1"/>
</pin_list>
<bind>
<opset="p_ZZ22low_pass_filter_secondRN3hls6streamINS_4axisI8ap_fixedILi32ELi10EL9ap_q_mod_45 "/>
</bind>
</comp>

<comp id="2363" class="1005" name="p_ZZ22low_pass_filter_secondRN3hls6streamINS_4axisI8ap_fixedILi32ELi10EL9ap_q_mod_46_reg_2363">
<pin_list>
<pin id="2364" dir="0" index="0" bw="32" slack="1"/>
<pin id="2365" dir="1" index="1" bw="32" slack="1"/>
</pin_list>
<bind>
<opset="p_ZZ22low_pass_filter_secondRN3hls6streamINS_4axisI8ap_fixedILi32ELi10EL9ap_q_mod_46 "/>
</bind>
</comp>

<comp id="2368" class="1005" name="p_ZZ22low_pass_filter_secondRN3hls6streamINS_4axisI8ap_fixedILi32ELi10EL9ap_q_mod_47_reg_2368">
<pin_list>
<pin id="2369" dir="0" index="0" bw="32" slack="1"/>
<pin id="2370" dir="1" index="1" bw="32" slack="1"/>
</pin_list>
<bind>
<opset="p_ZZ22low_pass_filter_secondRN3hls6streamINS_4axisI8ap_fixedILi32ELi10EL9ap_q_mod_47 "/>
</bind>
</comp>

<comp id="2373" class="1005" name="p_ZZ22low_pass_filter_secondRN3hls6streamINS_4axisI8ap_fixedILi32ELi10EL9ap_q_mod_48_reg_2373">
<pin_list>
<pin id="2374" dir="0" index="0" bw="32" slack="1"/>
<pin id="2375" dir="1" index="1" bw="32" slack="1"/>
</pin_list>
<bind>
<opset="p_ZZ22low_pass_filter_secondRN3hls6streamINS_4axisI8ap_fixedILi32ELi10EL9ap_q_mod_48 "/>
</bind>
</comp>

<comp id="2378" class="1005" name="p_ZZ22low_pass_filter_secondRN3hls6streamINS_4axisI8ap_fixedILi32ELi10EL9ap_q_mod_49_reg_2378">
<pin_list>
<pin id="2379" dir="0" index="0" bw="32" slack="1"/>
<pin id="2380" dir="1" index="1" bw="32" slack="1"/>
</pin_list>
<bind>
<opset="p_ZZ22low_pass_filter_secondRN3hls6streamINS_4axisI8ap_fixedILi32ELi10EL9ap_q_mod_49 "/>
</bind>
</comp>

<comp id="2383" class="1005" name="p_ZZ22low_pass_filter_secondRN3hls6streamINS_4axisI8ap_fixedILi32ELi10EL9ap_q_mod_50_reg_2383">
<pin_list>
<pin id="2384" dir="0" index="0" bw="32" slack="1"/>
<pin id="2385" dir="1" index="1" bw="32" slack="1"/>
</pin_list>
<bind>
<opset="p_ZZ22low_pass_filter_secondRN3hls6streamINS_4axisI8ap_fixedILi32ELi10EL9ap_q_mod_50 "/>
</bind>
</comp>

<comp id="2388" class="1005" name="p_ZZ22low_pass_filter_secondRN3hls6streamINS_4axisI8ap_fixedILi32ELi10EL9ap_q_mod_51_reg_2388">
<pin_list>
<pin id="2389" dir="0" index="0" bw="32" slack="1"/>
<pin id="2390" dir="1" index="1" bw="32" slack="1"/>
</pin_list>
<bind>
<opset="p_ZZ22low_pass_filter_secondRN3hls6streamINS_4axisI8ap_fixedILi32ELi10EL9ap_q_mod_51 "/>
</bind>
</comp>

<comp id="2393" class="1005" name="p_ZZ22low_pass_filter_secondRN3hls6streamINS_4axisI8ap_fixedILi32ELi10EL9ap_q_mod_52_reg_2393">
<pin_list>
<pin id="2394" dir="0" index="0" bw="32" slack="1"/>
<pin id="2395" dir="1" index="1" bw="32" slack="1"/>
</pin_list>
<bind>
<opset="p_ZZ22low_pass_filter_secondRN3hls6streamINS_4axisI8ap_fixedILi32ELi10EL9ap_q_mod_52 "/>
</bind>
</comp>

<comp id="2398" class="1005" name="p_ZZ22low_pass_filter_secondRN3hls6streamINS_4axisI8ap_fixedILi32ELi10EL9ap_q_mod_53_reg_2398">
<pin_list>
<pin id="2399" dir="0" index="0" bw="32" slack="1"/>
<pin id="2400" dir="1" index="1" bw="32" slack="1"/>
</pin_list>
<bind>
<opset="p_ZZ22low_pass_filter_secondRN3hls6streamINS_4axisI8ap_fixedILi32ELi10EL9ap_q_mod_53 "/>
</bind>
</comp>

<comp id="2403" class="1005" name="p_ZZ22low_pass_filter_secondRN3hls6streamINS_4axisI8ap_fixedILi32ELi10EL9ap_q_mod_54_reg_2403">
<pin_list>
<pin id="2404" dir="0" index="0" bw="32" slack="1"/>
<pin id="2405" dir="1" index="1" bw="32" slack="1"/>
</pin_list>
<bind>
<opset="p_ZZ22low_pass_filter_secondRN3hls6streamINS_4axisI8ap_fixedILi32ELi10EL9ap_q_mod_54 "/>
</bind>
</comp>

<comp id="2408" class="1005" name="p_ZZ22low_pass_filter_secondRN3hls6streamINS_4axisI8ap_fixedILi32ELi10EL9ap_q_mod_55_reg_2408">
<pin_list>
<pin id="2409" dir="0" index="0" bw="32" slack="1"/>
<pin id="2410" dir="1" index="1" bw="32" slack="1"/>
</pin_list>
<bind>
<opset="p_ZZ22low_pass_filter_secondRN3hls6streamINS_4axisI8ap_fixedILi32ELi10EL9ap_q_mod_55 "/>
</bind>
</comp>

<comp id="2413" class="1005" name="p_ZZ22low_pass_filter_secondRN3hls6streamINS_4axisI8ap_fixedILi32ELi10EL9ap_q_mod_56_reg_2413">
<pin_list>
<pin id="2414" dir="0" index="0" bw="32" slack="1"/>
<pin id="2415" dir="1" index="1" bw="32" slack="1"/>
</pin_list>
<bind>
<opset="p_ZZ22low_pass_filter_secondRN3hls6streamINS_4axisI8ap_fixedILi32ELi10EL9ap_q_mod_56 "/>
</bind>
</comp>

<comp id="2418" class="1005" name="p_ZZ22low_pass_filter_secondRN3hls6streamINS_4axisI8ap_fixedILi32ELi10EL9ap_q_mod_57_reg_2418">
<pin_list>
<pin id="2419" dir="0" index="0" bw="32" slack="1"/>
<pin id="2420" dir="1" index="1" bw="32" slack="1"/>
</pin_list>
<bind>
<opset="p_ZZ22low_pass_filter_secondRN3hls6streamINS_4axisI8ap_fixedILi32ELi10EL9ap_q_mod_57 "/>
</bind>
</comp>

<comp id="2423" class="1005" name="p_ZZ22low_pass_filter_secondRN3hls6streamINS_4axisI8ap_fixedILi32ELi10EL9ap_q_mod_58_reg_2423">
<pin_list>
<pin id="2424" dir="0" index="0" bw="32" slack="1"/>
<pin id="2425" dir="1" index="1" bw="32" slack="1"/>
</pin_list>
<bind>
<opset="p_ZZ22low_pass_filter_secondRN3hls6streamINS_4axisI8ap_fixedILi32ELi10EL9ap_q_mod_58 "/>
</bind>
</comp>

<comp id="2428" class="1005" name="p_ZZ22low_pass_filter_secondRN3hls6streamINS_4axisI8ap_fixedILi32ELi10EL9ap_q_mod_59_reg_2428">
<pin_list>
<pin id="2429" dir="0" index="0" bw="32" slack="1"/>
<pin id="2430" dir="1" index="1" bw="32" slack="1"/>
</pin_list>
<bind>
<opset="p_ZZ22low_pass_filter_secondRN3hls6streamINS_4axisI8ap_fixedILi32ELi10EL9ap_q_mod_59 "/>
</bind>
</comp>

<comp id="2433" class="1005" name="p_ZZ22low_pass_filter_secondRN3hls6streamINS_4axisI8ap_fixedILi32ELi10EL9ap_q_mod_60_reg_2433">
<pin_list>
<pin id="2434" dir="0" index="0" bw="32" slack="1"/>
<pin id="2435" dir="1" index="1" bw="32" slack="1"/>
</pin_list>
<bind>
<opset="p_ZZ22low_pass_filter_secondRN3hls6streamINS_4axisI8ap_fixedILi32ELi10EL9ap_q_mod_60 "/>
</bind>
</comp>

<comp id="2438" class="1005" name="p_ZZ22low_pass_filter_secondRN3hls6streamINS_4axisI8ap_fixedILi32ELi10EL9ap_q_mod_61_reg_2438">
<pin_list>
<pin id="2439" dir="0" index="0" bw="32" slack="1"/>
<pin id="2440" dir="1" index="1" bw="32" slack="1"/>
</pin_list>
<bind>
<opset="p_ZZ22low_pass_filter_secondRN3hls6streamINS_4axisI8ap_fixedILi32ELi10EL9ap_q_mod_61 "/>
</bind>
</comp>

<comp id="2443" class="1005" name="p_ZZ22low_pass_filter_secondRN3hls6streamINS_4axisI8ap_fixedILi32ELi10EL9ap_q_mod_62_reg_2443">
<pin_list>
<pin id="2444" dir="0" index="0" bw="32" slack="1"/>
<pin id="2445" dir="1" index="1" bw="32" slack="1"/>
</pin_list>
<bind>
<opset="p_ZZ22low_pass_filter_secondRN3hls6streamINS_4axisI8ap_fixedILi32ELi10EL9ap_q_mod_62 "/>
</bind>
</comp>

<comp id="2448" class="1005" name="p_ZZ22low_pass_filter_secondRN3hls6streamINS_4axisI8ap_fixedILi32ELi10EL9ap_q_mod_63_reg_2448">
<pin_list>
<pin id="2449" dir="0" index="0" bw="32" slack="1"/>
<pin id="2450" dir="1" index="1" bw="32" slack="1"/>
</pin_list>
<bind>
<opset="p_ZZ22low_pass_filter_secondRN3hls6streamINS_4axisI8ap_fixedILi32ELi10EL9ap_q_mod_63 "/>
</bind>
</comp>

<comp id="2453" class="1005" name="p_ZZ22low_pass_filter_secondRN3hls6streamINS_4axisI8ap_fixedILi32ELi10EL9ap_q_mod_64_reg_2453">
<pin_list>
<pin id="2454" dir="0" index="0" bw="32" slack="1"/>
<pin id="2455" dir="1" index="1" bw="32" slack="1"/>
</pin_list>
<bind>
<opset="p_ZZ22low_pass_filter_secondRN3hls6streamINS_4axisI8ap_fixedILi32ELi10EL9ap_q_mod_64 "/>
</bind>
</comp>

<comp id="2458" class="1005" name="p_ZZ22low_pass_filter_secondRN3hls6streamINS_4axisI8ap_fixedILi32ELi10EL9ap_q_mod_65_reg_2458">
<pin_list>
<pin id="2459" dir="0" index="0" bw="32" slack="1"/>
<pin id="2460" dir="1" index="1" bw="32" slack="1"/>
</pin_list>
<bind>
<opset="p_ZZ22low_pass_filter_secondRN3hls6streamINS_4axisI8ap_fixedILi32ELi10EL9ap_q_mod_65 "/>
</bind>
</comp>

<comp id="2463" class="1005" name="p_ZZ22low_pass_filter_secondRN3hls6streamINS_4axisI8ap_fixedILi32ELi10EL9ap_q_mod_66_reg_2463">
<pin_list>
<pin id="2464" dir="0" index="0" bw="32" slack="1"/>
<pin id="2465" dir="1" index="1" bw="32" slack="1"/>
</pin_list>
<bind>
<opset="p_ZZ22low_pass_filter_secondRN3hls6streamINS_4axisI8ap_fixedILi32ELi10EL9ap_q_mod_66 "/>
</bind>
</comp>

<comp id="2468" class="1005" name="p_ZZ22low_pass_filter_secondRN3hls6streamINS_4axisI8ap_fixedILi32ELi10EL9ap_q_mod_67_reg_2468">
<pin_list>
<pin id="2469" dir="0" index="0" bw="32" slack="1"/>
<pin id="2470" dir="1" index="1" bw="32" slack="1"/>
</pin_list>
<bind>
<opset="p_ZZ22low_pass_filter_secondRN3hls6streamINS_4axisI8ap_fixedILi32ELi10EL9ap_q_mod_67 "/>
</bind>
</comp>

<comp id="2473" class="1005" name="p_ZZ22low_pass_filter_secondRN3hls6streamINS_4axisI8ap_fixedILi32ELi10EL9ap_q_mod_68_reg_2473">
<pin_list>
<pin id="2474" dir="0" index="0" bw="32" slack="1"/>
<pin id="2475" dir="1" index="1" bw="32" slack="1"/>
</pin_list>
<bind>
<opset="p_ZZ22low_pass_filter_secondRN3hls6streamINS_4axisI8ap_fixedILi32ELi10EL9ap_q_mod_68 "/>
</bind>
</comp>

<comp id="2478" class="1005" name="p_ZZ22low_pass_filter_secondRN3hls6streamINS_4axisI8ap_fixedILi32ELi10EL9ap_q_mod_69_reg_2478">
<pin_list>
<pin id="2479" dir="0" index="0" bw="32" slack="1"/>
<pin id="2480" dir="1" index="1" bw="32" slack="1"/>
</pin_list>
<bind>
<opset="p_ZZ22low_pass_filter_secondRN3hls6streamINS_4axisI8ap_fixedILi32ELi10EL9ap_q_mod_69 "/>
</bind>
</comp>

<comp id="2483" class="1005" name="tmp_1_reg_2483">
<pin_list>
<pin id="2484" dir="0" index="0" bw="32" slack="1"/>
<pin id="2485" dir="1" index="1" bw="32" slack="1"/>
</pin_list>
<bind>
<opset="tmp_1 "/>
</bind>
</comp>

<comp id="2489" class="1005" name="tmp_2_reg_2489">
<pin_list>
<pin id="2490" dir="0" index="0" bw="32" slack="1"/>
<pin id="2491" dir="1" index="1" bw="32" slack="1"/>
</pin_list>
<bind>
<opset="tmp_2 "/>
</bind>
</comp>

<comp id="2495" class="1005" name="tmp_3_reg_2495">
<pin_list>
<pin id="2496" dir="0" index="0" bw="32" slack="1"/>
<pin id="2497" dir="1" index="1" bw="32" slack="1"/>
</pin_list>
<bind>
<opset="tmp_3 "/>
</bind>
</comp>

<comp id="2501" class="1005" name="tmp_4_reg_2501">
<pin_list>
<pin id="2502" dir="0" index="0" bw="32" slack="1"/>
<pin id="2503" dir="1" index="1" bw="32" slack="1"/>
</pin_list>
<bind>
<opset="tmp_4 "/>
</bind>
</comp>

<comp id="2507" class="1005" name="tmp_5_reg_2507">
<pin_list>
<pin id="2508" dir="0" index="0" bw="32" slack="1"/>
<pin id="2509" dir="1" index="1" bw="32" slack="1"/>
</pin_list>
<bind>
<opset="tmp_5 "/>
</bind>
</comp>

<comp id="2513" class="1005" name="tmp_6_reg_2513">
<pin_list>
<pin id="2514" dir="0" index="0" bw="32" slack="1"/>
<pin id="2515" dir="1" index="1" bw="32" slack="1"/>
</pin_list>
<bind>
<opset="tmp_6 "/>
</bind>
</comp>

<comp id="2519" class="1005" name="tmp_7_reg_2519">
<pin_list>
<pin id="2520" dir="0" index="0" bw="32" slack="1"/>
<pin id="2521" dir="1" index="1" bw="32" slack="1"/>
</pin_list>
<bind>
<opset="tmp_7 "/>
</bind>
</comp>

<comp id="2525" class="1005" name="tmp_8_reg_2525">
<pin_list>
<pin id="2526" dir="0" index="0" bw="32" slack="1"/>
<pin id="2527" dir="1" index="1" bw="32" slack="1"/>
</pin_list>
<bind>
<opset="tmp_8 "/>
</bind>
</comp>

<comp id="2531" class="1005" name="tmp_9_reg_2531">
<pin_list>
<pin id="2532" dir="0" index="0" bw="32" slack="1"/>
<pin id="2533" dir="1" index="1" bw="32" slack="1"/>
</pin_list>
<bind>
<opset="tmp_9 "/>
</bind>
</comp>

<comp id="2537" class="1005" name="tmp_s_reg_2537">
<pin_list>
<pin id="2538" dir="0" index="0" bw="32" slack="1"/>
<pin id="2539" dir="1" index="1" bw="32" slack="1"/>
</pin_list>
<bind>
<opset="tmp_s "/>
</bind>
</comp>

<comp id="2543" class="1005" name="tmp_10_reg_2543">
<pin_list>
<pin id="2544" dir="0" index="0" bw="32" slack="1"/>
<pin id="2545" dir="1" index="1" bw="32" slack="1"/>
</pin_list>
<bind>
<opset="tmp_10 "/>
</bind>
</comp>

<comp id="2549" class="1005" name="tmp_11_reg_2549">
<pin_list>
<pin id="2550" dir="0" index="0" bw="32" slack="1"/>
<pin id="2551" dir="1" index="1" bw="32" slack="1"/>
</pin_list>
<bind>
<opset="tmp_11 "/>
</bind>
</comp>

<comp id="2555" class="1005" name="tmp_12_reg_2555">
<pin_list>
<pin id="2556" dir="0" index="0" bw="32" slack="1"/>
<pin id="2557" dir="1" index="1" bw="32" slack="1"/>
</pin_list>
<bind>
<opset="tmp_12 "/>
</bind>
</comp>

<comp id="2561" class="1005" name="r_V_7_reg_2561">
<pin_list>
<pin id="2562" dir="0" index="0" bw="32" slack="4"/>
<pin id="2563" dir="1" index="1" bw="32" slack="4"/>
</pin_list>
<bind>
<opset="r_V_7 "/>
</bind>
</comp>

<comp id="2566" class="1005" name="r_V_6_reg_2566">
<pin_list>
<pin id="2567" dir="0" index="0" bw="32" slack="3"/>
<pin id="2568" dir="1" index="1" bw="32" slack="3"/>
</pin_list>
<bind>
<opset="r_V_6 "/>
</bind>
</comp>

<comp id="2571" class="1005" name="r_V_5_reg_2571">
<pin_list>
<pin id="2572" dir="0" index="0" bw="32" slack="3"/>
<pin id="2573" dir="1" index="1" bw="32" slack="3"/>
</pin_list>
<bind>
<opset="r_V_5 "/>
</bind>
</comp>

<comp id="2576" class="1005" name="r_V_4_reg_2576">
<pin_list>
<pin id="2577" dir="0" index="0" bw="32" slack="2"/>
<pin id="2578" dir="1" index="1" bw="32" slack="2"/>
</pin_list>
<bind>
<opset="r_V_4 "/>
</bind>
</comp>

<comp id="2581" class="1005" name="r_V_3_reg_2581">
<pin_list>
<pin id="2582" dir="0" index="0" bw="32" slack="2"/>
<pin id="2583" dir="1" index="1" bw="32" slack="2"/>
</pin_list>
<bind>
<opset="r_V_3 "/>
</bind>
</comp>

<comp id="2586" class="1005" name="r_V_2_reg_2586">
<pin_list>
<pin id="2587" dir="0" index="0" bw="32" slack="1"/>
<pin id="2588" dir="1" index="1" bw="32" slack="1"/>
</pin_list>
<bind>
<opset="r_V_2 "/>
</bind>
</comp>

<comp id="2591" class="1005" name="r_V_1_reg_2591">
<pin_list>
<pin id="2592" dir="0" index="0" bw="32" slack="1"/>
<pin id="2593" dir="1" index="1" bw="32" slack="1"/>
</pin_list>
<bind>
<opset="r_V_1 "/>
</bind>
</comp>

<comp id="2596" class="1005" name="tmp_13_reg_2596">
<pin_list>
<pin id="2597" dir="0" index="0" bw="16" slack="1"/>
<pin id="2598" dir="1" index="1" bw="16" slack="1"/>
</pin_list>
<bind>
<opset="tmp_13 "/>
</bind>
</comp>

<comp id="2601" class="1005" name="tmp_14_reg_2601">
<pin_list>
<pin id="2602" dir="0" index="0" bw="16" slack="1"/>
<pin id="2603" dir="1" index="1" bw="16" slack="1"/>
</pin_list>
<bind>
<opset="tmp_14 "/>
</bind>
</comp>

<comp id="2606" class="1005" name="tmp_16_reg_2606">
<pin_list>
<pin id="2607" dir="0" index="0" bw="16" slack="1"/>
<pin id="2608" dir="1" index="1" bw="16" slack="1"/>
</pin_list>
<bind>
<opset="tmp_16 "/>
</bind>
</comp>

<comp id="2611" class="1005" name="sext_ln1316_reg_2611">
<pin_list>
<pin id="2612" dir="0" index="0" bw="47" slack="1"/>
<pin id="2613" dir="1" index="1" bw="47" slack="1"/>
</pin_list>
<bind>
<opset="sext_ln1316 "/>
</bind>
</comp>

<comp id="2616" class="1005" name="sext_ln1316_1_reg_2616">
<pin_list>
<pin id="2617" dir="0" index="0" bw="47" slack="1"/>
<pin id="2618" dir="1" index="1" bw="47" slack="1"/>
</pin_list>
<bind>
<opset="sext_ln1316_1 "/>
</bind>
</comp>

<comp id="2621" class="1005" name="sext_ln1393_reg_2621">
<pin_list>
<pin id="2622" dir="0" index="0" bw="47" slack="1"/>
<pin id="2623" dir="1" index="1" bw="47" slack="1"/>
</pin_list>
<bind>
<opset="sext_ln1393 "/>
</bind>
</comp>

<comp id="2626" class="1005" name="sext_ln1393_1_reg_2626">
<pin_list>
<pin id="2627" dir="0" index="0" bw="47" slack="1"/>
<pin id="2628" dir="1" index="1" bw="47" slack="1"/>
</pin_list>
<bind>
<opset="sext_ln1393_1 "/>
</bind>
</comp>

<comp id="2631" class="1005" name="sext_ln1393_2_reg_2631">
<pin_list>
<pin id="2632" dir="0" index="0" bw="47" slack="1"/>
<pin id="2633" dir="1" index="1" bw="47" slack="1"/>
</pin_list>
<bind>
<opset="sext_ln1393_2 "/>
</bind>
</comp>

<comp id="2636" class="1005" name="sext_ln1393_3_reg_2636">
<pin_list>
<pin id="2637" dir="0" index="0" bw="47" slack="1"/>
<pin id="2638" dir="1" index="1" bw="47" slack="1"/>
</pin_list>
<bind>
<opset="sext_ln1393_3 "/>
</bind>
</comp>

<comp id="2641" class="1005" name="tmp_18_reg_2641">
<pin_list>
<pin id="2642" dir="0" index="0" bw="16" slack="1"/>
<pin id="2643" dir="1" index="1" bw="16" slack="1"/>
</pin_list>
<bind>
<opset="tmp_18 "/>
</bind>
</comp>

<comp id="2646" class="1005" name="tmp_20_reg_2646">
<pin_list>
<pin id="2647" dir="0" index="0" bw="16" slack="1"/>
<pin id="2648" dir="1" index="1" bw="16" slack="1"/>
</pin_list>
<bind>
<opset="tmp_20 "/>
</bind>
</comp>

<comp id="2651" class="1005" name="r_V_8_reg_2651">
<pin_list>
<pin id="2652" dir="0" index="0" bw="32" slack="3"/>
<pin id="2653" dir="1" index="1" bw="32" slack="3"/>
</pin_list>
<bind>
<opset="r_V_8 "/>
</bind>
</comp>

<comp id="2656" class="1005" name="r_V_9_reg_2656">
<pin_list>
<pin id="2657" dir="0" index="0" bw="32" slack="4"/>
<pin id="2658" dir="1" index="1" bw="32" slack="4"/>
</pin_list>
<bind>
<opset="r_V_9 "/>
</bind>
</comp>

<comp id="2661" class="1005" name="r_V_10_reg_2661">
<pin_list>
<pin id="2662" dir="0" index="0" bw="32" slack="4"/>
<pin id="2663" dir="1" index="1" bw="32" slack="4"/>
</pin_list>
<bind>
<opset="r_V_10 "/>
</bind>
</comp>

<comp id="2666" class="1005" name="r_V_11_reg_2666">
<pin_list>
<pin id="2667" dir="0" index="0" bw="32" slack="5"/>
<pin id="2668" dir="1" index="1" bw="32" slack="5"/>
</pin_list>
<bind>
<opset="r_V_11 "/>
</bind>
</comp>

<comp id="2671" class="1005" name="r_V_12_reg_2671">
<pin_list>
<pin id="2672" dir="0" index="0" bw="32" slack="5"/>
<pin id="2673" dir="1" index="1" bw="32" slack="5"/>
</pin_list>
<bind>
<opset="r_V_12 "/>
</bind>
</comp>

<comp id="2676" class="1005" name="r_V_13_reg_2676">
<pin_list>
<pin id="2677" dir="0" index="0" bw="32" slack="6"/>
<pin id="2678" dir="1" index="1" bw="32" slack="6"/>
</pin_list>
<bind>
<opset="r_V_13 "/>
</bind>
</comp>

<comp id="2681" class="1005" name="r_V_14_reg_2681">
<pin_list>
<pin id="2682" dir="0" index="0" bw="32" slack="6"/>
<pin id="2683" dir="1" index="1" bw="32" slack="6"/>
</pin_list>
<bind>
<opset="r_V_14 "/>
</bind>
</comp>

<comp id="2686" class="1005" name="r_V_15_reg_2686">
<pin_list>
<pin id="2687" dir="0" index="0" bw="32" slack="7"/>
<pin id="2688" dir="1" index="1" bw="32" slack="7"/>
</pin_list>
<bind>
<opset="r_V_15 "/>
</bind>
</comp>

<comp id="2691" class="1005" name="r_V_16_reg_2691">
<pin_list>
<pin id="2692" dir="0" index="0" bw="32" slack="7"/>
<pin id="2693" dir="1" index="1" bw="32" slack="7"/>
</pin_list>
<bind>
<opset="r_V_16 "/>
</bind>
</comp>

<comp id="2696" class="1005" name="r_V_17_reg_2696">
<pin_list>
<pin id="2697" dir="0" index="0" bw="32" slack="8"/>
<pin id="2698" dir="1" index="1" bw="32" slack="8"/>
</pin_list>
<bind>
<opset="r_V_17 "/>
</bind>
</comp>

<comp id="2701" class="1005" name="r_V_18_reg_2701">
<pin_list>
<pin id="2702" dir="0" index="0" bw="32" slack="8"/>
<pin id="2703" dir="1" index="1" bw="32" slack="8"/>
</pin_list>
<bind>
<opset="r_V_18 "/>
</bind>
</comp>

<comp id="2706" class="1005" name="r_V_19_reg_2706">
<pin_list>
<pin id="2707" dir="0" index="0" bw="32" slack="9"/>
<pin id="2708" dir="1" index="1" bw="32" slack="9"/>
</pin_list>
<bind>
<opset="r_V_19 "/>
</bind>
</comp>

<comp id="2711" class="1005" name="r_V_20_reg_2711">
<pin_list>
<pin id="2712" dir="0" index="0" bw="32" slack="9"/>
<pin id="2713" dir="1" index="1" bw="32" slack="9"/>
</pin_list>
<bind>
<opset="r_V_20 "/>
</bind>
</comp>

<comp id="2716" class="1005" name="mul_ln1393_reg_2716">
<pin_list>
<pin id="2717" dir="0" index="0" bw="47" slack="1"/>
<pin id="2718" dir="1" index="1" bw="47" slack="1"/>
</pin_list>
<bind>
<opset="mul_ln1393 "/>
</bind>
</comp>

<comp id="2721" class="1005" name="tmp_15_reg_2721">
<pin_list>
<pin id="2722" dir="0" index="0" bw="32" slack="1"/>
<pin id="2723" dir="1" index="1" bw="32" slack="1"/>
</pin_list>
<bind>
<opset="tmp_15 "/>
</bind>
</comp>

<comp id="2726" class="1005" name="mul_ln1393_1_reg_2726">
<pin_list>
<pin id="2727" dir="0" index="0" bw="47" slack="1"/>
<pin id="2728" dir="1" index="1" bw="47" slack="1"/>
</pin_list>
<bind>
<opset="mul_ln1393_1 "/>
</bind>
</comp>

<comp id="2731" class="1005" name="sext_ln1393_4_reg_2731">
<pin_list>
<pin id="2732" dir="0" index="0" bw="47" slack="1"/>
<pin id="2733" dir="1" index="1" bw="47" slack="1"/>
</pin_list>
<bind>
<opset="sext_ln1393_4 "/>
</bind>
</comp>

<comp id="2736" class="1005" name="sext_ln1393_5_reg_2736">
<pin_list>
<pin id="2737" dir="0" index="0" bw="47" slack="1"/>
<pin id="2738" dir="1" index="1" bw="47" slack="1"/>
</pin_list>
<bind>
<opset="sext_ln1393_5 "/>
</bind>
</comp>

<comp id="2741" class="1005" name="sext_ln1393_6_reg_2741">
<pin_list>
<pin id="2742" dir="0" index="0" bw="47" slack="1"/>
<pin id="2743" dir="1" index="1" bw="47" slack="1"/>
</pin_list>
<bind>
<opset="sext_ln1393_6 "/>
</bind>
</comp>

<comp id="2746" class="1005" name="sext_ln1393_7_reg_2746">
<pin_list>
<pin id="2747" dir="0" index="0" bw="47" slack="1"/>
<pin id="2748" dir="1" index="1" bw="47" slack="1"/>
</pin_list>
<bind>
<opset="sext_ln1393_7 "/>
</bind>
</comp>

<comp id="2751" class="1005" name="tmp_22_reg_2751">
<pin_list>
<pin id="2752" dir="0" index="0" bw="16" slack="1"/>
<pin id="2753" dir="1" index="1" bw="16" slack="1"/>
</pin_list>
<bind>
<opset="tmp_22 "/>
</bind>
</comp>

<comp id="2756" class="1005" name="tmp_24_reg_2756">
<pin_list>
<pin id="2757" dir="0" index="0" bw="16" slack="1"/>
<pin id="2758" dir="1" index="1" bw="16" slack="1"/>
</pin_list>
<bind>
<opset="tmp_24 "/>
</bind>
</comp>

<comp id="2761" class="1005" name="mul_ln1393_2_reg_2761">
<pin_list>
<pin id="2762" dir="0" index="0" bw="47" slack="1"/>
<pin id="2763" dir="1" index="1" bw="47" slack="1"/>
</pin_list>
<bind>
<opset="mul_ln1393_2 "/>
</bind>
</comp>

<comp id="2766" class="1005" name="tmp_19_reg_2766">
<pin_list>
<pin id="2767" dir="0" index="0" bw="32" slack="1"/>
<pin id="2768" dir="1" index="1" bw="32" slack="1"/>
</pin_list>
<bind>
<opset="tmp_19 "/>
</bind>
</comp>

<comp id="2771" class="1005" name="mul_ln1393_3_reg_2771">
<pin_list>
<pin id="2772" dir="0" index="0" bw="47" slack="1"/>
<pin id="2773" dir="1" index="1" bw="47" slack="1"/>
</pin_list>
<bind>
<opset="mul_ln1393_3 "/>
</bind>
</comp>

<comp id="2776" class="1005" name="sext_ln1393_8_reg_2776">
<pin_list>
<pin id="2777" dir="0" index="0" bw="47" slack="1"/>
<pin id="2778" dir="1" index="1" bw="47" slack="1"/>
</pin_list>
<bind>
<opset="sext_ln1393_8 "/>
</bind>
</comp>

<comp id="2781" class="1005" name="sext_ln1393_9_reg_2781">
<pin_list>
<pin id="2782" dir="0" index="0" bw="47" slack="1"/>
<pin id="2783" dir="1" index="1" bw="47" slack="1"/>
</pin_list>
<bind>
<opset="sext_ln1393_9 "/>
</bind>
</comp>

<comp id="2786" class="1005" name="sext_ln1393_10_reg_2786">
<pin_list>
<pin id="2787" dir="0" index="0" bw="47" slack="1"/>
<pin id="2788" dir="1" index="1" bw="47" slack="1"/>
</pin_list>
<bind>
<opset="sext_ln1393_10 "/>
</bind>
</comp>

<comp id="2791" class="1005" name="sext_ln1393_11_reg_2791">
<pin_list>
<pin id="2792" dir="0" index="0" bw="47" slack="1"/>
<pin id="2793" dir="1" index="1" bw="47" slack="1"/>
</pin_list>
<bind>
<opset="sext_ln1393_11 "/>
</bind>
</comp>

<comp id="2796" class="1005" name="tmp_26_reg_2796">
<pin_list>
<pin id="2797" dir="0" index="0" bw="16" slack="1"/>
<pin id="2798" dir="1" index="1" bw="16" slack="1"/>
</pin_list>
<bind>
<opset="tmp_26 "/>
</bind>
</comp>

<comp id="2801" class="1005" name="tmp_28_reg_2801">
<pin_list>
<pin id="2802" dir="0" index="0" bw="16" slack="1"/>
<pin id="2803" dir="1" index="1" bw="16" slack="1"/>
</pin_list>
<bind>
<opset="tmp_28 "/>
</bind>
</comp>

<comp id="2806" class="1005" name="mul_ln1393_4_reg_2806">
<pin_list>
<pin id="2807" dir="0" index="0" bw="47" slack="1"/>
<pin id="2808" dir="1" index="1" bw="47" slack="1"/>
</pin_list>
<bind>
<opset="mul_ln1393_4 "/>
</bind>
</comp>

<comp id="2811" class="1005" name="tmp_23_reg_2811">
<pin_list>
<pin id="2812" dir="0" index="0" bw="32" slack="1"/>
<pin id="2813" dir="1" index="1" bw="32" slack="1"/>
</pin_list>
<bind>
<opset="tmp_23 "/>
</bind>
</comp>

<comp id="2816" class="1005" name="mul_ln1393_5_reg_2816">
<pin_list>
<pin id="2817" dir="0" index="0" bw="47" slack="1"/>
<pin id="2818" dir="1" index="1" bw="47" slack="1"/>
</pin_list>
<bind>
<opset="mul_ln1393_5 "/>
</bind>
</comp>

<comp id="2821" class="1005" name="sext_ln1393_12_reg_2821">
<pin_list>
<pin id="2822" dir="0" index="0" bw="47" slack="1"/>
<pin id="2823" dir="1" index="1" bw="47" slack="1"/>
</pin_list>
<bind>
<opset="sext_ln1393_12 "/>
</bind>
</comp>

<comp id="2826" class="1005" name="sext_ln1393_13_reg_2826">
<pin_list>
<pin id="2827" dir="0" index="0" bw="47" slack="1"/>
<pin id="2828" dir="1" index="1" bw="47" slack="1"/>
</pin_list>
<bind>
<opset="sext_ln1393_13 "/>
</bind>
</comp>

<comp id="2831" class="1005" name="sext_ln1393_14_reg_2831">
<pin_list>
<pin id="2832" dir="0" index="0" bw="47" slack="1"/>
<pin id="2833" dir="1" index="1" bw="47" slack="1"/>
</pin_list>
<bind>
<opset="sext_ln1393_14 "/>
</bind>
</comp>

<comp id="2836" class="1005" name="sext_ln1393_15_reg_2836">
<pin_list>
<pin id="2837" dir="0" index="0" bw="47" slack="1"/>
<pin id="2838" dir="1" index="1" bw="47" slack="1"/>
</pin_list>
<bind>
<opset="sext_ln1393_15 "/>
</bind>
</comp>

<comp id="2841" class="1005" name="tmp_30_reg_2841">
<pin_list>
<pin id="2842" dir="0" index="0" bw="16" slack="1"/>
<pin id="2843" dir="1" index="1" bw="16" slack="1"/>
</pin_list>
<bind>
<opset="tmp_30 "/>
</bind>
</comp>

<comp id="2846" class="1005" name="tmp_32_reg_2846">
<pin_list>
<pin id="2847" dir="0" index="0" bw="16" slack="1"/>
<pin id="2848" dir="1" index="1" bw="16" slack="1"/>
</pin_list>
<bind>
<opset="tmp_32 "/>
</bind>
</comp>

<comp id="2851" class="1005" name="mul_ln1393_6_reg_2851">
<pin_list>
<pin id="2852" dir="0" index="0" bw="47" slack="1"/>
<pin id="2853" dir="1" index="1" bw="47" slack="1"/>
</pin_list>
<bind>
<opset="mul_ln1393_6 "/>
</bind>
</comp>

<comp id="2856" class="1005" name="tmp_27_reg_2856">
<pin_list>
<pin id="2857" dir="0" index="0" bw="32" slack="1"/>
<pin id="2858" dir="1" index="1" bw="32" slack="1"/>
</pin_list>
<bind>
<opset="tmp_27 "/>
</bind>
</comp>

<comp id="2861" class="1005" name="mul_ln1393_7_reg_2861">
<pin_list>
<pin id="2862" dir="0" index="0" bw="47" slack="1"/>
<pin id="2863" dir="1" index="1" bw="47" slack="1"/>
</pin_list>
<bind>
<opset="mul_ln1393_7 "/>
</bind>
</comp>

<comp id="2866" class="1005" name="sext_ln1393_16_reg_2866">
<pin_list>
<pin id="2867" dir="0" index="0" bw="47" slack="1"/>
<pin id="2868" dir="1" index="1" bw="47" slack="1"/>
</pin_list>
<bind>
<opset="sext_ln1393_16 "/>
</bind>
</comp>

<comp id="2871" class="1005" name="sext_ln1393_17_reg_2871">
<pin_list>
<pin id="2872" dir="0" index="0" bw="47" slack="1"/>
<pin id="2873" dir="1" index="1" bw="47" slack="1"/>
</pin_list>
<bind>
<opset="sext_ln1393_17 "/>
</bind>
</comp>

<comp id="2876" class="1005" name="sext_ln1393_18_reg_2876">
<pin_list>
<pin id="2877" dir="0" index="0" bw="47" slack="1"/>
<pin id="2878" dir="1" index="1" bw="47" slack="1"/>
</pin_list>
<bind>
<opset="sext_ln1393_18 "/>
</bind>
</comp>

<comp id="2881" class="1005" name="sext_ln1393_19_reg_2881">
<pin_list>
<pin id="2882" dir="0" index="0" bw="47" slack="1"/>
<pin id="2883" dir="1" index="1" bw="47" slack="1"/>
</pin_list>
<bind>
<opset="sext_ln1393_19 "/>
</bind>
</comp>

<comp id="2886" class="1005" name="tmp_34_reg_2886">
<pin_list>
<pin id="2887" dir="0" index="0" bw="16" slack="1"/>
<pin id="2888" dir="1" index="1" bw="16" slack="1"/>
</pin_list>
<bind>
<opset="tmp_34 "/>
</bind>
</comp>

<comp id="2891" class="1005" name="tmp_36_reg_2891">
<pin_list>
<pin id="2892" dir="0" index="0" bw="16" slack="1"/>
<pin id="2893" dir="1" index="1" bw="16" slack="1"/>
</pin_list>
<bind>
<opset="tmp_36 "/>
</bind>
</comp>

<comp id="2896" class="1005" name="mul_ln1393_8_reg_2896">
<pin_list>
<pin id="2897" dir="0" index="0" bw="47" slack="1"/>
<pin id="2898" dir="1" index="1" bw="47" slack="1"/>
</pin_list>
<bind>
<opset="mul_ln1393_8 "/>
</bind>
</comp>

<comp id="2901" class="1005" name="tmp_31_reg_2901">
<pin_list>
<pin id="2902" dir="0" index="0" bw="32" slack="1"/>
<pin id="2903" dir="1" index="1" bw="32" slack="1"/>
</pin_list>
<bind>
<opset="tmp_31 "/>
</bind>
</comp>

<comp id="2906" class="1005" name="mul_ln1393_9_reg_2906">
<pin_list>
<pin id="2907" dir="0" index="0" bw="47" slack="1"/>
<pin id="2908" dir="1" index="1" bw="47" slack="1"/>
</pin_list>
<bind>
<opset="mul_ln1393_9 "/>
</bind>
</comp>

<comp id="2911" class="1005" name="sext_ln1393_20_reg_2911">
<pin_list>
<pin id="2912" dir="0" index="0" bw="47" slack="1"/>
<pin id="2913" dir="1" index="1" bw="47" slack="1"/>
</pin_list>
<bind>
<opset="sext_ln1393_20 "/>
</bind>
</comp>

<comp id="2916" class="1005" name="sext_ln1393_21_reg_2916">
<pin_list>
<pin id="2917" dir="0" index="0" bw="47" slack="1"/>
<pin id="2918" dir="1" index="1" bw="47" slack="1"/>
</pin_list>
<bind>
<opset="sext_ln1393_21 "/>
</bind>
</comp>

<comp id="2921" class="1005" name="sext_ln1393_22_reg_2921">
<pin_list>
<pin id="2922" dir="0" index="0" bw="47" slack="1"/>
<pin id="2923" dir="1" index="1" bw="47" slack="1"/>
</pin_list>
<bind>
<opset="sext_ln1393_22 "/>
</bind>
</comp>

<comp id="2926" class="1005" name="sext_ln1393_23_reg_2926">
<pin_list>
<pin id="2927" dir="0" index="0" bw="47" slack="1"/>
<pin id="2928" dir="1" index="1" bw="47" slack="1"/>
</pin_list>
<bind>
<opset="sext_ln1393_23 "/>
</bind>
</comp>

<comp id="2931" class="1005" name="tmp_38_reg_2931">
<pin_list>
<pin id="2932" dir="0" index="0" bw="16" slack="1"/>
<pin id="2933" dir="1" index="1" bw="16" slack="1"/>
</pin_list>
<bind>
<opset="tmp_38 "/>
</bind>
</comp>

<comp id="2936" class="1005" name="tmp_40_reg_2936">
<pin_list>
<pin id="2937" dir="0" index="0" bw="16" slack="1"/>
<pin id="2938" dir="1" index="1" bw="16" slack="1"/>
</pin_list>
<bind>
<opset="tmp_40 "/>
</bind>
</comp>

<comp id="2941" class="1005" name="mul_ln1393_10_reg_2941">
<pin_list>
<pin id="2942" dir="0" index="0" bw="47" slack="1"/>
<pin id="2943" dir="1" index="1" bw="47" slack="1"/>
</pin_list>
<bind>
<opset="mul_ln1393_10 "/>
</bind>
</comp>

<comp id="2946" class="1005" name="tmp_35_reg_2946">
<pin_list>
<pin id="2947" dir="0" index="0" bw="32" slack="1"/>
<pin id="2948" dir="1" index="1" bw="32" slack="1"/>
</pin_list>
<bind>
<opset="tmp_35 "/>
</bind>
</comp>

<comp id="2951" class="1005" name="mul_ln1393_11_reg_2951">
<pin_list>
<pin id="2952" dir="0" index="0" bw="47" slack="1"/>
<pin id="2953" dir="1" index="1" bw="47" slack="1"/>
</pin_list>
<bind>
<opset="mul_ln1393_11 "/>
</bind>
</comp>

<comp id="2956" class="1005" name="sext_ln1393_24_reg_2956">
<pin_list>
<pin id="2957" dir="0" index="0" bw="47" slack="1"/>
<pin id="2958" dir="1" index="1" bw="47" slack="1"/>
</pin_list>
<bind>
<opset="sext_ln1393_24 "/>
</bind>
</comp>

<comp id="2961" class="1005" name="sext_ln1393_25_reg_2961">
<pin_list>
<pin id="2962" dir="0" index="0" bw="47" slack="1"/>
<pin id="2963" dir="1" index="1" bw="47" slack="1"/>
</pin_list>
<bind>
<opset="sext_ln1393_25 "/>
</bind>
</comp>

<comp id="2966" class="1005" name="sext_ln1393_26_reg_2966">
<pin_list>
<pin id="2967" dir="0" index="0" bw="47" slack="1"/>
<pin id="2968" dir="1" index="1" bw="47" slack="1"/>
</pin_list>
<bind>
<opset="sext_ln1393_26 "/>
</bind>
</comp>

<comp id="2971" class="1005" name="sext_ln1393_27_reg_2971">
<pin_list>
<pin id="2972" dir="0" index="0" bw="47" slack="1"/>
<pin id="2973" dir="1" index="1" bw="47" slack="1"/>
</pin_list>
<bind>
<opset="sext_ln1393_27 "/>
</bind>
</comp>

<comp id="2976" class="1005" name="tmp_42_reg_2976">
<pin_list>
<pin id="2977" dir="0" index="0" bw="16" slack="1"/>
<pin id="2978" dir="1" index="1" bw="16" slack="1"/>
</pin_list>
<bind>
<opset="tmp_42 "/>
</bind>
</comp>

<comp id="2981" class="1005" name="tmp_44_reg_2981">
<pin_list>
<pin id="2982" dir="0" index="0" bw="16" slack="1"/>
<pin id="2983" dir="1" index="1" bw="16" slack="1"/>
</pin_list>
<bind>
<opset="tmp_44 "/>
</bind>
</comp>

<comp id="2986" class="1005" name="mul_ln1393_12_reg_2986">
<pin_list>
<pin id="2987" dir="0" index="0" bw="47" slack="1"/>
<pin id="2988" dir="1" index="1" bw="47" slack="1"/>
</pin_list>
<bind>
<opset="mul_ln1393_12 "/>
</bind>
</comp>

<comp id="2991" class="1005" name="tmp_39_reg_2991">
<pin_list>
<pin id="2992" dir="0" index="0" bw="32" slack="1"/>
<pin id="2993" dir="1" index="1" bw="32" slack="1"/>
</pin_list>
<bind>
<opset="tmp_39 "/>
</bind>
</comp>

<comp id="2996" class="1005" name="mul_ln1393_13_reg_2996">
<pin_list>
<pin id="2997" dir="0" index="0" bw="47" slack="1"/>
<pin id="2998" dir="1" index="1" bw="47" slack="1"/>
</pin_list>
<bind>
<opset="mul_ln1393_13 "/>
</bind>
</comp>

<comp id="3001" class="1005" name="sext_ln1393_28_reg_3001">
<pin_list>
<pin id="3002" dir="0" index="0" bw="47" slack="1"/>
<pin id="3003" dir="1" index="1" bw="47" slack="1"/>
</pin_list>
<bind>
<opset="sext_ln1393_28 "/>
</bind>
</comp>

<comp id="3006" class="1005" name="sext_ln1393_29_reg_3006">
<pin_list>
<pin id="3007" dir="0" index="0" bw="47" slack="1"/>
<pin id="3008" dir="1" index="1" bw="47" slack="1"/>
</pin_list>
<bind>
<opset="sext_ln1393_29 "/>
</bind>
</comp>

<comp id="3011" class="1005" name="sext_ln1393_30_reg_3011">
<pin_list>
<pin id="3012" dir="0" index="0" bw="47" slack="1"/>
<pin id="3013" dir="1" index="1" bw="47" slack="1"/>
</pin_list>
<bind>
<opset="sext_ln1393_30 "/>
</bind>
</comp>

<comp id="3016" class="1005" name="sext_ln1393_31_reg_3016">
<pin_list>
<pin id="3017" dir="0" index="0" bw="47" slack="1"/>
<pin id="3018" dir="1" index="1" bw="47" slack="1"/>
</pin_list>
<bind>
<opset="sext_ln1393_31 "/>
</bind>
</comp>

<comp id="3021" class="1005" name="tmp_46_reg_3021">
<pin_list>
<pin id="3022" dir="0" index="0" bw="16" slack="1"/>
<pin id="3023" dir="1" index="1" bw="16" slack="1"/>
</pin_list>
<bind>
<opset="tmp_46 "/>
</bind>
</comp>

<comp id="3026" class="1005" name="tmp_48_reg_3026">
<pin_list>
<pin id="3027" dir="0" index="0" bw="16" slack="1"/>
<pin id="3028" dir="1" index="1" bw="16" slack="1"/>
</pin_list>
<bind>
<opset="tmp_48 "/>
</bind>
</comp>

<comp id="3031" class="1005" name="mul_ln1393_14_reg_3031">
<pin_list>
<pin id="3032" dir="0" index="0" bw="47" slack="1"/>
<pin id="3033" dir="1" index="1" bw="47" slack="1"/>
</pin_list>
<bind>
<opset="mul_ln1393_14 "/>
</bind>
</comp>

<comp id="3036" class="1005" name="tmp_43_reg_3036">
<pin_list>
<pin id="3037" dir="0" index="0" bw="32" slack="1"/>
<pin id="3038" dir="1" index="1" bw="32" slack="1"/>
</pin_list>
<bind>
<opset="tmp_43 "/>
</bind>
</comp>

<comp id="3041" class="1005" name="mul_ln1393_15_reg_3041">
<pin_list>
<pin id="3042" dir="0" index="0" bw="47" slack="1"/>
<pin id="3043" dir="1" index="1" bw="47" slack="1"/>
</pin_list>
<bind>
<opset="mul_ln1393_15 "/>
</bind>
</comp>

<comp id="3046" class="1005" name="sext_ln1393_32_reg_3046">
<pin_list>
<pin id="3047" dir="0" index="0" bw="47" slack="1"/>
<pin id="3048" dir="1" index="1" bw="47" slack="1"/>
</pin_list>
<bind>
<opset="sext_ln1393_32 "/>
</bind>
</comp>

<comp id="3051" class="1005" name="sext_ln1393_33_reg_3051">
<pin_list>
<pin id="3052" dir="0" index="0" bw="47" slack="1"/>
<pin id="3053" dir="1" index="1" bw="47" slack="1"/>
</pin_list>
<bind>
<opset="sext_ln1393_33 "/>
</bind>
</comp>

<comp id="3056" class="1005" name="sext_ln1393_34_reg_3056">
<pin_list>
<pin id="3057" dir="0" index="0" bw="47" slack="1"/>
<pin id="3058" dir="1" index="1" bw="47" slack="1"/>
</pin_list>
<bind>
<opset="sext_ln1393_34 "/>
</bind>
</comp>

<comp id="3061" class="1005" name="sext_ln1393_35_reg_3061">
<pin_list>
<pin id="3062" dir="0" index="0" bw="47" slack="1"/>
<pin id="3063" dir="1" index="1" bw="47" slack="1"/>
</pin_list>
<bind>
<opset="sext_ln1393_35 "/>
</bind>
</comp>

<comp id="3066" class="1005" name="tmp_50_reg_3066">
<pin_list>
<pin id="3067" dir="0" index="0" bw="16" slack="1"/>
<pin id="3068" dir="1" index="1" bw="16" slack="1"/>
</pin_list>
<bind>
<opset="tmp_50 "/>
</bind>
</comp>

<comp id="3071" class="1005" name="tmp_52_reg_3071">
<pin_list>
<pin id="3072" dir="0" index="0" bw="16" slack="1"/>
<pin id="3073" dir="1" index="1" bw="16" slack="1"/>
</pin_list>
<bind>
<opset="tmp_52 "/>
</bind>
</comp>

<comp id="3076" class="1005" name="mul_ln1393_16_reg_3076">
<pin_list>
<pin id="3077" dir="0" index="0" bw="47" slack="1"/>
<pin id="3078" dir="1" index="1" bw="47" slack="1"/>
</pin_list>
<bind>
<opset="mul_ln1393_16 "/>
</bind>
</comp>

<comp id="3081" class="1005" name="tmp_47_reg_3081">
<pin_list>
<pin id="3082" dir="0" index="0" bw="32" slack="1"/>
<pin id="3083" dir="1" index="1" bw="32" slack="1"/>
</pin_list>
<bind>
<opset="tmp_47 "/>
</bind>
</comp>

<comp id="3086" class="1005" name="mul_ln1393_17_reg_3086">
<pin_list>
<pin id="3087" dir="0" index="0" bw="47" slack="1"/>
<pin id="3088" dir="1" index="1" bw="47" slack="1"/>
</pin_list>
<bind>
<opset="mul_ln1393_17 "/>
</bind>
</comp>

<comp id="3091" class="1005" name="sext_ln1393_36_reg_3091">
<pin_list>
<pin id="3092" dir="0" index="0" bw="47" slack="1"/>
<pin id="3093" dir="1" index="1" bw="47" slack="1"/>
</pin_list>
<bind>
<opset="sext_ln1393_36 "/>
</bind>
</comp>

<comp id="3096" class="1005" name="sext_ln1393_37_reg_3096">
<pin_list>
<pin id="3097" dir="0" index="0" bw="47" slack="1"/>
<pin id="3098" dir="1" index="1" bw="47" slack="1"/>
</pin_list>
<bind>
<opset="sext_ln1393_37 "/>
</bind>
</comp>

<comp id="3101" class="1005" name="sext_ln1393_38_reg_3101">
<pin_list>
<pin id="3102" dir="0" index="0" bw="47" slack="1"/>
<pin id="3103" dir="1" index="1" bw="47" slack="1"/>
</pin_list>
<bind>
<opset="sext_ln1393_38 "/>
</bind>
</comp>

<comp id="3106" class="1005" name="sext_ln1393_39_reg_3106">
<pin_list>
<pin id="3107" dir="0" index="0" bw="47" slack="1"/>
<pin id="3108" dir="1" index="1" bw="47" slack="1"/>
</pin_list>
<bind>
<opset="sext_ln1393_39 "/>
</bind>
</comp>

<comp id="3111" class="1005" name="r_V_21_reg_3111">
<pin_list>
<pin id="3112" dir="0" index="0" bw="32" slack="1"/>
<pin id="3113" dir="1" index="1" bw="32" slack="1"/>
</pin_list>
<bind>
<opset="r_V_21 "/>
</bind>
</comp>

<comp id="3116" class="1005" name="tmp_54_reg_3116">
<pin_list>
<pin id="3117" dir="0" index="0" bw="16" slack="1"/>
<pin id="3118" dir="1" index="1" bw="16" slack="1"/>
</pin_list>
<bind>
<opset="tmp_54 "/>
</bind>
</comp>

<comp id="3121" class="1005" name="mul_ln1393_18_reg_3121">
<pin_list>
<pin id="3122" dir="0" index="0" bw="47" slack="1"/>
<pin id="3123" dir="1" index="1" bw="47" slack="1"/>
</pin_list>
<bind>
<opset="mul_ln1393_18 "/>
</bind>
</comp>

<comp id="3126" class="1005" name="tmp_51_reg_3126">
<pin_list>
<pin id="3127" dir="0" index="0" bw="32" slack="1"/>
<pin id="3128" dir="1" index="1" bw="32" slack="1"/>
</pin_list>
<bind>
<opset="tmp_51 "/>
</bind>
</comp>

<comp id="3131" class="1005" name="mul_ln1393_19_reg_3131">
<pin_list>
<pin id="3132" dir="0" index="0" bw="47" slack="1"/>
<pin id="3133" dir="1" index="1" bw="47" slack="1"/>
</pin_list>
<bind>
<opset="mul_ln1393_19 "/>
</bind>
</comp>

<comp id="3136" class="1005" name="sext_ln1393_40_reg_3136">
<pin_list>
<pin id="3137" dir="0" index="0" bw="47" slack="1"/>
<pin id="3138" dir="1" index="1" bw="47" slack="1"/>
</pin_list>
<bind>
<opset="sext_ln1393_40 "/>
</bind>
</comp>

<comp id="3141" class="1005" name="sext_ln1393_41_reg_3141">
<pin_list>
<pin id="3142" dir="0" index="0" bw="47" slack="1"/>
<pin id="3143" dir="1" index="1" bw="47" slack="1"/>
</pin_list>
<bind>
<opset="sext_ln1393_41 "/>
</bind>
</comp>

<comp id="3146" class="1005" name="mul_ln1393_20_reg_3146">
<pin_list>
<pin id="3147" dir="0" index="0" bw="47" slack="1"/>
<pin id="3148" dir="1" index="1" bw="47" slack="1"/>
</pin_list>
<bind>
<opset="mul_ln1393_20 "/>
</bind>
</comp>

<comp id="3151" class="1005" name="tmp_55_reg_3151">
<pin_list>
<pin id="3152" dir="0" index="0" bw="32" slack="1"/>
<pin id="3153" dir="1" index="1" bw="32" slack="1"/>
</pin_list>
<bind>
<opset="tmp_55 "/>
</bind>
</comp>

<comp id="3156" class="1005" name="add_ln859_reg_3156">
<pin_list>
<pin id="3157" dir="0" index="0" bw="32" slack="1"/>
<pin id="3158" dir="1" index="1" bw="32" slack="1"/>
</pin_list>
<bind>
<opset="add_ln859 "/>
</bind>
</comp>

<comp id="3161" class="1005" name="icmp_ln1065_reg_3161">
<pin_list>
<pin id="3162" dir="0" index="0" bw="1" slack="1"/>
<pin id="3163" dir="1" index="1" bw="1" slack="2147483647"/>
</pin_list>
<bind>
<opset="icmp_ln1065 "/>
</bind>
</comp>

<comp id="3165" class="1005" name="output_temp_data_V_reg_3165">
<pin_list>
<pin id="3166" dir="0" index="0" bw="16" slack="1"/>
<pin id="3167" dir="1" index="1" bw="16" slack="1"/>
</pin_list>
<bind>
<opset="output_temp_data_V "/>
</bind>
</comp>

</comp_list>

<net_list>
<net id="215"><net_src comp="130" pin="0"/><net_sink comp="208" pin=0"/></net>

<net id="216"><net_src comp="0" pin="0"/><net_sink comp="208" pin=1"/></net>

<net id="217"><net_src comp="2" pin="0"/><net_sink comp="208" pin=2"/></net>

<net id="218"><net_src comp="4" pin="0"/><net_sink comp="208" pin=3"/></net>

<net id="219"><net_src comp="6" pin="0"/><net_sink comp="208" pin=4"/></net>

<net id="231"><net_src comp="202" pin="0"/><net_sink comp="220" pin=0"/></net>

<net id="232"><net_src comp="8" pin="0"/><net_sink comp="220" pin=1"/></net>

<net id="233"><net_src comp="10" pin="0"/><net_sink comp="220" pin=2"/></net>

<net id="234"><net_src comp="12" pin="0"/><net_sink comp="220" pin=3"/></net>

<net id="235"><net_src comp="14" pin="0"/><net_sink comp="220" pin=4"/></net>

<net id="236"><net_src comp="204" pin="0"/><net_sink comp="220" pin=6"/></net>

<net id="237"><net_src comp="204" pin="0"/><net_sink comp="220" pin=7"/></net>

<net id="481"><net_src comp="114" pin="0"/><net_sink comp="475" pin=0"/></net>

<net id="485"><net_src comp="208" pin="5"/><net_sink comp="482" pin=0"/></net>

<net id="489"><net_src comp="208" pin="5"/><net_sink comp="486" pin=0"/></net>

<net id="493"><net_src comp="16" pin="0"/><net_sink comp="490" pin=0"/></net>

<net id="498"><net_src comp="132" pin="0"/><net_sink comp="494" pin=0"/></net>

<net id="499"><net_src comp="490" pin="1"/><net_sink comp="494" pin=1"/></net>

<net id="503"><net_src comp="494" pin="2"/><net_sink comp="500" pin=0"/></net>

<net id="507"><net_src comp="18" pin="0"/><net_sink comp="504" pin=0"/></net>

<net id="511"><net_src comp="20" pin="0"/><net_sink comp="508" pin=0"/></net>

<net id="518"><net_src comp="134" pin="0"/><net_sink comp="512" pin=0"/></net>

<net id="519"><net_src comp="504" pin="1"/><net_sink comp="512" pin=1"/></net>

<net id="520"><net_src comp="508" pin="1"/><net_sink comp="512" pin=2"/></net>

<net id="521"><net_src comp="500" pin="1"/><net_sink comp="512" pin=3"/></net>

<net id="525"><net_src comp="494" pin="2"/><net_sink comp="522" pin=0"/></net>

<net id="529"><net_src comp="22" pin="0"/><net_sink comp="526" pin=0"/></net>

<net id="533"><net_src comp="24" pin="0"/><net_sink comp="530" pin=0"/></net>

<net id="537"><net_src comp="26" pin="0"/><net_sink comp="534" pin=0"/></net>

<net id="541"><net_src comp="28" pin="0"/><net_sink comp="538" pin=0"/></net>

<net id="545"><net_src comp="30" pin="0"/><net_sink comp="542" pin=0"/></net>

<net id="549"><net_src comp="32" pin="0"/><net_sink comp="546" pin=0"/></net>

<net id="553"><net_src comp="34" pin="0"/><net_sink comp="550" pin=0"/></net>

<net id="557"><net_src comp="36" pin="0"/><net_sink comp="554" pin=0"/></net>

<net id="561"><net_src comp="38" pin="0"/><net_sink comp="558" pin=0"/></net>

<net id="565"><net_src comp="40" pin="0"/><net_sink comp="562" pin=0"/></net>

<net id="569"><net_src comp="42" pin="0"/><net_sink comp="566" pin=0"/></net>

<net id="573"><net_src comp="44" pin="0"/><net_sink comp="570" pin=0"/></net>

<net id="577"><net_src comp="46" pin="0"/><net_sink comp="574" pin=0"/></net>

<net id="581"><net_src comp="48" pin="0"/><net_sink comp="578" pin=0"/></net>

<net id="585"><net_src comp="50" pin="0"/><net_sink comp="582" pin=0"/></net>

<net id="589"><net_src comp="52" pin="0"/><net_sink comp="586" pin=0"/></net>

<net id="593"><net_src comp="54" pin="0"/><net_sink comp="590" pin=0"/></net>

<net id="597"><net_src comp="56" pin="0"/><net_sink comp="594" pin=0"/></net>

<net id="601"><net_src comp="58" pin="0"/><net_sink comp="598" pin=0"/></net>

<net id="605"><net_src comp="60" pin="0"/><net_sink comp="602" pin=0"/></net>

<net id="609"><net_src comp="62" pin="0"/><net_sink comp="606" pin=0"/></net>

<net id="613"><net_src comp="64" pin="0"/><net_sink comp="610" pin=0"/></net>

<net id="617"><net_src comp="66" pin="0"/><net_sink comp="614" pin=0"/></net>

<net id="621"><net_src comp="68" pin="0"/><net_sink comp="618" pin=0"/></net>

<net id="625"><net_src comp="70" pin="0"/><net_sink comp="622" pin=0"/></net>

<net id="629"><net_src comp="72" pin="0"/><net_sink comp="626" pin=0"/></net>

<net id="633"><net_src comp="74" pin="0"/><net_sink comp="630" pin=0"/></net>

<net id="637"><net_src comp="76" pin="0"/><net_sink comp="634" pin=0"/></net>

<net id="641"><net_src comp="78" pin="0"/><net_sink comp="638" pin=0"/></net>

<net id="645"><net_src comp="80" pin="0"/><net_sink comp="642" pin=0"/></net>

<net id="649"><net_src comp="82" pin="0"/><net_sink comp="646" pin=0"/></net>

<net id="653"><net_src comp="84" pin="0"/><net_sink comp="650" pin=0"/></net>

<net id="657"><net_src comp="86" pin="0"/><net_sink comp="654" pin=0"/></net>

<net id="661"><net_src comp="88" pin="0"/><net_sink comp="658" pin=0"/></net>

<net id="665"><net_src comp="90" pin="0"/><net_sink comp="662" pin=0"/></net>

<net id="669"><net_src comp="92" pin="0"/><net_sink comp="666" pin=0"/></net>

<net id="673"><net_src comp="94" pin="0"/><net_sink comp="670" pin=0"/></net>

<net id="677"><net_src comp="96" pin="0"/><net_sink comp="674" pin=0"/></net>

<net id="681"><net_src comp="98" pin="0"/><net_sink comp="678" pin=0"/></net>

<net id="685"><net_src comp="100" pin="0"/><net_sink comp="682" pin=0"/></net>

<net id="692"><net_src comp="134" pin="0"/><net_sink comp="686" pin=0"/></net>

<net id="693"><net_src comp="526" pin="1"/><net_sink comp="686" pin=1"/></net>

<net id="694"><net_src comp="530" pin="1"/><net_sink comp="686" pin=2"/></net>

<net id="695"><net_src comp="500" pin="1"/><net_sink comp="686" pin=3"/></net>

<net id="702"><net_src comp="134" pin="0"/><net_sink comp="696" pin=0"/></net>

<net id="703"><net_src comp="534" pin="1"/><net_sink comp="696" pin=1"/></net>

<net id="704"><net_src comp="538" pin="1"/><net_sink comp="696" pin=2"/></net>

<net id="705"><net_src comp="500" pin="1"/><net_sink comp="696" pin=3"/></net>

<net id="712"><net_src comp="134" pin="0"/><net_sink comp="706" pin=0"/></net>

<net id="713"><net_src comp="542" pin="1"/><net_sink comp="706" pin=1"/></net>

<net id="714"><net_src comp="546" pin="1"/><net_sink comp="706" pin=2"/></net>

<net id="715"><net_src comp="500" pin="1"/><net_sink comp="706" pin=3"/></net>

<net id="722"><net_src comp="134" pin="0"/><net_sink comp="716" pin=0"/></net>

<net id="723"><net_src comp="550" pin="1"/><net_sink comp="716" pin=1"/></net>

<net id="724"><net_src comp="554" pin="1"/><net_sink comp="716" pin=2"/></net>

<net id="725"><net_src comp="500" pin="1"/><net_sink comp="716" pin=3"/></net>

<net id="732"><net_src comp="134" pin="0"/><net_sink comp="726" pin=0"/></net>

<net id="733"><net_src comp="558" pin="1"/><net_sink comp="726" pin=1"/></net>

<net id="734"><net_src comp="562" pin="1"/><net_sink comp="726" pin=2"/></net>

<net id="735"><net_src comp="500" pin="1"/><net_sink comp="726" pin=3"/></net>

<net id="742"><net_src comp="134" pin="0"/><net_sink comp="736" pin=0"/></net>

<net id="743"><net_src comp="566" pin="1"/><net_sink comp="736" pin=1"/></net>

<net id="744"><net_src comp="570" pin="1"/><net_sink comp="736" pin=2"/></net>

<net id="745"><net_src comp="500" pin="1"/><net_sink comp="736" pin=3"/></net>

<net id="752"><net_src comp="134" pin="0"/><net_sink comp="746" pin=0"/></net>

<net id="753"><net_src comp="574" pin="1"/><net_sink comp="746" pin=1"/></net>

<net id="754"><net_src comp="578" pin="1"/><net_sink comp="746" pin=2"/></net>

<net id="755"><net_src comp="500" pin="1"/><net_sink comp="746" pin=3"/></net>

<net id="762"><net_src comp="134" pin="0"/><net_sink comp="756" pin=0"/></net>

<net id="763"><net_src comp="582" pin="1"/><net_sink comp="756" pin=1"/></net>

<net id="764"><net_src comp="586" pin="1"/><net_sink comp="756" pin=2"/></net>

<net id="765"><net_src comp="500" pin="1"/><net_sink comp="756" pin=3"/></net>

<net id="772"><net_src comp="134" pin="0"/><net_sink comp="766" pin=0"/></net>

<net id="773"><net_src comp="590" pin="1"/><net_sink comp="766" pin=1"/></net>

<net id="774"><net_src comp="594" pin="1"/><net_sink comp="766" pin=2"/></net>

<net id="775"><net_src comp="500" pin="1"/><net_sink comp="766" pin=3"/></net>

<net id="782"><net_src comp="134" pin="0"/><net_sink comp="776" pin=0"/></net>

<net id="783"><net_src comp="598" pin="1"/><net_sink comp="776" pin=1"/></net>

<net id="784"><net_src comp="602" pin="1"/><net_sink comp="776" pin=2"/></net>

<net id="785"><net_src comp="500" pin="1"/><net_sink comp="776" pin=3"/></net>

<net id="792"><net_src comp="134" pin="0"/><net_sink comp="786" pin=0"/></net>

<net id="793"><net_src comp="606" pin="1"/><net_sink comp="786" pin=1"/></net>

<net id="794"><net_src comp="610" pin="1"/><net_sink comp="786" pin=2"/></net>

<net id="795"><net_src comp="500" pin="1"/><net_sink comp="786" pin=3"/></net>

<net id="802"><net_src comp="134" pin="0"/><net_sink comp="796" pin=0"/></net>

<net id="803"><net_src comp="614" pin="1"/><net_sink comp="796" pin=1"/></net>

<net id="804"><net_src comp="618" pin="1"/><net_sink comp="796" pin=2"/></net>

<net id="805"><net_src comp="500" pin="1"/><net_sink comp="796" pin=3"/></net>

<net id="812"><net_src comp="134" pin="0"/><net_sink comp="806" pin=0"/></net>

<net id="813"><net_src comp="622" pin="1"/><net_sink comp="806" pin=1"/></net>

<net id="814"><net_src comp="626" pin="1"/><net_sink comp="806" pin=2"/></net>

<net id="815"><net_src comp="500" pin="1"/><net_sink comp="806" pin=3"/></net>

<net id="822"><net_src comp="134" pin="0"/><net_sink comp="816" pin=0"/></net>

<net id="823"><net_src comp="630" pin="1"/><net_sink comp="816" pin=1"/></net>

<net id="824"><net_src comp="634" pin="1"/><net_sink comp="816" pin=2"/></net>

<net id="825"><net_src comp="500" pin="1"/><net_sink comp="816" pin=3"/></net>

<net id="832"><net_src comp="134" pin="0"/><net_sink comp="826" pin=0"/></net>

<net id="833"><net_src comp="638" pin="1"/><net_sink comp="826" pin=1"/></net>

<net id="834"><net_src comp="642" pin="1"/><net_sink comp="826" pin=2"/></net>

<net id="835"><net_src comp="500" pin="1"/><net_sink comp="826" pin=3"/></net>

<net id="842"><net_src comp="134" pin="0"/><net_sink comp="836" pin=0"/></net>

<net id="843"><net_src comp="646" pin="1"/><net_sink comp="836" pin=1"/></net>

<net id="844"><net_src comp="650" pin="1"/><net_sink comp="836" pin=2"/></net>

<net id="845"><net_src comp="500" pin="1"/><net_sink comp="836" pin=3"/></net>

<net id="852"><net_src comp="134" pin="0"/><net_sink comp="846" pin=0"/></net>

<net id="853"><net_src comp="654" pin="1"/><net_sink comp="846" pin=1"/></net>

<net id="854"><net_src comp="658" pin="1"/><net_sink comp="846" pin=2"/></net>

<net id="855"><net_src comp="500" pin="1"/><net_sink comp="846" pin=3"/></net>

<net id="862"><net_src comp="134" pin="0"/><net_sink comp="856" pin=0"/></net>

<net id="863"><net_src comp="662" pin="1"/><net_sink comp="856" pin=1"/></net>

<net id="864"><net_src comp="666" pin="1"/><net_sink comp="856" pin=2"/></net>

<net id="865"><net_src comp="500" pin="1"/><net_sink comp="856" pin=3"/></net>

<net id="872"><net_src comp="134" pin="0"/><net_sink comp="866" pin=0"/></net>

<net id="873"><net_src comp="670" pin="1"/><net_sink comp="866" pin=1"/></net>

<net id="874"><net_src comp="674" pin="1"/><net_sink comp="866" pin=2"/></net>

<net id="875"><net_src comp="500" pin="1"/><net_sink comp="866" pin=3"/></net>

<net id="882"><net_src comp="134" pin="0"/><net_sink comp="876" pin=0"/></net>

<net id="883"><net_src comp="678" pin="1"/><net_sink comp="876" pin=1"/></net>

<net id="884"><net_src comp="682" pin="1"/><net_sink comp="876" pin=2"/></net>

<net id="885"><net_src comp="500" pin="1"/><net_sink comp="876" pin=3"/></net>

<net id="890"><net_src comp="512" pin="4"/><net_sink comp="886" pin=0"/></net>

<net id="891"><net_src comp="102" pin="0"/><net_sink comp="886" pin=1"/></net>

<net id="896"><net_src comp="686" pin="4"/><net_sink comp="892" pin=0"/></net>

<net id="897"><net_src comp="18" pin="0"/><net_sink comp="892" pin=1"/></net>

<net id="902"><net_src comp="696" pin="4"/><net_sink comp="898" pin=0"/></net>

<net id="903"><net_src comp="22" pin="0"/><net_sink comp="898" pin=1"/></net>

<net id="908"><net_src comp="706" pin="4"/><net_sink comp="904" pin=0"/></net>

<net id="909"><net_src comp="26" pin="0"/><net_sink comp="904" pin=1"/></net>

<net id="914"><net_src comp="716" pin="4"/><net_sink comp="910" pin=0"/></net>

<net id="915"><net_src comp="30" pin="0"/><net_sink comp="910" pin=1"/></net>

<net id="920"><net_src comp="726" pin="4"/><net_sink comp="916" pin=0"/></net>

<net id="921"><net_src comp="34" pin="0"/><net_sink comp="916" pin=1"/></net>

<net id="926"><net_src comp="736" pin="4"/><net_sink comp="922" pin=0"/></net>

<net id="927"><net_src comp="38" pin="0"/><net_sink comp="922" pin=1"/></net>

<net id="932"><net_src comp="746" pin="4"/><net_sink comp="928" pin=0"/></net>

<net id="933"><net_src comp="42" pin="0"/><net_sink comp="928" pin=1"/></net>

<net id="938"><net_src comp="756" pin="4"/><net_sink comp="934" pin=0"/></net>

<net id="939"><net_src comp="46" pin="0"/><net_sink comp="934" pin=1"/></net>

<net id="944"><net_src comp="766" pin="4"/><net_sink comp="940" pin=0"/></net>

<net id="945"><net_src comp="50" pin="0"/><net_sink comp="940" pin=1"/></net>

<net id="950"><net_src comp="776" pin="4"/><net_sink comp="946" pin=0"/></net>

<net id="951"><net_src comp="54" pin="0"/><net_sink comp="946" pin=1"/></net>

<net id="956"><net_src comp="786" pin="4"/><net_sink comp="952" pin=0"/></net>

<net id="957"><net_src comp="58" pin="0"/><net_sink comp="952" pin=1"/></net>

<net id="962"><net_src comp="796" pin="4"/><net_sink comp="958" pin=0"/></net>

<net id="963"><net_src comp="62" pin="0"/><net_sink comp="958" pin=1"/></net>

<net id="968"><net_src comp="806" pin="4"/><net_sink comp="964" pin=0"/></net>

<net id="969"><net_src comp="66" pin="0"/><net_sink comp="964" pin=1"/></net>

<net id="974"><net_src comp="816" pin="4"/><net_sink comp="970" pin=0"/></net>

<net id="975"><net_src comp="70" pin="0"/><net_sink comp="970" pin=1"/></net>

<net id="980"><net_src comp="826" pin="4"/><net_sink comp="976" pin=0"/></net>

<net id="981"><net_src comp="74" pin="0"/><net_sink comp="976" pin=1"/></net>

<net id="986"><net_src comp="836" pin="4"/><net_sink comp="982" pin=0"/></net>

<net id="987"><net_src comp="78" pin="0"/><net_sink comp="982" pin=1"/></net>

<net id="992"><net_src comp="846" pin="4"/><net_sink comp="988" pin=0"/></net>

<net id="993"><net_src comp="82" pin="0"/><net_sink comp="988" pin=1"/></net>

<net id="998"><net_src comp="856" pin="4"/><net_sink comp="994" pin=0"/></net>

<net id="999"><net_src comp="86" pin="0"/><net_sink comp="994" pin=1"/></net>

<net id="1004"><net_src comp="866" pin="4"/><net_sink comp="1000" pin=0"/></net>

<net id="1005"><net_src comp="90" pin="0"/><net_sink comp="1000" pin=1"/></net>

<net id="1010"><net_src comp="876" pin="4"/><net_sink comp="1006" pin=0"/></net>

<net id="1011"><net_src comp="94" pin="0"/><net_sink comp="1006" pin=1"/></net>

<net id="1016"><net_src comp="482" pin="1"/><net_sink comp="1012" pin=0"/></net>

<net id="1017"><net_src comp="98" pin="0"/><net_sink comp="1012" pin=1"/></net>

<net id="1022"><net_src comp="512" pin="4"/><net_sink comp="1018" pin=0"/></net>

<net id="1023"><net_src comp="104" pin="0"/><net_sink comp="1018" pin=1"/></net>

<net id="1028"><net_src comp="686" pin="4"/><net_sink comp="1024" pin=0"/></net>

<net id="1029"><net_src comp="20" pin="0"/><net_sink comp="1024" pin=1"/></net>

<net id="1034"><net_src comp="696" pin="4"/><net_sink comp="1030" pin=0"/></net>

<net id="1035"><net_src comp="24" pin="0"/><net_sink comp="1030" pin=1"/></net>

<net id="1040"><net_src comp="706" pin="4"/><net_sink comp="1036" pin=0"/></net>

<net id="1041"><net_src comp="28" pin="0"/><net_sink comp="1036" pin=1"/></net>

<net id="1046"><net_src comp="716" pin="4"/><net_sink comp="1042" pin=0"/></net>

<net id="1047"><net_src comp="32" pin="0"/><net_sink comp="1042" pin=1"/></net>

<net id="1052"><net_src comp="726" pin="4"/><net_sink comp="1048" pin=0"/></net>

<net id="1053"><net_src comp="36" pin="0"/><net_sink comp="1048" pin=1"/></net>

<net id="1058"><net_src comp="736" pin="4"/><net_sink comp="1054" pin=0"/></net>

<net id="1059"><net_src comp="40" pin="0"/><net_sink comp="1054" pin=1"/></net>

<net id="1064"><net_src comp="746" pin="4"/><net_sink comp="1060" pin=0"/></net>

<net id="1065"><net_src comp="44" pin="0"/><net_sink comp="1060" pin=1"/></net>

<net id="1070"><net_src comp="756" pin="4"/><net_sink comp="1066" pin=0"/></net>

<net id="1071"><net_src comp="48" pin="0"/><net_sink comp="1066" pin=1"/></net>

<net id="1076"><net_src comp="766" pin="4"/><net_sink comp="1072" pin=0"/></net>

<net id="1077"><net_src comp="52" pin="0"/><net_sink comp="1072" pin=1"/></net>

<net id="1082"><net_src comp="776" pin="4"/><net_sink comp="1078" pin=0"/></net>

<net id="1083"><net_src comp="56" pin="0"/><net_sink comp="1078" pin=1"/></net>

<net id="1088"><net_src comp="786" pin="4"/><net_sink comp="1084" pin=0"/></net>

<net id="1089"><net_src comp="60" pin="0"/><net_sink comp="1084" pin=1"/></net>

<net id="1094"><net_src comp="796" pin="4"/><net_sink comp="1090" pin=0"/></net>

<net id="1095"><net_src comp="64" pin="0"/><net_sink comp="1090" pin=1"/></net>

<net id="1100"><net_src comp="806" pin="4"/><net_sink comp="1096" pin=0"/></net>

<net id="1101"><net_src comp="68" pin="0"/><net_sink comp="1096" pin=1"/></net>

<net id="1106"><net_src comp="816" pin="4"/><net_sink comp="1102" pin=0"/></net>

<net id="1107"><net_src comp="72" pin="0"/><net_sink comp="1102" pin=1"/></net>

<net id="1112"><net_src comp="826" pin="4"/><net_sink comp="1108" pin=0"/></net>

<net id="1113"><net_src comp="76" pin="0"/><net_sink comp="1108" pin=1"/></net>

<net id="1118"><net_src comp="836" pin="4"/><net_sink comp="1114" pin=0"/></net>

<net id="1119"><net_src comp="80" pin="0"/><net_sink comp="1114" pin=1"/></net>

<net id="1124"><net_src comp="846" pin="4"/><net_sink comp="1120" pin=0"/></net>

<net id="1125"><net_src comp="84" pin="0"/><net_sink comp="1120" pin=1"/></net>

<net id="1130"><net_src comp="856" pin="4"/><net_sink comp="1126" pin=0"/></net>

<net id="1131"><net_src comp="88" pin="0"/><net_sink comp="1126" pin=1"/></net>

<net id="1136"><net_src comp="866" pin="4"/><net_sink comp="1132" pin=0"/></net>

<net id="1137"><net_src comp="92" pin="0"/><net_sink comp="1132" pin=1"/></net>

<net id="1142"><net_src comp="876" pin="4"/><net_sink comp="1138" pin=0"/></net>

<net id="1143"><net_src comp="96" pin="0"/><net_sink comp="1138" pin=1"/></net>

<net id="1148"><net_src comp="482" pin="1"/><net_sink comp="1144" pin=0"/></net>

<net id="1149"><net_src comp="100" pin="0"/><net_sink comp="1144" pin=1"/></net>

<net id="1156"><net_src comp="136" pin="0"/><net_sink comp="1150" pin=0"/></net>

<net id="1157"><net_src comp="138" pin="0"/><net_sink comp="1150" pin=1"/></net>

<net id="1158"><net_src comp="140" pin="0"/><net_sink comp="1150" pin=2"/></net>

<net id="1159"><net_src comp="500" pin="1"/><net_sink comp="1150" pin=3"/></net>

<net id="1166"><net_src comp="136" pin="0"/><net_sink comp="1160" pin=0"/></net>

<net id="1167"><net_src comp="142" pin="0"/><net_sink comp="1160" pin=1"/></net>

<net id="1168"><net_src comp="144" pin="0"/><net_sink comp="1160" pin=2"/></net>

<net id="1169"><net_src comp="500" pin="1"/><net_sink comp="1160" pin=3"/></net>

<net id="1176"><net_src comp="136" pin="0"/><net_sink comp="1170" pin=0"/></net>

<net id="1177"><net_src comp="146" pin="0"/><net_sink comp="1170" pin=1"/></net>

<net id="1178"><net_src comp="148" pin="0"/><net_sink comp="1170" pin=2"/></net>

<net id="1179"><net_src comp="500" pin="1"/><net_sink comp="1170" pin=3"/></net>

<net id="1190"><net_src comp="1180" pin="1"/><net_sink comp="1186" pin=0"/></net>

<net id="1191"><net_src comp="1183" pin="1"/><net_sink comp="1186" pin=1"/></net>

<net id="1202"><net_src comp="1192" pin="1"/><net_sink comp="1198" pin=0"/></net>

<net id="1203"><net_src comp="1195" pin="1"/><net_sink comp="1198" pin=1"/></net>

<net id="1214"><net_src comp="1204" pin="1"/><net_sink comp="1210" pin=0"/></net>

<net id="1215"><net_src comp="1207" pin="1"/><net_sink comp="1210" pin=1"/></net>

<net id="1222"><net_src comp="136" pin="0"/><net_sink comp="1216" pin=0"/></net>

<net id="1223"><net_src comp="150" pin="0"/><net_sink comp="1216" pin=1"/></net>

<net id="1224"><net_src comp="152" pin="0"/><net_sink comp="1216" pin=2"/></net>

<net id="1231"><net_src comp="136" pin="0"/><net_sink comp="1225" pin=0"/></net>

<net id="1232"><net_src comp="154" pin="0"/><net_sink comp="1225" pin=1"/></net>

<net id="1233"><net_src comp="156" pin="0"/><net_sink comp="1225" pin=2"/></net>

<net id="1240"><net_src comp="134" pin="0"/><net_sink comp="1234" pin=0"/></net>

<net id="1241"><net_src comp="466" pin="4"/><net_sink comp="1234" pin=1"/></net>

<net id="1242"><net_src comp="457" pin="4"/><net_sink comp="1234" pin=2"/></net>

<net id="1249"><net_src comp="134" pin="0"/><net_sink comp="1243" pin=0"/></net>

<net id="1250"><net_src comp="421" pin="4"/><net_sink comp="1243" pin=1"/></net>

<net id="1251"><net_src comp="430" pin="4"/><net_sink comp="1243" pin=2"/></net>

<net id="1258"><net_src comp="134" pin="0"/><net_sink comp="1252" pin=0"/></net>

<net id="1259"><net_src comp="448" pin="4"/><net_sink comp="1252" pin=1"/></net>

<net id="1260"><net_src comp="439" pin="4"/><net_sink comp="1252" pin=2"/></net>

<net id="1267"><net_src comp="134" pin="0"/><net_sink comp="1261" pin=0"/></net>

<net id="1268"><net_src comp="412" pin="4"/><net_sink comp="1261" pin=1"/></net>

<net id="1269"><net_src comp="403" pin="4"/><net_sink comp="1261" pin=2"/></net>

<net id="1276"><net_src comp="134" pin="0"/><net_sink comp="1270" pin=0"/></net>

<net id="1277"><net_src comp="394" pin="4"/><net_sink comp="1270" pin=1"/></net>

<net id="1278"><net_src comp="385" pin="4"/><net_sink comp="1270" pin=2"/></net>

<net id="1285"><net_src comp="134" pin="0"/><net_sink comp="1279" pin=0"/></net>

<net id="1286"><net_src comp="376" pin="4"/><net_sink comp="1279" pin=1"/></net>

<net id="1287"><net_src comp="367" pin="4"/><net_sink comp="1279" pin=2"/></net>

<net id="1294"><net_src comp="134" pin="0"/><net_sink comp="1288" pin=0"/></net>

<net id="1295"><net_src comp="358" pin="4"/><net_sink comp="1288" pin=1"/></net>

<net id="1296"><net_src comp="349" pin="4"/><net_sink comp="1288" pin=2"/></net>

<net id="1303"><net_src comp="134" pin="0"/><net_sink comp="1297" pin=0"/></net>

<net id="1304"><net_src comp="340" pin="4"/><net_sink comp="1297" pin=1"/></net>

<net id="1305"><net_src comp="331" pin="4"/><net_sink comp="1297" pin=2"/></net>

<net id="1312"><net_src comp="134" pin="0"/><net_sink comp="1306" pin=0"/></net>

<net id="1313"><net_src comp="322" pin="4"/><net_sink comp="1306" pin=1"/></net>

<net id="1314"><net_src comp="313" pin="4"/><net_sink comp="1306" pin=2"/></net>

<net id="1321"><net_src comp="134" pin="0"/><net_sink comp="1315" pin=0"/></net>

<net id="1322"><net_src comp="304" pin="4"/><net_sink comp="1315" pin=1"/></net>

<net id="1323"><net_src comp="295" pin="4"/><net_sink comp="1315" pin=2"/></net>

<net id="1330"><net_src comp="134" pin="0"/><net_sink comp="1324" pin=0"/></net>

<net id="1331"><net_src comp="286" pin="4"/><net_sink comp="1324" pin=1"/></net>

<net id="1332"><net_src comp="277" pin="4"/><net_sink comp="1324" pin=2"/></net>

<net id="1339"><net_src comp="134" pin="0"/><net_sink comp="1333" pin=0"/></net>

<net id="1340"><net_src comp="268" pin="4"/><net_sink comp="1333" pin=1"/></net>

<net id="1341"><net_src comp="259" pin="4"/><net_sink comp="1333" pin=2"/></net>

<net id="1348"><net_src comp="134" pin="0"/><net_sink comp="1342" pin=0"/></net>

<net id="1349"><net_src comp="250" pin="4"/><net_sink comp="1342" pin=1"/></net>

<net id="1350"><net_src comp="241" pin="4"/><net_sink comp="1342" pin=2"/></net>

<net id="1357"><net_src comp="158" pin="0"/><net_sink comp="1351" pin=0"/></net>

<net id="1358"><net_src comp="1186" pin="2"/><net_sink comp="1351" pin=1"/></net>

<net id="1359"><net_src comp="160" pin="0"/><net_sink comp="1351" pin=2"/></net>

<net id="1360"><net_src comp="162" pin="0"/><net_sink comp="1351" pin=3"/></net>

<net id="1371"><net_src comp="1361" pin="1"/><net_sink comp="1367" pin=0"/></net>

<net id="1372"><net_src comp="1364" pin="1"/><net_sink comp="1367" pin=1"/></net>

<net id="1383"><net_src comp="1373" pin="1"/><net_sink comp="1379" pin=0"/></net>

<net id="1384"><net_src comp="1376" pin="1"/><net_sink comp="1379" pin=1"/></net>

<net id="1391"><net_src comp="136" pin="0"/><net_sink comp="1385" pin=0"/></net>

<net id="1392"><net_src comp="164" pin="0"/><net_sink comp="1385" pin=1"/></net>

<net id="1393"><net_src comp="166" pin="0"/><net_sink comp="1385" pin=2"/></net>

<net id="1400"><net_src comp="136" pin="0"/><net_sink comp="1394" pin=0"/></net>

<net id="1401"><net_src comp="168" pin="0"/><net_sink comp="1394" pin=1"/></net>

<net id="1402"><net_src comp="170" pin="0"/><net_sink comp="1394" pin=2"/></net>

<net id="1408"><net_src comp="172" pin="0"/><net_sink comp="1403" pin=0"/></net>

<net id="1409"><net_src comp="174" pin="0"/><net_sink comp="1403" pin=2"/></net>

<net id="1414"><net_src comp="1403" pin="3"/><net_sink comp="1410" pin=0"/></net>

<net id="1421"><net_src comp="158" pin="0"/><net_sink comp="1415" pin=0"/></net>

<net id="1422"><net_src comp="1410" pin="2"/><net_sink comp="1415" pin=1"/></net>

<net id="1423"><net_src comp="160" pin="0"/><net_sink comp="1415" pin=2"/></net>

<net id="1424"><net_src comp="162" pin="0"/><net_sink comp="1415" pin=3"/></net>

<net id="1430"><net_src comp="172" pin="0"/><net_sink comp="1425" pin=0"/></net>

<net id="1431"><net_src comp="1415" pin="4"/><net_sink comp="1425" pin=1"/></net>

<net id="1432"><net_src comp="174" pin="0"/><net_sink comp="1425" pin=2"/></net>

<net id="1437"><net_src comp="1425" pin="3"/><net_sink comp="1433" pin=0"/></net>

<net id="1444"><net_src comp="158" pin="0"/><net_sink comp="1438" pin=0"/></net>

<net id="1445"><net_src comp="1433" pin="2"/><net_sink comp="1438" pin=1"/></net>

<net id="1446"><net_src comp="160" pin="0"/><net_sink comp="1438" pin=2"/></net>

<net id="1447"><net_src comp="162" pin="0"/><net_sink comp="1438" pin=3"/></net>

<net id="1458"><net_src comp="1448" pin="1"/><net_sink comp="1454" pin=0"/></net>

<net id="1459"><net_src comp="1451" pin="1"/><net_sink comp="1454" pin=1"/></net>

<net id="1470"><net_src comp="1460" pin="1"/><net_sink comp="1466" pin=0"/></net>

<net id="1471"><net_src comp="1463" pin="1"/><net_sink comp="1466" pin=1"/></net>

<net id="1478"><net_src comp="136" pin="0"/><net_sink comp="1472" pin=0"/></net>

<net id="1479"><net_src comp="176" pin="0"/><net_sink comp="1472" pin=1"/></net>

<net id="1480"><net_src comp="178" pin="0"/><net_sink comp="1472" pin=2"/></net>

<net id="1487"><net_src comp="136" pin="0"/><net_sink comp="1481" pin=0"/></net>

<net id="1488"><net_src comp="180" pin="0"/><net_sink comp="1481" pin=1"/></net>

<net id="1489"><net_src comp="182" pin="0"/><net_sink comp="1481" pin=2"/></net>

<net id="1495"><net_src comp="172" pin="0"/><net_sink comp="1490" pin=0"/></net>

<net id="1496"><net_src comp="174" pin="0"/><net_sink comp="1490" pin=2"/></net>

<net id="1501"><net_src comp="1490" pin="3"/><net_sink comp="1497" pin=0"/></net>

<net id="1508"><net_src comp="158" pin="0"/><net_sink comp="1502" pin=0"/></net>

<net id="1509"><net_src comp="1497" pin="2"/><net_sink comp="1502" pin=1"/></net>

<net id="1510"><net_src comp="160" pin="0"/><net_sink comp="1502" pin=2"/></net>

<net id="1511"><net_src comp="162" pin="0"/><net_sink comp="1502" pin=3"/></net>

<net id="1517"><net_src comp="172" pin="0"/><net_sink comp="1512" pin=0"/></net>

<net id="1518"><net_src comp="1502" pin="4"/><net_sink comp="1512" pin=1"/></net>

<net id="1519"><net_src comp="174" pin="0"/><net_sink comp="1512" pin=2"/></net>

<net id="1524"><net_src comp="1512" pin="3"/><net_sink comp="1520" pin=0"/></net>

<net id="1531"><net_src comp="158" pin="0"/><net_sink comp="1525" pin=0"/></net>

<net id="1532"><net_src comp="1520" pin="2"/><net_sink comp="1525" pin=1"/></net>

<net id="1533"><net_src comp="160" pin="0"/><net_sink comp="1525" pin=2"/></net>

<net id="1534"><net_src comp="162" pin="0"/><net_sink comp="1525" pin=3"/></net>

<net id="1545"><net_src comp="1535" pin="1"/><net_sink comp="1541" pin=0"/></net>

<net id="1546"><net_src comp="1538" pin="1"/><net_sink comp="1541" pin=1"/></net>

<net id="1557"><net_src comp="1547" pin="1"/><net_sink comp="1553" pin=0"/></net>

<net id="1558"><net_src comp="1550" pin="1"/><net_sink comp="1553" pin=1"/></net>

<net id="1565"><net_src comp="136" pin="0"/><net_sink comp="1559" pin=0"/></net>

<net id="1566"><net_src comp="184" pin="0"/><net_sink comp="1559" pin=1"/></net>

<net id="1567"><net_src comp="186" pin="0"/><net_sink comp="1559" pin=2"/></net>

<net id="1574"><net_src comp="136" pin="0"/><net_sink comp="1568" pin=0"/></net>

<net id="1575"><net_src comp="188" pin="0"/><net_sink comp="1568" pin=1"/></net>

<net id="1576"><net_src comp="190" pin="0"/><net_sink comp="1568" pin=2"/></net>

<net id="1582"><net_src comp="172" pin="0"/><net_sink comp="1577" pin=0"/></net>

<net id="1583"><net_src comp="174" pin="0"/><net_sink comp="1577" pin=2"/></net>

<net id="1588"><net_src comp="1577" pin="3"/><net_sink comp="1584" pin=0"/></net>

<net id="1595"><net_src comp="158" pin="0"/><net_sink comp="1589" pin=0"/></net>

<net id="1596"><net_src comp="1584" pin="2"/><net_sink comp="1589" pin=1"/></net>

<net id="1597"><net_src comp="160" pin="0"/><net_sink comp="1589" pin=2"/></net>

<net id="1598"><net_src comp="162" pin="0"/><net_sink comp="1589" pin=3"/></net>

<net id="1604"><net_src comp="172" pin="0"/><net_sink comp="1599" pin=0"/></net>

<net id="1605"><net_src comp="1589" pin="4"/><net_sink comp="1599" pin=1"/></net>

<net id="1606"><net_src comp="174" pin="0"/><net_sink comp="1599" pin=2"/></net>

<net id="1611"><net_src comp="1599" pin="3"/><net_sink comp="1607" pin=0"/></net>

<net id="1618"><net_src comp="158" pin="0"/><net_sink comp="1612" pin=0"/></net>

<net id="1619"><net_src comp="1607" pin="2"/><net_sink comp="1612" pin=1"/></net>

<net id="1620"><net_src comp="160" pin="0"/><net_sink comp="1612" pin=2"/></net>

<net id="1621"><net_src comp="162" pin="0"/><net_sink comp="1612" pin=3"/></net>

<net id="1632"><net_src comp="1622" pin="1"/><net_sink comp="1628" pin=0"/></net>

<net id="1633"><net_src comp="1625" pin="1"/><net_sink comp="1628" pin=1"/></net>

<net id="1644"><net_src comp="1634" pin="1"/><net_sink comp="1640" pin=0"/></net>

<net id="1645"><net_src comp="1637" pin="1"/><net_sink comp="1640" pin=1"/></net>

<net id="1652"><net_src comp="136" pin="0"/><net_sink comp="1646" pin=0"/></net>

<net id="1653"><net_src comp="190" pin="0"/><net_sink comp="1646" pin=1"/></net>

<net id="1654"><net_src comp="188" pin="0"/><net_sink comp="1646" pin=2"/></net>

<net id="1661"><net_src comp="136" pin="0"/><net_sink comp="1655" pin=0"/></net>

<net id="1662"><net_src comp="186" pin="0"/><net_sink comp="1655" pin=1"/></net>

<net id="1663"><net_src comp="184" pin="0"/><net_sink comp="1655" pin=2"/></net>

<net id="1669"><net_src comp="172" pin="0"/><net_sink comp="1664" pin=0"/></net>

<net id="1670"><net_src comp="174" pin="0"/><net_sink comp="1664" pin=2"/></net>

<net id="1675"><net_src comp="1664" pin="3"/><net_sink comp="1671" pin=0"/></net>

<net id="1682"><net_src comp="158" pin="0"/><net_sink comp="1676" pin=0"/></net>

<net id="1683"><net_src comp="1671" pin="2"/><net_sink comp="1676" pin=1"/></net>

<net id="1684"><net_src comp="160" pin="0"/><net_sink comp="1676" pin=2"/></net>

<net id="1685"><net_src comp="162" pin="0"/><net_sink comp="1676" pin=3"/></net>

<net id="1691"><net_src comp="172" pin="0"/><net_sink comp="1686" pin=0"/></net>

<net id="1692"><net_src comp="1676" pin="4"/><net_sink comp="1686" pin=1"/></net>

<net id="1693"><net_src comp="174" pin="0"/><net_sink comp="1686" pin=2"/></net>

<net id="1698"><net_src comp="1686" pin="3"/><net_sink comp="1694" pin=0"/></net>

<net id="1705"><net_src comp="158" pin="0"/><net_sink comp="1699" pin=0"/></net>

<net id="1706"><net_src comp="1694" pin="2"/><net_sink comp="1699" pin=1"/></net>

<net id="1707"><net_src comp="160" pin="0"/><net_sink comp="1699" pin=2"/></net>

<net id="1708"><net_src comp="162" pin="0"/><net_sink comp="1699" pin=3"/></net>

<net id="1719"><net_src comp="1709" pin="1"/><net_sink comp="1715" pin=0"/></net>

<net id="1720"><net_src comp="1712" pin="1"/><net_sink comp="1715" pin=1"/></net>

<net id="1731"><net_src comp="1721" pin="1"/><net_sink comp="1727" pin=0"/></net>

<net id="1732"><net_src comp="1724" pin="1"/><net_sink comp="1727" pin=1"/></net>

<net id="1739"><net_src comp="136" pin="0"/><net_sink comp="1733" pin=0"/></net>

<net id="1740"><net_src comp="182" pin="0"/><net_sink comp="1733" pin=1"/></net>

<net id="1741"><net_src comp="180" pin="0"/><net_sink comp="1733" pin=2"/></net>

<net id="1748"><net_src comp="136" pin="0"/><net_sink comp="1742" pin=0"/></net>

<net id="1749"><net_src comp="178" pin="0"/><net_sink comp="1742" pin=1"/></net>

<net id="1750"><net_src comp="176" pin="0"/><net_sink comp="1742" pin=2"/></net>

<net id="1756"><net_src comp="172" pin="0"/><net_sink comp="1751" pin=0"/></net>

<net id="1757"><net_src comp="174" pin="0"/><net_sink comp="1751" pin=2"/></net>

<net id="1762"><net_src comp="1751" pin="3"/><net_sink comp="1758" pin=0"/></net>

<net id="1769"><net_src comp="158" pin="0"/><net_sink comp="1763" pin=0"/></net>

<net id="1770"><net_src comp="1758" pin="2"/><net_sink comp="1763" pin=1"/></net>

<net id="1771"><net_src comp="160" pin="0"/><net_sink comp="1763" pin=2"/></net>

<net id="1772"><net_src comp="162" pin="0"/><net_sink comp="1763" pin=3"/></net>

<net id="1778"><net_src comp="172" pin="0"/><net_sink comp="1773" pin=0"/></net>

<net id="1779"><net_src comp="1763" pin="4"/><net_sink comp="1773" pin=1"/></net>

<net id="1780"><net_src comp="174" pin="0"/><net_sink comp="1773" pin=2"/></net>

<net id="1785"><net_src comp="1773" pin="3"/><net_sink comp="1781" pin=0"/></net>

<net id="1792"><net_src comp="158" pin="0"/><net_sink comp="1786" pin=0"/></net>

<net id="1793"><net_src comp="1781" pin="2"/><net_sink comp="1786" pin=1"/></net>

<net id="1794"><net_src comp="160" pin="0"/><net_sink comp="1786" pin=2"/></net>

<net id="1795"><net_src comp="162" pin="0"/><net_sink comp="1786" pin=3"/></net>

<net id="1806"><net_src comp="1796" pin="1"/><net_sink comp="1802" pin=0"/></net>

<net id="1807"><net_src comp="1799" pin="1"/><net_sink comp="1802" pin=1"/></net>

<net id="1818"><net_src comp="1808" pin="1"/><net_sink comp="1814" pin=0"/></net>

<net id="1819"><net_src comp="1811" pin="1"/><net_sink comp="1814" pin=1"/></net>

<net id="1826"><net_src comp="136" pin="0"/><net_sink comp="1820" pin=0"/></net>

<net id="1827"><net_src comp="170" pin="0"/><net_sink comp="1820" pin=1"/></net>

<net id="1828"><net_src comp="168" pin="0"/><net_sink comp="1820" pin=2"/></net>

<net id="1835"><net_src comp="136" pin="0"/><net_sink comp="1829" pin=0"/></net>

<net id="1836"><net_src comp="166" pin="0"/><net_sink comp="1829" pin=1"/></net>

<net id="1837"><net_src comp="164" pin="0"/><net_sink comp="1829" pin=2"/></net>

<net id="1843"><net_src comp="172" pin="0"/><net_sink comp="1838" pin=0"/></net>

<net id="1844"><net_src comp="174" pin="0"/><net_sink comp="1838" pin=2"/></net>

<net id="1849"><net_src comp="1838" pin="3"/><net_sink comp="1845" pin=0"/></net>

<net id="1856"><net_src comp="158" pin="0"/><net_sink comp="1850" pin=0"/></net>

<net id="1857"><net_src comp="1845" pin="2"/><net_sink comp="1850" pin=1"/></net>

<net id="1858"><net_src comp="160" pin="0"/><net_sink comp="1850" pin=2"/></net>

<net id="1859"><net_src comp="162" pin="0"/><net_sink comp="1850" pin=3"/></net>

<net id="1865"><net_src comp="172" pin="0"/><net_sink comp="1860" pin=0"/></net>

<net id="1866"><net_src comp="1850" pin="4"/><net_sink comp="1860" pin=1"/></net>

<net id="1867"><net_src comp="174" pin="0"/><net_sink comp="1860" pin=2"/></net>

<net id="1872"><net_src comp="1860" pin="3"/><net_sink comp="1868" pin=0"/></net>

<net id="1879"><net_src comp="158" pin="0"/><net_sink comp="1873" pin=0"/></net>

<net id="1880"><net_src comp="1868" pin="2"/><net_sink comp="1873" pin=1"/></net>

<net id="1881"><net_src comp="160" pin="0"/><net_sink comp="1873" pin=2"/></net>

<net id="1882"><net_src comp="162" pin="0"/><net_sink comp="1873" pin=3"/></net>

<net id="1893"><net_src comp="1883" pin="1"/><net_sink comp="1889" pin=0"/></net>

<net id="1894"><net_src comp="1886" pin="1"/><net_sink comp="1889" pin=1"/></net>

<net id="1905"><net_src comp="1895" pin="1"/><net_sink comp="1901" pin=0"/></net>

<net id="1906"><net_src comp="1898" pin="1"/><net_sink comp="1901" pin=1"/></net>

<net id="1913"><net_src comp="136" pin="0"/><net_sink comp="1907" pin=0"/></net>

<net id="1914"><net_src comp="156" pin="0"/><net_sink comp="1907" pin=1"/></net>

<net id="1915"><net_src comp="154" pin="0"/><net_sink comp="1907" pin=2"/></net>

<net id="1922"><net_src comp="136" pin="0"/><net_sink comp="1916" pin=0"/></net>

<net id="1923"><net_src comp="152" pin="0"/><net_sink comp="1916" pin=1"/></net>

<net id="1924"><net_src comp="150" pin="0"/><net_sink comp="1916" pin=2"/></net>

<net id="1930"><net_src comp="172" pin="0"/><net_sink comp="1925" pin=0"/></net>

<net id="1931"><net_src comp="174" pin="0"/><net_sink comp="1925" pin=2"/></net>

<net id="1936"><net_src comp="1925" pin="3"/><net_sink comp="1932" pin=0"/></net>

<net id="1943"><net_src comp="158" pin="0"/><net_sink comp="1937" pin=0"/></net>

<net id="1944"><net_src comp="1932" pin="2"/><net_sink comp="1937" pin=1"/></net>

<net id="1945"><net_src comp="160" pin="0"/><net_sink comp="1937" pin=2"/></net>

<net id="1946"><net_src comp="162" pin="0"/><net_sink comp="1937" pin=3"/></net>

<net id="1952"><net_src comp="172" pin="0"/><net_sink comp="1947" pin=0"/></net>

<net id="1953"><net_src comp="1937" pin="4"/><net_sink comp="1947" pin=1"/></net>

<net id="1954"><net_src comp="174" pin="0"/><net_sink comp="1947" pin=2"/></net>

<net id="1959"><net_src comp="1947" pin="3"/><net_sink comp="1955" pin=0"/></net>

<net id="1966"><net_src comp="158" pin="0"/><net_sink comp="1960" pin=0"/></net>

<net id="1967"><net_src comp="1955" pin="2"/><net_sink comp="1960" pin=1"/></net>

<net id="1968"><net_src comp="160" pin="0"/><net_sink comp="1960" pin=2"/></net>

<net id="1969"><net_src comp="162" pin="0"/><net_sink comp="1960" pin=3"/></net>

<net id="1980"><net_src comp="1970" pin="1"/><net_sink comp="1976" pin=0"/></net>

<net id="1981"><net_src comp="1973" pin="1"/><net_sink comp="1976" pin=1"/></net>

<net id="1992"><net_src comp="1982" pin="1"/><net_sink comp="1988" pin=0"/></net>

<net id="1993"><net_src comp="1985" pin="1"/><net_sink comp="1988" pin=1"/></net>

<net id="2000"><net_src comp="136" pin="0"/><net_sink comp="1994" pin=0"/></net>

<net id="2001"><net_src comp="148" pin="0"/><net_sink comp="1994" pin=1"/></net>

<net id="2002"><net_src comp="146" pin="0"/><net_sink comp="1994" pin=2"/></net>

<net id="2009"><net_src comp="136" pin="0"/><net_sink comp="2003" pin=0"/></net>

<net id="2010"><net_src comp="144" pin="0"/><net_sink comp="2003" pin=1"/></net>

<net id="2011"><net_src comp="142" pin="0"/><net_sink comp="2003" pin=2"/></net>

<net id="2017"><net_src comp="172" pin="0"/><net_sink comp="2012" pin=0"/></net>

<net id="2018"><net_src comp="174" pin="0"/><net_sink comp="2012" pin=2"/></net>

<net id="2023"><net_src comp="2012" pin="3"/><net_sink comp="2019" pin=0"/></net>

<net id="2030"><net_src comp="158" pin="0"/><net_sink comp="2024" pin=0"/></net>

<net id="2031"><net_src comp="2019" pin="2"/><net_sink comp="2024" pin=1"/></net>

<net id="2032"><net_src comp="160" pin="0"/><net_sink comp="2024" pin=2"/></net>

<net id="2033"><net_src comp="162" pin="0"/><net_sink comp="2024" pin=3"/></net>

<net id="2039"><net_src comp="172" pin="0"/><net_sink comp="2034" pin=0"/></net>

<net id="2040"><net_src comp="2024" pin="4"/><net_sink comp="2034" pin=1"/></net>

<net id="2041"><net_src comp="174" pin="0"/><net_sink comp="2034" pin=2"/></net>

<net id="2046"><net_src comp="2034" pin="3"/><net_sink comp="2042" pin=0"/></net>

<net id="2053"><net_src comp="158" pin="0"/><net_sink comp="2047" pin=0"/></net>

<net id="2054"><net_src comp="2042" pin="2"/><net_sink comp="2047" pin=1"/></net>

<net id="2055"><net_src comp="160" pin="0"/><net_sink comp="2047" pin=2"/></net>

<net id="2056"><net_src comp="162" pin="0"/><net_sink comp="2047" pin=3"/></net>

<net id="2067"><net_src comp="2057" pin="1"/><net_sink comp="2063" pin=0"/></net>

<net id="2068"><net_src comp="2060" pin="1"/><net_sink comp="2063" pin=1"/></net>

<net id="2079"><net_src comp="2069" pin="1"/><net_sink comp="2075" pin=0"/></net>

<net id="2080"><net_src comp="2072" pin="1"/><net_sink comp="2075" pin=1"/></net>

<net id="2084"><net_src comp="102" pin="0"/><net_sink comp="2081" pin=0"/></net>

<net id="2088"><net_src comp="104" pin="0"/><net_sink comp="2085" pin=0"/></net>

<net id="2095"><net_src comp="134" pin="0"/><net_sink comp="2089" pin=0"/></net>

<net id="2096"><net_src comp="2081" pin="1"/><net_sink comp="2089" pin=1"/></net>

<net id="2097"><net_src comp="2085" pin="1"/><net_sink comp="2089" pin=2"/></net>

<net id="2104"><net_src comp="136" pin="0"/><net_sink comp="2098" pin=0"/></net>

<net id="2105"><net_src comp="140" pin="0"/><net_sink comp="2098" pin=1"/></net>

<net id="2106"><net_src comp="138" pin="0"/><net_sink comp="2098" pin=2"/></net>

<net id="2112"><net_src comp="172" pin="0"/><net_sink comp="2107" pin=0"/></net>

<net id="2113"><net_src comp="174" pin="0"/><net_sink comp="2107" pin=2"/></net>

<net id="2118"><net_src comp="2107" pin="3"/><net_sink comp="2114" pin=0"/></net>

<net id="2125"><net_src comp="158" pin="0"/><net_sink comp="2119" pin=0"/></net>

<net id="2126"><net_src comp="2114" pin="2"/><net_sink comp="2119" pin=1"/></net>

<net id="2127"><net_src comp="160" pin="0"/><net_sink comp="2119" pin=2"/></net>

<net id="2128"><net_src comp="162" pin="0"/><net_sink comp="2119" pin=3"/></net>

<net id="2134"><net_src comp="172" pin="0"/><net_sink comp="2129" pin=0"/></net>

<net id="2135"><net_src comp="2119" pin="4"/><net_sink comp="2129" pin=1"/></net>

<net id="2136"><net_src comp="174" pin="0"/><net_sink comp="2129" pin=2"/></net>

<net id="2141"><net_src comp="2129" pin="3"/><net_sink comp="2137" pin=0"/></net>

<net id="2148"><net_src comp="158" pin="0"/><net_sink comp="2142" pin=0"/></net>

<net id="2149"><net_src comp="2137" pin="2"/><net_sink comp="2142" pin=1"/></net>

<net id="2150"><net_src comp="160" pin="0"/><net_sink comp="2142" pin=2"/></net>

<net id="2151"><net_src comp="162" pin="0"/><net_sink comp="2142" pin=3"/></net>

<net id="2162"><net_src comp="2152" pin="1"/><net_sink comp="2158" pin=0"/></net>

<net id="2163"><net_src comp="2155" pin="1"/><net_sink comp="2158" pin=1"/></net>

<net id="2169"><net_src comp="172" pin="0"/><net_sink comp="2164" pin=0"/></net>

<net id="2170"><net_src comp="174" pin="0"/><net_sink comp="2164" pin=2"/></net>

<net id="2175"><net_src comp="2164" pin="3"/><net_sink comp="2171" pin=0"/></net>

<net id="2182"><net_src comp="158" pin="0"/><net_sink comp="2176" pin=0"/></net>

<net id="2183"><net_src comp="2171" pin="2"/><net_sink comp="2176" pin=1"/></net>

<net id="2184"><net_src comp="160" pin="0"/><net_sink comp="2176" pin=2"/></net>

<net id="2185"><net_src comp="162" pin="0"/><net_sink comp="2176" pin=3"/></net>

<net id="2191"><net_src comp="172" pin="0"/><net_sink comp="2186" pin=0"/></net>

<net id="2192"><net_src comp="2176" pin="4"/><net_sink comp="2186" pin=1"/></net>

<net id="2193"><net_src comp="174" pin="0"/><net_sink comp="2186" pin=2"/></net>

<net id="2198"><net_src comp="2186" pin="3"/><net_sink comp="2194" pin=0"/></net>

<net id="2205"><net_src comp="158" pin="0"/><net_sink comp="2199" pin=0"/></net>

<net id="2206"><net_src comp="2194" pin="2"/><net_sink comp="2199" pin=1"/></net>

<net id="2207"><net_src comp="160" pin="0"/><net_sink comp="2199" pin=2"/></net>

<net id="2208"><net_src comp="162" pin="0"/><net_sink comp="2199" pin=3"/></net>

<net id="2214"><net_src comp="172" pin="0"/><net_sink comp="2209" pin=0"/></net>

<net id="2215"><net_src comp="174" pin="0"/><net_sink comp="2209" pin=2"/></net>

<net id="2220"><net_src comp="2209" pin="3"/><net_sink comp="2216" pin=0"/></net>

<net id="2227"><net_src comp="158" pin="0"/><net_sink comp="2221" pin=0"/></net>

<net id="2228"><net_src comp="2216" pin="2"/><net_sink comp="2221" pin=1"/></net>

<net id="2229"><net_src comp="160" pin="0"/><net_sink comp="2221" pin=2"/></net>

<net id="2230"><net_src comp="162" pin="0"/><net_sink comp="2221" pin=3"/></net>

<net id="2234"><net_src comp="106" pin="0"/><net_sink comp="2231" pin=0"/></net>

<net id="2241"><net_src comp="192" pin="0"/><net_sink comp="2235" pin=0"/></net>

<net id="2242"><net_src comp="2216" pin="2"/><net_sink comp="2235" pin=1"/></net>

<net id="2243"><net_src comp="160" pin="0"/><net_sink comp="2235" pin=2"/></net>

<net id="2244"><net_src comp="194" pin="0"/><net_sink comp="2235" pin=3"/></net>

<net id="2248"><net_src comp="2231" pin="1"/><net_sink comp="2245" pin=0"/></net>

<net id="2253"><net_src comp="2231" pin="1"/><net_sink comp="2249" pin=0"/></net>

<net id="2254"><net_src comp="2221" pin="4"/><net_sink comp="2249" pin=1"/></net>

<net id="2259"><net_src comp="2245" pin="1"/><net_sink comp="2255" pin=0"/></net>

<net id="2260"><net_src comp="2235" pin="4"/><net_sink comp="2255" pin=1"/></net>

<net id="2265"><net_src comp="132" pin="0"/><net_sink comp="2261" pin=1"/></net>

<net id="2270"><net_src comp="132" pin="0"/><net_sink comp="2266" pin=1"/></net>

<net id="2275"><net_src comp="2266" pin="2"/><net_sink comp="2271" pin=0"/></net>

<net id="2276"><net_src comp="16" pin="0"/><net_sink comp="2271" pin=1"/></net>

<net id="2283"><net_src comp="196" pin="0"/><net_sink comp="2277" pin=0"/></net>

<net id="2284"><net_src comp="2255" pin="2"/><net_sink comp="2277" pin=1"/></net>

<net id="2285"><net_src comp="198" pin="0"/><net_sink comp="2277" pin=2"/></net>

<net id="2286"><net_src comp="200" pin="0"/><net_sink comp="2277" pin=3"/></net>

<net id="2287"><net_src comp="2277" pin="4"/><net_sink comp="220" pin=5"/></net>

<net id="2292"><net_src comp="206" pin="0"/><net_sink comp="2288" pin=0"/></net>

<net id="2293"><net_src comp="16" pin="0"/><net_sink comp="2288" pin=1"/></net>

<net id="2298"><net_src comp="475" pin="4"/><net_sink comp="2294" pin=0"/></net>

<net id="2299"><net_src comp="106" pin="0"/><net_sink comp="2294" pin=1"/></net>

<net id="2303"><net_src comp="482" pin="1"/><net_sink comp="2300" pin=0"/></net>

<net id="2304"><net_src comp="2300" pin="1"/><net_sink comp="1180" pin=0"/></net>

<net id="2308"><net_src comp="486" pin="1"/><net_sink comp="2305" pin=0"/></net>

<net id="2309"><net_src comp="2305" pin="1"/><net_sink comp="220" pin=8"/></net>

<net id="2316"><net_src comp="500" pin="1"/><net_sink comp="2313" pin=0"/></net>

<net id="2317"><net_src comp="2313" pin="1"/><net_sink comp="1216" pin=3"/></net>

<net id="2318"><net_src comp="2313" pin="1"/><net_sink comp="1225" pin=3"/></net>

<net id="2319"><net_src comp="2313" pin="1"/><net_sink comp="1234" pin=3"/></net>

<net id="2320"><net_src comp="2313" pin="1"/><net_sink comp="1243" pin=3"/></net>

<net id="2321"><net_src comp="2313" pin="1"/><net_sink comp="1252" pin=3"/></net>

<net id="2322"><net_src comp="2313" pin="1"/><net_sink comp="1261" pin=3"/></net>

<net id="2323"><net_src comp="2313" pin="1"/><net_sink comp="1270" pin=3"/></net>

<net id="2324"><net_src comp="2313" pin="1"/><net_sink comp="1279" pin=3"/></net>

<net id="2325"><net_src comp="2313" pin="1"/><net_sink comp="1288" pin=3"/></net>

<net id="2326"><net_src comp="2313" pin="1"/><net_sink comp="1297" pin=3"/></net>

<net id="2327"><net_src comp="2313" pin="1"/><net_sink comp="1306" pin=3"/></net>

<net id="2328"><net_src comp="2313" pin="1"/><net_sink comp="1315" pin=3"/></net>

<net id="2329"><net_src comp="2313" pin="1"/><net_sink comp="1324" pin=3"/></net>

<net id="2330"><net_src comp="2313" pin="1"/><net_sink comp="1333" pin=3"/></net>

<net id="2331"><net_src comp="2313" pin="1"/><net_sink comp="1342" pin=3"/></net>

<net id="2332"><net_src comp="2313" pin="1"/><net_sink comp="1385" pin=3"/></net>

<net id="2333"><net_src comp="2313" pin="1"/><net_sink comp="1394" pin=3"/></net>

<net id="2334"><net_src comp="2313" pin="1"/><net_sink comp="1472" pin=3"/></net>

<net id="2335"><net_src comp="2313" pin="1"/><net_sink comp="1481" pin=3"/></net>

<net id="2336"><net_src comp="2313" pin="1"/><net_sink comp="1559" pin=3"/></net>

<net id="2337"><net_src comp="2313" pin="1"/><net_sink comp="1568" pin=3"/></net>

<net id="2338"><net_src comp="2313" pin="1"/><net_sink comp="1646" pin=3"/></net>

<net id="2339"><net_src comp="2313" pin="1"/><net_sink comp="1655" pin=3"/></net>

<net id="2340"><net_src comp="2313" pin="1"/><net_sink comp="1733" pin=3"/></net>

<net id="2341"><net_src comp="2313" pin="1"/><net_sink comp="1742" pin=3"/></net>

<net id="2342"><net_src comp="2313" pin="1"/><net_sink comp="1820" pin=3"/></net>

<net id="2343"><net_src comp="2313" pin="1"/><net_sink comp="1829" pin=3"/></net>

<net id="2344"><net_src comp="2313" pin="1"/><net_sink comp="1907" pin=3"/></net>

<net id="2345"><net_src comp="2313" pin="1"/><net_sink comp="1916" pin=3"/></net>

<net id="2346"><net_src comp="2313" pin="1"/><net_sink comp="1994" pin=3"/></net>

<net id="2347"><net_src comp="2313" pin="1"/><net_sink comp="2003" pin=3"/></net>

<net id="2348"><net_src comp="2313" pin="1"/><net_sink comp="2089" pin=3"/></net>

<net id="2349"><net_src comp="2313" pin="1"/><net_sink comp="2098" pin=3"/></net>

<net id="2353"><net_src comp="504" pin="1"/><net_sink comp="2350" pin=0"/></net>

<net id="2354"><net_src comp="2350" pin="1"/><net_sink comp="250" pin=0"/></net>

<net id="2358"><net_src comp="508" pin="1"/><net_sink comp="2355" pin=0"/></net>

<net id="2359"><net_src comp="2355" pin="1"/><net_sink comp="241" pin=2"/></net>

<net id="2366"><net_src comp="526" pin="1"/><net_sink comp="2363" pin=0"/></net>

<net id="2367"><net_src comp="2363" pin="1"/><net_sink comp="268" pin=0"/></net>

<net id="2371"><net_src comp="530" pin="1"/><net_sink comp="2368" pin=0"/></net>

<net id="2372"><net_src comp="2368" pin="1"/><net_sink comp="259" pin=2"/></net>

<net id="2376"><net_src comp="534" pin="1"/><net_sink comp="2373" pin=0"/></net>

<net id="2377"><net_src comp="2373" pin="1"/><net_sink comp="286" pin=0"/></net>

<net id="2381"><net_src comp="538" pin="1"/><net_sink comp="2378" pin=0"/></net>

<net id="2382"><net_src comp="2378" pin="1"/><net_sink comp="277" pin=2"/></net>

<net id="2386"><net_src comp="542" pin="1"/><net_sink comp="2383" pin=0"/></net>

<net id="2387"><net_src comp="2383" pin="1"/><net_sink comp="304" pin=0"/></net>

<net id="2391"><net_src comp="546" pin="1"/><net_sink comp="2388" pin=0"/></net>

<net id="2392"><net_src comp="2388" pin="1"/><net_sink comp="295" pin=2"/></net>

<net id="2396"><net_src comp="550" pin="1"/><net_sink comp="2393" pin=0"/></net>

<net id="2397"><net_src comp="2393" pin="1"/><net_sink comp="322" pin=0"/></net>

<net id="2401"><net_src comp="554" pin="1"/><net_sink comp="2398" pin=0"/></net>

<net id="2402"><net_src comp="2398" pin="1"/><net_sink comp="313" pin=2"/></net>

<net id="2406"><net_src comp="558" pin="1"/><net_sink comp="2403" pin=0"/></net>

<net id="2407"><net_src comp="2403" pin="1"/><net_sink comp="340" pin=0"/></net>

<net id="2411"><net_src comp="562" pin="1"/><net_sink comp="2408" pin=0"/></net>

<net id="2412"><net_src comp="2408" pin="1"/><net_sink comp="331" pin=2"/></net>

<net id="2416"><net_src comp="566" pin="1"/><net_sink comp="2413" pin=0"/></net>

<net id="2417"><net_src comp="2413" pin="1"/><net_sink comp="358" pin=0"/></net>

<net id="2421"><net_src comp="570" pin="1"/><net_sink comp="2418" pin=0"/></net>

<net id="2422"><net_src comp="2418" pin="1"/><net_sink comp="349" pin=2"/></net>

<net id="2426"><net_src comp="574" pin="1"/><net_sink comp="2423" pin=0"/></net>

<net id="2427"><net_src comp="2423" pin="1"/><net_sink comp="376" pin=0"/></net>

<net id="2431"><net_src comp="578" pin="1"/><net_sink comp="2428" pin=0"/></net>

<net id="2432"><net_src comp="2428" pin="1"/><net_sink comp="367" pin=2"/></net>

<net id="2436"><net_src comp="582" pin="1"/><net_sink comp="2433" pin=0"/></net>

<net id="2437"><net_src comp="2433" pin="1"/><net_sink comp="394" pin=0"/></net>

<net id="2441"><net_src comp="586" pin="1"/><net_sink comp="2438" pin=0"/></net>

<net id="2442"><net_src comp="2438" pin="1"/><net_sink comp="385" pin=2"/></net>

<net id="2446"><net_src comp="590" pin="1"/><net_sink comp="2443" pin=0"/></net>

<net id="2447"><net_src comp="2443" pin="1"/><net_sink comp="412" pin=0"/></net>

<net id="2451"><net_src comp="594" pin="1"/><net_sink comp="2448" pin=0"/></net>

<net id="2452"><net_src comp="2448" pin="1"/><net_sink comp="403" pin=2"/></net>

<net id="2456"><net_src comp="598" pin="1"/><net_sink comp="2453" pin=0"/></net>

<net id="2457"><net_src comp="2453" pin="1"/><net_sink comp="448" pin=0"/></net>

<net id="2461"><net_src comp="602" pin="1"/><net_sink comp="2458" pin=0"/></net>

<net id="2462"><net_src comp="2458" pin="1"/><net_sink comp="439" pin=2"/></net>

<net id="2466"><net_src comp="606" pin="1"/><net_sink comp="2463" pin=0"/></net>

<net id="2467"><net_src comp="2463" pin="1"/><net_sink comp="421" pin=0"/></net>

<net id="2471"><net_src comp="610" pin="1"/><net_sink comp="2468" pin=0"/></net>

<net id="2472"><net_src comp="2468" pin="1"/><net_sink comp="430" pin=2"/></net>

<net id="2476"><net_src comp="614" pin="1"/><net_sink comp="2473" pin=0"/></net>

<net id="2477"><net_src comp="2473" pin="1"/><net_sink comp="466" pin=0"/></net>

<net id="2481"><net_src comp="618" pin="1"/><net_sink comp="2478" pin=0"/></net>

<net id="2482"><net_src comp="2478" pin="1"/><net_sink comp="457" pin=2"/></net>

<net id="2486"><net_src comp="686" pin="4"/><net_sink comp="2483" pin=0"/></net>

<net id="2487"><net_src comp="2483" pin="1"/><net_sink comp="241" pin=0"/></net>

<net id="2488"><net_src comp="2483" pin="1"/><net_sink comp="250" pin=2"/></net>

<net id="2492"><net_src comp="696" pin="4"/><net_sink comp="2489" pin=0"/></net>

<net id="2493"><net_src comp="2489" pin="1"/><net_sink comp="259" pin=0"/></net>

<net id="2494"><net_src comp="2489" pin="1"/><net_sink comp="268" pin=2"/></net>

<net id="2498"><net_src comp="706" pin="4"/><net_sink comp="2495" pin=0"/></net>

<net id="2499"><net_src comp="2495" pin="1"/><net_sink comp="277" pin=0"/></net>

<net id="2500"><net_src comp="2495" pin="1"/><net_sink comp="286" pin=2"/></net>

<net id="2504"><net_src comp="716" pin="4"/><net_sink comp="2501" pin=0"/></net>

<net id="2505"><net_src comp="2501" pin="1"/><net_sink comp="295" pin=0"/></net>

<net id="2506"><net_src comp="2501" pin="1"/><net_sink comp="304" pin=2"/></net>

<net id="2510"><net_src comp="726" pin="4"/><net_sink comp="2507" pin=0"/></net>

<net id="2511"><net_src comp="2507" pin="1"/><net_sink comp="313" pin=0"/></net>

<net id="2512"><net_src comp="2507" pin="1"/><net_sink comp="322" pin=2"/></net>

<net id="2516"><net_src comp="736" pin="4"/><net_sink comp="2513" pin=0"/></net>

<net id="2517"><net_src comp="2513" pin="1"/><net_sink comp="331" pin=0"/></net>

<net id="2518"><net_src comp="2513" pin="1"/><net_sink comp="340" pin=2"/></net>

<net id="2522"><net_src comp="746" pin="4"/><net_sink comp="2519" pin=0"/></net>

<net id="2523"><net_src comp="2519" pin="1"/><net_sink comp="349" pin=0"/></net>

<net id="2524"><net_src comp="2519" pin="1"/><net_sink comp="358" pin=2"/></net>

<net id="2528"><net_src comp="756" pin="4"/><net_sink comp="2525" pin=0"/></net>

<net id="2529"><net_src comp="2525" pin="1"/><net_sink comp="367" pin=0"/></net>

<net id="2530"><net_src comp="2525" pin="1"/><net_sink comp="376" pin=2"/></net>

<net id="2534"><net_src comp="766" pin="4"/><net_sink comp="2531" pin=0"/></net>

<net id="2535"><net_src comp="2531" pin="1"/><net_sink comp="385" pin=0"/></net>

<net id="2536"><net_src comp="2531" pin="1"/><net_sink comp="394" pin=2"/></net>

<net id="2540"><net_src comp="776" pin="4"/><net_sink comp="2537" pin=0"/></net>

<net id="2541"><net_src comp="2537" pin="1"/><net_sink comp="403" pin=0"/></net>

<net id="2542"><net_src comp="2537" pin="1"/><net_sink comp="412" pin=2"/></net>

<net id="2546"><net_src comp="786" pin="4"/><net_sink comp="2543" pin=0"/></net>

<net id="2547"><net_src comp="2543" pin="1"/><net_sink comp="439" pin=0"/></net>

<net id="2548"><net_src comp="2543" pin="1"/><net_sink comp="448" pin=2"/></net>

<net id="2552"><net_src comp="796" pin="4"/><net_sink comp="2549" pin=0"/></net>

<net id="2553"><net_src comp="2549" pin="1"/><net_sink comp="421" pin=2"/></net>

<net id="2554"><net_src comp="2549" pin="1"/><net_sink comp="430" pin=0"/></net>

<net id="2558"><net_src comp="806" pin="4"/><net_sink comp="2555" pin=0"/></net>

<net id="2559"><net_src comp="2555" pin="1"/><net_sink comp="457" pin=0"/></net>

<net id="2560"><net_src comp="2555" pin="1"/><net_sink comp="466" pin=2"/></net>

<net id="2564"><net_src comp="816" pin="4"/><net_sink comp="2561" pin=0"/></net>

<net id="2565"><net_src comp="2561" pin="1"/><net_sink comp="1535" pin=0"/></net>

<net id="2569"><net_src comp="826" pin="4"/><net_sink comp="2566" pin=0"/></net>

<net id="2570"><net_src comp="2566" pin="1"/><net_sink comp="1460" pin=0"/></net>

<net id="2574"><net_src comp="836" pin="4"/><net_sink comp="2571" pin=0"/></net>

<net id="2575"><net_src comp="2571" pin="1"/><net_sink comp="1448" pin=0"/></net>

<net id="2579"><net_src comp="846" pin="4"/><net_sink comp="2576" pin=0"/></net>

<net id="2580"><net_src comp="2576" pin="1"/><net_sink comp="1373" pin=0"/></net>

<net id="2584"><net_src comp="856" pin="4"/><net_sink comp="2581" pin=0"/></net>

<net id="2585"><net_src comp="2581" pin="1"/><net_sink comp="1361" pin=0"/></net>

<net id="2589"><net_src comp="866" pin="4"/><net_sink comp="2586" pin=0"/></net>

<net id="2590"><net_src comp="2586" pin="1"/><net_sink comp="1204" pin=0"/></net>

<net id="2594"><net_src comp="876" pin="4"/><net_sink comp="2591" pin=0"/></net>

<net id="2595"><net_src comp="2591" pin="1"/><net_sink comp="1192" pin=0"/></net>

<net id="2599"><net_src comp="1150" pin="4"/><net_sink comp="2596" pin=0"/></net>

<net id="2600"><net_src comp="2596" pin="1"/><net_sink comp="1183" pin=0"/></net>

<net id="2604"><net_src comp="1160" pin="4"/><net_sink comp="2601" pin=0"/></net>

<net id="2605"><net_src comp="2601" pin="1"/><net_sink comp="1195" pin=0"/></net>

<net id="2609"><net_src comp="1170" pin="4"/><net_sink comp="2606" pin=0"/></net>

<net id="2610"><net_src comp="2606" pin="1"/><net_sink comp="1207" pin=0"/></net>

<net id="2614"><net_src comp="1180" pin="1"/><net_sink comp="2611" pin=0"/></net>

<net id="2615"><net_src comp="2611" pin="1"/><net_sink comp="1186" pin=0"/></net>

<net id="2619"><net_src comp="1183" pin="1"/><net_sink comp="2616" pin=0"/></net>

<net id="2620"><net_src comp="2616" pin="1"/><net_sink comp="1186" pin=1"/></net>

<net id="2624"><net_src comp="1192" pin="1"/><net_sink comp="2621" pin=0"/></net>

<net id="2625"><net_src comp="2621" pin="1"/><net_sink comp="1198" pin=0"/></net>

<net id="2629"><net_src comp="1195" pin="1"/><net_sink comp="2626" pin=0"/></net>

<net id="2630"><net_src comp="2626" pin="1"/><net_sink comp="1198" pin=1"/></net>

<net id="2634"><net_src comp="1204" pin="1"/><net_sink comp="2631" pin=0"/></net>

<net id="2635"><net_src comp="2631" pin="1"/><net_sink comp="1210" pin=0"/></net>

<net id="2639"><net_src comp="1207" pin="1"/><net_sink comp="2636" pin=0"/></net>

<net id="2640"><net_src comp="2636" pin="1"/><net_sink comp="1210" pin=1"/></net>

<net id="2644"><net_src comp="1216" pin="4"/><net_sink comp="2641" pin=0"/></net>

<net id="2645"><net_src comp="2641" pin="1"/><net_sink comp="1364" pin=0"/></net>

<net id="2649"><net_src comp="1225" pin="4"/><net_sink comp="2646" pin=0"/></net>

<net id="2650"><net_src comp="2646" pin="1"/><net_sink comp="1376" pin=0"/></net>

<net id="2654"><net_src comp="1234" pin="4"/><net_sink comp="2651" pin=0"/></net>

<net id="2655"><net_src comp="2651" pin="1"/><net_sink comp="1547" pin=0"/></net>

<net id="2659"><net_src comp="1243" pin="4"/><net_sink comp="2656" pin=0"/></net>

<net id="2660"><net_src comp="2656" pin="1"/><net_sink comp="1622" pin=0"/></net>

<net id="2664"><net_src comp="1252" pin="4"/><net_sink comp="2661" pin=0"/></net>

<net id="2665"><net_src comp="2661" pin="1"/><net_sink comp="1634" pin=0"/></net>

<net id="2669"><net_src comp="1261" pin="4"/><net_sink comp="2666" pin=0"/></net>

<net id="2670"><net_src comp="2666" pin="1"/><net_sink comp="1709" pin=0"/></net>

<net id="2674"><net_src comp="1270" pin="4"/><net_sink comp="2671" pin=0"/></net>

<net id="2675"><net_src comp="2671" pin="1"/><net_sink comp="1721" pin=0"/></net>

<net id="2679"><net_src comp="1279" pin="4"/><net_sink comp="2676" pin=0"/></net>

<net id="2680"><net_src comp="2676" pin="1"/><net_sink comp="1796" pin=0"/></net>

<net id="2684"><net_src comp="1288" pin="4"/><net_sink comp="2681" pin=0"/></net>

<net id="2685"><net_src comp="2681" pin="1"/><net_sink comp="1808" pin=0"/></net>

<net id="2689"><net_src comp="1297" pin="4"/><net_sink comp="2686" pin=0"/></net>

<net id="2690"><net_src comp="2686" pin="1"/><net_sink comp="1883" pin=0"/></net>

<net id="2694"><net_src comp="1306" pin="4"/><net_sink comp="2691" pin=0"/></net>

<net id="2695"><net_src comp="2691" pin="1"/><net_sink comp="1895" pin=0"/></net>

<net id="2699"><net_src comp="1315" pin="4"/><net_sink comp="2696" pin=0"/></net>

<net id="2700"><net_src comp="2696" pin="1"/><net_sink comp="1970" pin=0"/></net>

<net id="2704"><net_src comp="1324" pin="4"/><net_sink comp="2701" pin=0"/></net>

<net id="2705"><net_src comp="2701" pin="1"/><net_sink comp="1982" pin=0"/></net>

<net id="2709"><net_src comp="1333" pin="4"/><net_sink comp="2706" pin=0"/></net>

<net id="2710"><net_src comp="2706" pin="1"/><net_sink comp="2057" pin=0"/></net>

<net id="2714"><net_src comp="1342" pin="4"/><net_sink comp="2711" pin=0"/></net>

<net id="2715"><net_src comp="2711" pin="1"/><net_sink comp="2069" pin=0"/></net>

<net id="2719"><net_src comp="1198" pin="2"/><net_sink comp="2716" pin=0"/></net>

<net id="2720"><net_src comp="2716" pin="1"/><net_sink comp="1410" pin=1"/></net>

<net id="2724"><net_src comp="1351" pin="4"/><net_sink comp="2721" pin=0"/></net>

<net id="2725"><net_src comp="2721" pin="1"/><net_sink comp="1403" pin=1"/></net>

<net id="2729"><net_src comp="1210" pin="2"/><net_sink comp="2726" pin=0"/></net>

<net id="2730"><net_src comp="2726" pin="1"/><net_sink comp="1433" pin=1"/></net>

<net id="2734"><net_src comp="1361" pin="1"/><net_sink comp="2731" pin=0"/></net>

<net id="2735"><net_src comp="2731" pin="1"/><net_sink comp="1367" pin=0"/></net>

<net id="2739"><net_src comp="1364" pin="1"/><net_sink comp="2736" pin=0"/></net>

<net id="2740"><net_src comp="2736" pin="1"/><net_sink comp="1367" pin=1"/></net>

<net id="2744"><net_src comp="1373" pin="1"/><net_sink comp="2741" pin=0"/></net>

<net id="2745"><net_src comp="2741" pin="1"/><net_sink comp="1379" pin=0"/></net>

<net id="2749"><net_src comp="1376" pin="1"/><net_sink comp="2746" pin=0"/></net>

<net id="2750"><net_src comp="2746" pin="1"/><net_sink comp="1379" pin=1"/></net>

<net id="2754"><net_src comp="1385" pin="4"/><net_sink comp="2751" pin=0"/></net>

<net id="2755"><net_src comp="2751" pin="1"/><net_sink comp="1451" pin=0"/></net>

<net id="2759"><net_src comp="1394" pin="4"/><net_sink comp="2756" pin=0"/></net>

<net id="2760"><net_src comp="2756" pin="1"/><net_sink comp="1463" pin=0"/></net>

<net id="2764"><net_src comp="1367" pin="2"/><net_sink comp="2761" pin=0"/></net>

<net id="2765"><net_src comp="2761" pin="1"/><net_sink comp="1497" pin=1"/></net>

<net id="2769"><net_src comp="1438" pin="4"/><net_sink comp="2766" pin=0"/></net>

<net id="2770"><net_src comp="2766" pin="1"/><net_sink comp="1490" pin=1"/></net>

<net id="2774"><net_src comp="1379" pin="2"/><net_sink comp="2771" pin=0"/></net>

<net id="2775"><net_src comp="2771" pin="1"/><net_sink comp="1520" pin=1"/></net>

<net id="2779"><net_src comp="1448" pin="1"/><net_sink comp="2776" pin=0"/></net>

<net id="2780"><net_src comp="2776" pin="1"/><net_sink comp="1454" pin=0"/></net>

<net id="2784"><net_src comp="1451" pin="1"/><net_sink comp="2781" pin=0"/></net>

<net id="2785"><net_src comp="2781" pin="1"/><net_sink comp="1454" pin=1"/></net>

<net id="2789"><net_src comp="1460" pin="1"/><net_sink comp="2786" pin=0"/></net>

<net id="2790"><net_src comp="2786" pin="1"/><net_sink comp="1466" pin=0"/></net>

<net id="2794"><net_src comp="1463" pin="1"/><net_sink comp="2791" pin=0"/></net>

<net id="2795"><net_src comp="2791" pin="1"/><net_sink comp="1466" pin=1"/></net>

<net id="2799"><net_src comp="1472" pin="4"/><net_sink comp="2796" pin=0"/></net>

<net id="2800"><net_src comp="2796" pin="1"/><net_sink comp="1538" pin=0"/></net>

<net id="2804"><net_src comp="1481" pin="4"/><net_sink comp="2801" pin=0"/></net>

<net id="2805"><net_src comp="2801" pin="1"/><net_sink comp="1550" pin=0"/></net>

<net id="2809"><net_src comp="1454" pin="2"/><net_sink comp="2806" pin=0"/></net>

<net id="2810"><net_src comp="2806" pin="1"/><net_sink comp="1584" pin=1"/></net>

<net id="2814"><net_src comp="1525" pin="4"/><net_sink comp="2811" pin=0"/></net>

<net id="2815"><net_src comp="2811" pin="1"/><net_sink comp="1577" pin=1"/></net>

<net id="2819"><net_src comp="1466" pin="2"/><net_sink comp="2816" pin=0"/></net>

<net id="2820"><net_src comp="2816" pin="1"/><net_sink comp="1607" pin=1"/></net>

<net id="2824"><net_src comp="1535" pin="1"/><net_sink comp="2821" pin=0"/></net>

<net id="2825"><net_src comp="2821" pin="1"/><net_sink comp="1541" pin=0"/></net>

<net id="2829"><net_src comp="1538" pin="1"/><net_sink comp="2826" pin=0"/></net>

<net id="2830"><net_src comp="2826" pin="1"/><net_sink comp="1541" pin=1"/></net>

<net id="2834"><net_src comp="1547" pin="1"/><net_sink comp="2831" pin=0"/></net>

<net id="2835"><net_src comp="2831" pin="1"/><net_sink comp="1553" pin=0"/></net>

<net id="2839"><net_src comp="1550" pin="1"/><net_sink comp="2836" pin=0"/></net>

<net id="2840"><net_src comp="2836" pin="1"/><net_sink comp="1553" pin=1"/></net>

<net id="2844"><net_src comp="1559" pin="4"/><net_sink comp="2841" pin=0"/></net>

<net id="2845"><net_src comp="2841" pin="1"/><net_sink comp="1625" pin=0"/></net>

<net id="2849"><net_src comp="1568" pin="4"/><net_sink comp="2846" pin=0"/></net>

<net id="2850"><net_src comp="2846" pin="1"/><net_sink comp="1637" pin=0"/></net>

<net id="2854"><net_src comp="1541" pin="2"/><net_sink comp="2851" pin=0"/></net>

<net id="2855"><net_src comp="2851" pin="1"/><net_sink comp="1671" pin=1"/></net>

<net id="2859"><net_src comp="1612" pin="4"/><net_sink comp="2856" pin=0"/></net>

<net id="2860"><net_src comp="2856" pin="1"/><net_sink comp="1664" pin=1"/></net>

<net id="2864"><net_src comp="1553" pin="2"/><net_sink comp="2861" pin=0"/></net>

<net id="2865"><net_src comp="2861" pin="1"/><net_sink comp="1694" pin=1"/></net>

<net id="2869"><net_src comp="1622" pin="1"/><net_sink comp="2866" pin=0"/></net>

<net id="2870"><net_src comp="2866" pin="1"/><net_sink comp="1628" pin=0"/></net>

<net id="2874"><net_src comp="1625" pin="1"/><net_sink comp="2871" pin=0"/></net>

<net id="2875"><net_src comp="2871" pin="1"/><net_sink comp="1628" pin=1"/></net>

<net id="2879"><net_src comp="1634" pin="1"/><net_sink comp="2876" pin=0"/></net>

<net id="2880"><net_src comp="2876" pin="1"/><net_sink comp="1640" pin=0"/></net>

<net id="2884"><net_src comp="1637" pin="1"/><net_sink comp="2881" pin=0"/></net>

<net id="2885"><net_src comp="2881" pin="1"/><net_sink comp="1640" pin=1"/></net>

<net id="2889"><net_src comp="1646" pin="4"/><net_sink comp="2886" pin=0"/></net>

<net id="2890"><net_src comp="2886" pin="1"/><net_sink comp="1712" pin=0"/></net>

<net id="2894"><net_src comp="1655" pin="4"/><net_sink comp="2891" pin=0"/></net>

<net id="2895"><net_src comp="2891" pin="1"/><net_sink comp="1724" pin=0"/></net>

<net id="2899"><net_src comp="1628" pin="2"/><net_sink comp="2896" pin=0"/></net>

<net id="2900"><net_src comp="2896" pin="1"/><net_sink comp="1758" pin=1"/></net>

<net id="2904"><net_src comp="1699" pin="4"/><net_sink comp="2901" pin=0"/></net>

<net id="2905"><net_src comp="2901" pin="1"/><net_sink comp="1751" pin=1"/></net>

<net id="2909"><net_src comp="1640" pin="2"/><net_sink comp="2906" pin=0"/></net>

<net id="2910"><net_src comp="2906" pin="1"/><net_sink comp="1781" pin=1"/></net>

<net id="2914"><net_src comp="1709" pin="1"/><net_sink comp="2911" pin=0"/></net>

<net id="2915"><net_src comp="2911" pin="1"/><net_sink comp="1715" pin=0"/></net>

<net id="2919"><net_src comp="1712" pin="1"/><net_sink comp="2916" pin=0"/></net>

<net id="2920"><net_src comp="2916" pin="1"/><net_sink comp="1715" pin=1"/></net>

<net id="2924"><net_src comp="1721" pin="1"/><net_sink comp="2921" pin=0"/></net>

<net id="2925"><net_src comp="2921" pin="1"/><net_sink comp="1727" pin=0"/></net>

<net id="2929"><net_src comp="1724" pin="1"/><net_sink comp="2926" pin=0"/></net>

<net id="2930"><net_src comp="2926" pin="1"/><net_sink comp="1727" pin=1"/></net>

<net id="2934"><net_src comp="1733" pin="4"/><net_sink comp="2931" pin=0"/></net>

<net id="2935"><net_src comp="2931" pin="1"/><net_sink comp="1799" pin=0"/></net>

<net id="2939"><net_src comp="1742" pin="4"/><net_sink comp="2936" pin=0"/></net>

<net id="2940"><net_src comp="2936" pin="1"/><net_sink comp="1811" pin=0"/></net>

<net id="2944"><net_src comp="1715" pin="2"/><net_sink comp="2941" pin=0"/></net>

<net id="2945"><net_src comp="2941" pin="1"/><net_sink comp="1845" pin=1"/></net>

<net id="2949"><net_src comp="1786" pin="4"/><net_sink comp="2946" pin=0"/></net>

<net id="2950"><net_src comp="2946" pin="1"/><net_sink comp="1838" pin=1"/></net>

<net id="2954"><net_src comp="1727" pin="2"/><net_sink comp="2951" pin=0"/></net>

<net id="2955"><net_src comp="2951" pin="1"/><net_sink comp="1868" pin=1"/></net>

<net id="2959"><net_src comp="1796" pin="1"/><net_sink comp="2956" pin=0"/></net>

<net id="2960"><net_src comp="2956" pin="1"/><net_sink comp="1802" pin=0"/></net>

<net id="2964"><net_src comp="1799" pin="1"/><net_sink comp="2961" pin=0"/></net>

<net id="2965"><net_src comp="2961" pin="1"/><net_sink comp="1802" pin=1"/></net>

<net id="2969"><net_src comp="1808" pin="1"/><net_sink comp="2966" pin=0"/></net>

<net id="2970"><net_src comp="2966" pin="1"/><net_sink comp="1814" pin=0"/></net>

<net id="2974"><net_src comp="1811" pin="1"/><net_sink comp="2971" pin=0"/></net>

<net id="2975"><net_src comp="2971" pin="1"/><net_sink comp="1814" pin=1"/></net>

<net id="2979"><net_src comp="1820" pin="4"/><net_sink comp="2976" pin=0"/></net>

<net id="2980"><net_src comp="2976" pin="1"/><net_sink comp="1886" pin=0"/></net>

<net id="2984"><net_src comp="1829" pin="4"/><net_sink comp="2981" pin=0"/></net>

<net id="2985"><net_src comp="2981" pin="1"/><net_sink comp="1898" pin=0"/></net>

<net id="2989"><net_src comp="1802" pin="2"/><net_sink comp="2986" pin=0"/></net>

<net id="2990"><net_src comp="2986" pin="1"/><net_sink comp="1932" pin=1"/></net>

<net id="2994"><net_src comp="1873" pin="4"/><net_sink comp="2991" pin=0"/></net>

<net id="2995"><net_src comp="2991" pin="1"/><net_sink comp="1925" pin=1"/></net>

<net id="2999"><net_src comp="1814" pin="2"/><net_sink comp="2996" pin=0"/></net>

<net id="3000"><net_src comp="2996" pin="1"/><net_sink comp="1955" pin=1"/></net>

<net id="3004"><net_src comp="1883" pin="1"/><net_sink comp="3001" pin=0"/></net>

<net id="3005"><net_src comp="3001" pin="1"/><net_sink comp="1889" pin=0"/></net>

<net id="3009"><net_src comp="1886" pin="1"/><net_sink comp="3006" pin=0"/></net>

<net id="3010"><net_src comp="3006" pin="1"/><net_sink comp="1889" pin=1"/></net>

<net id="3014"><net_src comp="1895" pin="1"/><net_sink comp="3011" pin=0"/></net>

<net id="3015"><net_src comp="3011" pin="1"/><net_sink comp="1901" pin=0"/></net>

<net id="3019"><net_src comp="1898" pin="1"/><net_sink comp="3016" pin=0"/></net>

<net id="3020"><net_src comp="3016" pin="1"/><net_sink comp="1901" pin=1"/></net>

<net id="3024"><net_src comp="1907" pin="4"/><net_sink comp="3021" pin=0"/></net>

<net id="3025"><net_src comp="3021" pin="1"/><net_sink comp="1973" pin=0"/></net>

<net id="3029"><net_src comp="1916" pin="4"/><net_sink comp="3026" pin=0"/></net>

<net id="3030"><net_src comp="3026" pin="1"/><net_sink comp="1985" pin=0"/></net>

<net id="3034"><net_src comp="1889" pin="2"/><net_sink comp="3031" pin=0"/></net>

<net id="3035"><net_src comp="3031" pin="1"/><net_sink comp="2019" pin=1"/></net>

<net id="3039"><net_src comp="1960" pin="4"/><net_sink comp="3036" pin=0"/></net>

<net id="3040"><net_src comp="3036" pin="1"/><net_sink comp="2012" pin=1"/></net>

<net id="3044"><net_src comp="1901" pin="2"/><net_sink comp="3041" pin=0"/></net>

<net id="3045"><net_src comp="3041" pin="1"/><net_sink comp="2042" pin=1"/></net>

<net id="3049"><net_src comp="1970" pin="1"/><net_sink comp="3046" pin=0"/></net>

<net id="3050"><net_src comp="3046" pin="1"/><net_sink comp="1976" pin=0"/></net>

<net id="3054"><net_src comp="1973" pin="1"/><net_sink comp="3051" pin=0"/></net>

<net id="3055"><net_src comp="3051" pin="1"/><net_sink comp="1976" pin=1"/></net>

<net id="3059"><net_src comp="1982" pin="1"/><net_sink comp="3056" pin=0"/></net>

<net id="3060"><net_src comp="3056" pin="1"/><net_sink comp="1988" pin=0"/></net>

<net id="3064"><net_src comp="1985" pin="1"/><net_sink comp="3061" pin=0"/></net>

<net id="3065"><net_src comp="3061" pin="1"/><net_sink comp="1988" pin=1"/></net>

<net id="3069"><net_src comp="1994" pin="4"/><net_sink comp="3066" pin=0"/></net>

<net id="3070"><net_src comp="3066" pin="1"/><net_sink comp="2060" pin=0"/></net>

<net id="3074"><net_src comp="2003" pin="4"/><net_sink comp="3071" pin=0"/></net>

<net id="3075"><net_src comp="3071" pin="1"/><net_sink comp="2072" pin=0"/></net>

<net id="3079"><net_src comp="1976" pin="2"/><net_sink comp="3076" pin=0"/></net>

<net id="3080"><net_src comp="3076" pin="1"/><net_sink comp="2114" pin=1"/></net>

<net id="3084"><net_src comp="2047" pin="4"/><net_sink comp="3081" pin=0"/></net>

<net id="3085"><net_src comp="3081" pin="1"/><net_sink comp="2107" pin=1"/></net>

<net id="3089"><net_src comp="1988" pin="2"/><net_sink comp="3086" pin=0"/></net>

<net id="3090"><net_src comp="3086" pin="1"/><net_sink comp="2137" pin=1"/></net>

<net id="3094"><net_src comp="2057" pin="1"/><net_sink comp="3091" pin=0"/></net>

<net id="3095"><net_src comp="3091" pin="1"/><net_sink comp="2063" pin=0"/></net>

<net id="3099"><net_src comp="2060" pin="1"/><net_sink comp="3096" pin=0"/></net>

<net id="3100"><net_src comp="3096" pin="1"/><net_sink comp="2063" pin=1"/></net>

<net id="3104"><net_src comp="2069" pin="1"/><net_sink comp="3101" pin=0"/></net>

<net id="3105"><net_src comp="3101" pin="1"/><net_sink comp="2075" pin=0"/></net>

<net id="3109"><net_src comp="2072" pin="1"/><net_sink comp="3106" pin=0"/></net>

<net id="3110"><net_src comp="3106" pin="1"/><net_sink comp="2075" pin=1"/></net>

<net id="3114"><net_src comp="2089" pin="4"/><net_sink comp="3111" pin=0"/></net>

<net id="3115"><net_src comp="3111" pin="1"/><net_sink comp="2152" pin=0"/></net>

<net id="3119"><net_src comp="2098" pin="4"/><net_sink comp="3116" pin=0"/></net>

<net id="3120"><net_src comp="3116" pin="1"/><net_sink comp="2155" pin=0"/></net>

<net id="3124"><net_src comp="2063" pin="2"/><net_sink comp="3121" pin=0"/></net>

<net id="3125"><net_src comp="3121" pin="1"/><net_sink comp="2171" pin=1"/></net>

<net id="3129"><net_src comp="2142" pin="4"/><net_sink comp="3126" pin=0"/></net>

<net id="3130"><net_src comp="3126" pin="1"/><net_sink comp="2164" pin=1"/></net>

<net id="3134"><net_src comp="2075" pin="2"/><net_sink comp="3131" pin=0"/></net>

<net id="3135"><net_src comp="3131" pin="1"/><net_sink comp="2194" pin=1"/></net>

<net id="3139"><net_src comp="2152" pin="1"/><net_sink comp="3136" pin=0"/></net>

<net id="3140"><net_src comp="3136" pin="1"/><net_sink comp="2158" pin=0"/></net>

<net id="3144"><net_src comp="2155" pin="1"/><net_sink comp="3141" pin=0"/></net>

<net id="3145"><net_src comp="3141" pin="1"/><net_sink comp="2158" pin=1"/></net>

<net id="3149"><net_src comp="2158" pin="2"/><net_sink comp="3146" pin=0"/></net>

<net id="3150"><net_src comp="3146" pin="1"/><net_sink comp="2216" pin=1"/></net>

<net id="3154"><net_src comp="2199" pin="4"/><net_sink comp="3151" pin=0"/></net>

<net id="3155"><net_src comp="3151" pin="1"/><net_sink comp="2209" pin=1"/></net>

<net id="3159"><net_src comp="2249" pin="2"/><net_sink comp="3156" pin=0"/></net>

<net id="3160"><net_src comp="3156" pin="1"/><net_sink comp="475" pin=2"/></net>

<net id="3164"><net_src comp="2261" pin="2"/><net_sink comp="3161" pin=0"/></net>

<net id="3168"><net_src comp="2277" pin="4"/><net_sink comp="3165" pin=0"/></net>

<net id="3169"><net_src comp="3165" pin="1"/><net_sink comp="220" pin=5"/></net>

</net_list>

</model> 
---------------- Datapath Model END ------------------

* FSMD analyzer results:
  - Output states:
	Port: output_r_V_data_V | {15 }
	Port: output_r_V_keep_V | {15 }
	Port: output_r_V_strb_V | {15 }
	Port: output_r_V_last_V | {15 }
	Port: count_V | {14 15 }
	Port: p_ZZ22low_pass_filter_secondRN3hls6streamINS_4axisI8ap_fixedILi32ELi10EL9ap_q_mod_30 | {1 }
	Port: p_ZZ22low_pass_filter_secondRN3hls6streamINS_4axisI8ap_fixedILi32ELi10EL9ap_q_mod_8 | {1 }
	Port: p_ZZ22low_pass_filter_secondRN3hls6streamINS_4axisI8ap_fixedILi32ELi10EL9ap_q_mod_32 | {1 }
	Port: p_ZZ22low_pass_filter_secondRN3hls6streamINS_4axisI8ap_fixedILi32ELi10EL9ap_q_mod_10 | {1 }
	Port: p_ZZ22low_pass_filter_secondRN3hls6streamINS_4axisI8ap_fixedILi32ELi10EL9ap_q_mod_33 | {1 }
	Port: p_ZZ22low_pass_filter_secondRN3hls6streamINS_4axisI8ap_fixedILi32ELi10EL9ap_q_mod_11 | {1 }
	Port: p_ZZ22low_pass_filter_secondRN3hls6streamINS_4axisI8ap_fixedILi32ELi10EL9ap_q_mod_34 | {1 }
	Port: p_ZZ22low_pass_filter_secondRN3hls6streamINS_4axisI8ap_fixedILi32ELi10EL9ap_q_mod_12 | {1 }
	Port: p_ZZ22low_pass_filter_secondRN3hls6streamINS_4axisI8ap_fixedILi32ELi10EL9ap_q_mod_35 | {1 }
	Port: p_ZZ22low_pass_filter_secondRN3hls6streamINS_4axisI8ap_fixedILi32ELi10EL9ap_q_mod_13 | {1 }
	Port: p_ZZ22low_pass_filter_secondRN3hls6streamINS_4axisI8ap_fixedILi32ELi10EL9ap_q_mod_36 | {1 }
	Port: p_ZZ22low_pass_filter_secondRN3hls6streamINS_4axisI8ap_fixedILi32ELi10EL9ap_q_mod_14 | {1 }
	Port: p_ZZ22low_pass_filter_secondRN3hls6streamINS_4axisI8ap_fixedILi32ELi10EL9ap_q_mod_37 | {1 }
	Port: p_ZZ22low_pass_filter_secondRN3hls6streamINS_4axisI8ap_fixedILi32ELi10EL9ap_q_mod_15 | {1 }
	Port: p_ZZ22low_pass_filter_secondRN3hls6streamINS_4axisI8ap_fixedILi32ELi10EL9ap_q_mod_38 | {1 }
	Port: p_ZZ22low_pass_filter_secondRN3hls6streamINS_4axisI8ap_fixedILi32ELi10EL9ap_q_mod_16 | {1 }
	Port: p_ZZ22low_pass_filter_secondRN3hls6streamINS_4axisI8ap_fixedILi32ELi10EL9ap_q_mod_39 | {1 }
	Port: p_ZZ22low_pass_filter_secondRN3hls6streamINS_4axisI8ap_fixedILi32ELi10EL9ap_q_mod_17 | {1 }
	Port: p_ZZ22low_pass_filter_secondRN3hls6streamINS_4axisI8ap_fixedILi32ELi10EL9ap_q_mod_40 | {1 }
	Port: p_ZZ22low_pass_filter_secondRN3hls6streamINS_4axisI8ap_fixedILi32ELi10EL9ap_q_mod_18 | {1 }
	Port: p_ZZ22low_pass_filter_secondRN3hls6streamINS_4axisI8ap_fixedILi32ELi10EL9ap_q_mod_41 | {1 }
	Port: p_ZZ22low_pass_filter_secondRN3hls6streamINS_4axisI8ap_fixedILi32ELi10EL9ap_q_mod_19 | {1 }
	Port: p_ZZ22low_pass_filter_secondRN3hls6streamINS_4axisI8ap_fixedILi32ELi10EL9ap_q_mod_22 | {1 }
	Port: p_ZZ22low_pass_filter_secondRN3hls6streamINS_4axisI8ap_fixedILi32ELi10EL9ap_q_mod | {1 }
	Port: p_ZZ22low_pass_filter_secondRN3hls6streamINS_4axisI8ap_fixedILi32ELi10EL9ap_q_mod_23 | {1 }
	Port: p_ZZ22low_pass_filter_secondRN3hls6streamINS_4axisI8ap_fixedILi32ELi10EL9ap_q_mod_1 | {1 }
	Port: p_ZZ22low_pass_filter_secondRN3hls6streamINS_4axisI8ap_fixedILi32ELi10EL9ap_q_mod_24 | {1 }
	Port: p_ZZ22low_pass_filter_secondRN3hls6streamINS_4axisI8ap_fixedILi32ELi10EL9ap_q_mod_2 | {1 }
	Port: p_ZZ22low_pass_filter_secondRN3hls6streamINS_4axisI8ap_fixedILi32ELi10EL9ap_q_mod_25 | {1 }
	Port: p_ZZ22low_pass_filter_secondRN3hls6streamINS_4axisI8ap_fixedILi32ELi10EL9ap_q_mod_3 | {1 }
	Port: p_ZZ22low_pass_filter_secondRN3hls6streamINS_4axisI8ap_fixedILi32ELi10EL9ap_q_mod_26 | {1 }
	Port: p_ZZ22low_pass_filter_secondRN3hls6streamINS_4axisI8ap_fixedILi32ELi10EL9ap_q_mod_4 | {1 }
	Port: p_ZZ22low_pass_filter_secondRN3hls6streamINS_4axisI8ap_fixedILi32ELi10EL9ap_q_mod_27 | {1 }
	Port: p_ZZ22low_pass_filter_secondRN3hls6streamINS_4axisI8ap_fixedILi32ELi10EL9ap_q_mod_5 | {1 }
	Port: p_ZZ22low_pass_filter_secondRN3hls6streamINS_4axisI8ap_fixedILi32ELi10EL9ap_q_mod_28 | {1 }
	Port: p_ZZ22low_pass_filter_secondRN3hls6streamINS_4axisI8ap_fixedILi32ELi10EL9ap_q_mod_6 | {1 }
	Port: p_ZZ22low_pass_filter_secondRN3hls6streamINS_4axisI8ap_fixedILi32ELi10EL9ap_q_mod_31 | {1 }
	Port: p_ZZ22low_pass_filter_secondRN3hls6streamINS_4axisI8ap_fixedILi32ELi10EL9ap_q_mod_9 | {1 }
	Port: p_ZZ22low_pass_filter_secondRN3hls6streamINS_4axisI8ap_fixedILi32ELi10EL9ap_q_mod_42 | {1 }
	Port: p_ZZ22low_pass_filter_secondRN3hls6streamINS_4axisI8ap_fixedILi32ELi10EL9ap_q_mod_20 | {1 }
	Port: p_ZZ22low_pass_filter_secondRN3hls6streamINS_4axisI8ap_fixedILi32ELi10EL9ap_q_mod_43 | {1 }
	Port: p_ZZ22low_pass_filter_secondRN3hls6streamINS_4axisI8ap_fixedILi32ELi10EL9ap_q_mod_21 | {1 }
	Port: p_ZZ22low_pass_filter_secondRN3hls6streamINS_4axisI8ap_fixedILi32ELi10EL9ap_q_mod_29 | {1 }
	Port: p_ZZ22low_pass_filter_secondRN3hls6streamINS_4axisI8ap_fixedILi32ELi10EL9ap_q_mod_7 | {1 }
	Port: sum_V | {15 }
 - Input state : 
	Port: low_pass_filter_second : input_r_V_data_V | {1 }
	Port: low_pass_filter_second : input_r_V_keep_V | {1 }
	Port: low_pass_filter_second : input_r_V_strb_V | {1 }
	Port: low_pass_filter_second : input_r_V_last_V | {1 }
	Port: low_pass_filter_second : count_V | {1 }
	Port: low_pass_filter_second : p_ZZ22low_pass_filter_secondRN3hls6streamINS_4axisI8ap_fixedILi32ELi10EL9ap_q_mod_30 | {1 }
	Port: low_pass_filter_second : p_ZZ22low_pass_filter_secondRN3hls6streamINS_4axisI8ap_fixedILi32ELi10EL9ap_q_mod_8 | {1 }
	Port: low_pass_filter_second : p_ZZ22low_pass_filter_secondRN3hls6streamINS_4axisI8ap_fixedILi32ELi10EL9ap_q_mod_32 | {1 }
	Port: low_pass_filter_second : p_ZZ22low_pass_filter_secondRN3hls6streamINS_4axisI8ap_fixedILi32ELi10EL9ap_q_mod_10 | {1 }
	Port: low_pass_filter_second : p_ZZ22low_pass_filter_secondRN3hls6streamINS_4axisI8ap_fixedILi32ELi10EL9ap_q_mod_33 | {1 }
	Port: low_pass_filter_second : p_ZZ22low_pass_filter_secondRN3hls6streamINS_4axisI8ap_fixedILi32ELi10EL9ap_q_mod_11 | {1 }
	Port: low_pass_filter_second : p_ZZ22low_pass_filter_secondRN3hls6streamINS_4axisI8ap_fixedILi32ELi10EL9ap_q_mod_34 | {1 }
	Port: low_pass_filter_second : p_ZZ22low_pass_filter_secondRN3hls6streamINS_4axisI8ap_fixedILi32ELi10EL9ap_q_mod_12 | {1 }
	Port: low_pass_filter_second : p_ZZ22low_pass_filter_secondRN3hls6streamINS_4axisI8ap_fixedILi32ELi10EL9ap_q_mod_35 | {1 }
	Port: low_pass_filter_second : p_ZZ22low_pass_filter_secondRN3hls6streamINS_4axisI8ap_fixedILi32ELi10EL9ap_q_mod_13 | {1 }
	Port: low_pass_filter_second : p_ZZ22low_pass_filter_secondRN3hls6streamINS_4axisI8ap_fixedILi32ELi10EL9ap_q_mod_36 | {1 }
	Port: low_pass_filter_second : p_ZZ22low_pass_filter_secondRN3hls6streamINS_4axisI8ap_fixedILi32ELi10EL9ap_q_mod_14 | {1 }
	Port: low_pass_filter_second : p_ZZ22low_pass_filter_secondRN3hls6streamINS_4axisI8ap_fixedILi32ELi10EL9ap_q_mod_37 | {1 }
	Port: low_pass_filter_second : p_ZZ22low_pass_filter_secondRN3hls6streamINS_4axisI8ap_fixedILi32ELi10EL9ap_q_mod_15 | {1 }
	Port: low_pass_filter_second : p_ZZ22low_pass_filter_secondRN3hls6streamINS_4axisI8ap_fixedILi32ELi10EL9ap_q_mod_38 | {1 }
	Port: low_pass_filter_second : p_ZZ22low_pass_filter_secondRN3hls6streamINS_4axisI8ap_fixedILi32ELi10EL9ap_q_mod_16 | {1 }
	Port: low_pass_filter_second : p_ZZ22low_pass_filter_secondRN3hls6streamINS_4axisI8ap_fixedILi32ELi10EL9ap_q_mod_39 | {1 }
	Port: low_pass_filter_second : p_ZZ22low_pass_filter_secondRN3hls6streamINS_4axisI8ap_fixedILi32ELi10EL9ap_q_mod_17 | {1 }
	Port: low_pass_filter_second : p_ZZ22low_pass_filter_secondRN3hls6streamINS_4axisI8ap_fixedILi32ELi10EL9ap_q_mod_40 | {1 }
	Port: low_pass_filter_second : p_ZZ22low_pass_filter_secondRN3hls6streamINS_4axisI8ap_fixedILi32ELi10EL9ap_q_mod_18 | {1 }
	Port: low_pass_filter_second : p_ZZ22low_pass_filter_secondRN3hls6streamINS_4axisI8ap_fixedILi32ELi10EL9ap_q_mod_41 | {1 }
	Port: low_pass_filter_second : p_ZZ22low_pass_filter_secondRN3hls6streamINS_4axisI8ap_fixedILi32ELi10EL9ap_q_mod_19 | {1 }
	Port: low_pass_filter_second : p_ZZ22low_pass_filter_secondRN3hls6streamINS_4axisI8ap_fixedILi32ELi10EL9ap_q_mod_22 | {1 }
	Port: low_pass_filter_second : p_ZZ22low_pass_filter_secondRN3hls6streamINS_4axisI8ap_fixedILi32ELi10EL9ap_q_mod | {1 }
	Port: low_pass_filter_second : p_ZZ22low_pass_filter_secondRN3hls6streamINS_4axisI8ap_fixedILi32ELi10EL9ap_q_mod_23 | {1 }
	Port: low_pass_filter_second : p_ZZ22low_pass_filter_secondRN3hls6streamINS_4axisI8ap_fixedILi32ELi10EL9ap_q_mod_1 | {1 }
	Port: low_pass_filter_second : p_ZZ22low_pass_filter_secondRN3hls6streamINS_4axisI8ap_fixedILi32ELi10EL9ap_q_mod_24 | {1 }
	Port: low_pass_filter_second : p_ZZ22low_pass_filter_secondRN3hls6streamINS_4axisI8ap_fixedILi32ELi10EL9ap_q_mod_2 | {1 }
	Port: low_pass_filter_second : p_ZZ22low_pass_filter_secondRN3hls6streamINS_4axisI8ap_fixedILi32ELi10EL9ap_q_mod_25 | {1 }
	Port: low_pass_filter_second : p_ZZ22low_pass_filter_secondRN3hls6streamINS_4axisI8ap_fixedILi32ELi10EL9ap_q_mod_3 | {1 }
	Port: low_pass_filter_second : p_ZZ22low_pass_filter_secondRN3hls6streamINS_4axisI8ap_fixedILi32ELi10EL9ap_q_mod_26 | {1 }
	Port: low_pass_filter_second : p_ZZ22low_pass_filter_secondRN3hls6streamINS_4axisI8ap_fixedILi32ELi10EL9ap_q_mod_4 | {1 }
	Port: low_pass_filter_second : p_ZZ22low_pass_filter_secondRN3hls6streamINS_4axisI8ap_fixedILi32ELi10EL9ap_q_mod_27 | {1 }
	Port: low_pass_filter_second : p_ZZ22low_pass_filter_secondRN3hls6streamINS_4axisI8ap_fixedILi32ELi10EL9ap_q_mod_5 | {1 }
	Port: low_pass_filter_second : p_ZZ22low_pass_filter_secondRN3hls6streamINS_4axisI8ap_fixedILi32ELi10EL9ap_q_mod_28 | {1 }
	Port: low_pass_filter_second : p_ZZ22low_pass_filter_secondRN3hls6streamINS_4axisI8ap_fixedILi32ELi10EL9ap_q_mod_6 | {1 }
	Port: low_pass_filter_second : p_ZZ22low_pass_filter_secondRN3hls6streamINS_4axisI8ap_fixedILi32ELi10EL9ap_q_mod_31 | {1 }
	Port: low_pass_filter_second : p_ZZ22low_pass_filter_secondRN3hls6streamINS_4axisI8ap_fixedILi32ELi10EL9ap_q_mod_9 | {1 }
	Port: low_pass_filter_second : p_ZZ22low_pass_filter_secondRN3hls6streamINS_4axisI8ap_fixedILi32ELi10EL9ap_q_mod_42 | {1 }
	Port: low_pass_filter_second : p_ZZ22low_pass_filter_secondRN3hls6streamINS_4axisI8ap_fixedILi32ELi10EL9ap_q_mod_20 | {1 }
	Port: low_pass_filter_second : p_ZZ22low_pass_filter_secondRN3hls6streamINS_4axisI8ap_fixedILi32ELi10EL9ap_q_mod_43 | {1 }
	Port: low_pass_filter_second : p_ZZ22low_pass_filter_secondRN3hls6streamINS_4axisI8ap_fixedILi32ELi10EL9ap_q_mod_21 | {1 }
	Port: low_pass_filter_second : p_ZZ22low_pass_filter_secondRN3hls6streamINS_4axisI8ap_fixedILi32ELi10EL9ap_q_mod_29 | {11 }
	Port: low_pass_filter_second : p_ZZ22low_pass_filter_secondRN3hls6streamINS_4axisI8ap_fixedILi32ELi10EL9ap_q_mod_7 | {11 }
	Port: low_pass_filter_second : sum_V | {14 }
  - Chain level:
	State 1
		sub_i_i226 : 1
		sext_ln39 : 2
		tmp : 3
		trunc_ln39 : 2
		tmp_1 : 3
		tmp_2 : 3
		tmp_3 : 3
		tmp_4 : 3
		tmp_5 : 3
		tmp_6 : 3
		tmp_7 : 3
		tmp_8 : 3
		tmp_9 : 3
		tmp_s : 3
		tmp_10 : 3
		tmp_11 : 3
		tmp_12 : 3
		r_V_7 : 3
		r_V_6 : 3
		r_V_5 : 3
		r_V_4 : 3
		r_V_3 : 3
		r_V_2 : 3
		r_V_1 : 3
		br_ln39 : 3
		store_ln39 : 4
		store_ln39 : 4
		store_ln39 : 4
		store_ln39 : 4
		store_ln39 : 4
		store_ln39 : 4
		store_ln39 : 4
		store_ln39 : 4
		store_ln39 : 4
		store_ln39 : 4
		store_ln39 : 4
		store_ln39 : 4
		store_ln39 : 4
		store_ln39 : 4
		store_ln39 : 4
		store_ln39 : 4
		store_ln39 : 4
		store_ln39 : 4
		store_ln39 : 4
		store_ln39 : 4
		store_ln39 : 4
		store_ln41 : 1
		store_ln39 : 4
		store_ln39 : 4
		store_ln39 : 4
		store_ln39 : 4
		store_ln39 : 4
		store_ln39 : 4
		store_ln39 : 4
		store_ln39 : 4
		store_ln39 : 4
		store_ln39 : 4
		store_ln39 : 4
		store_ln39 : 4
		store_ln39 : 4
		store_ln39 : 4
		store_ln39 : 4
		store_ln39 : 4
		store_ln39 : 4
		store_ln39 : 4
		store_ln39 : 4
		store_ln39 : 4
		store_ln39 : 4
		store_ln41 : 1
		tmp_13 : 3
		tmp_14 : 3
		tmp_16 : 3
	State 2
		mul_ln1316 : 1
		mul_ln1393 : 1
		mul_ln1393_1 : 1
		r_V_8 : 1
		r_V_9 : 1
		r_V_10 : 1
		r_V_11 : 1
		r_V_12 : 1
		r_V_13 : 1
		r_V_14 : 1
		r_V_15 : 1
		r_V_16 : 1
		r_V_17 : 1
		r_V_18 : 1
		r_V_19 : 1
		r_V_20 : 1
	State 3
		tmp_15 : 1
		mul_ln1393_2 : 1
		mul_ln1393_3 : 1
	State 4
		ret_V : 1
		tmp_17 : 2
		lhs_V_1 : 3
		ret_V_1 : 4
		tmp_19 : 5
		mul_ln1393_4 : 1
		mul_ln1393_5 : 1
	State 5
		ret_V_2 : 1
		tmp_21 : 2
		lhs_V_3 : 3
		ret_V_3 : 4
		tmp_23 : 5
		mul_ln1393_6 : 1
		mul_ln1393_7 : 1
	State 6
		ret_V_4 : 1
		tmp_25 : 2
		lhs_V_5 : 3
		ret_V_5 : 4
		tmp_27 : 5
		mul_ln1393_8 : 1
		mul_ln1393_9 : 1
	State 7
		ret_V_6 : 1
		tmp_29 : 2
		lhs_V_7 : 3
		ret_V_7 : 4
		tmp_31 : 5
		mul_ln1393_10 : 1
		mul_ln1393_11 : 1
	State 8
		ret_V_8 : 1
		tmp_33 : 2
		lhs_V_9 : 3
		ret_V_9 : 4
		tmp_35 : 5
		mul_ln1393_12 : 1
		mul_ln1393_13 : 1
	State 9
		ret_V_10 : 1
		tmp_37 : 2
		lhs_V_11 : 3
		ret_V_11 : 4
		tmp_39 : 5
		mul_ln1393_14 : 1
		mul_ln1393_15 : 1
	State 10
		ret_V_12 : 1
		tmp_41 : 2
		lhs_V_13 : 3
		ret_V_13 : 4
		tmp_43 : 5
		mul_ln1393_16 : 1
		mul_ln1393_17 : 1
	State 11
		ret_V_14 : 1
		tmp_45 : 2
		lhs_V_15 : 3
		ret_V_15 : 4
		tmp_47 : 5
		mul_ln1393_18 : 1
		mul_ln1393_19 : 1
		r_V_21 : 1
	State 12
		ret_V_16 : 1
		tmp_49 : 2
		lhs_V_17 : 3
		ret_V_17 : 4
		tmp_51 : 5
		mul_ln1393_20 : 1
	State 13
		ret_V_18 : 1
		tmp_53 : 2
		lhs_V_19 : 3
		ret_V_19 : 4
		tmp_55 : 5
	State 14
		ret_V_20 : 1
		sum_each_V : 2
		trunc_ln1 : 2
		trunc_ln859 : 1
		add_ln859 : 3
		add_ln1065 : 3
		br_ln49 : 1
		store_ln886 : 1
		output_temp_data_V : 4
		write_ln304 : 5
	State 15
		sum_V_new_0 : 1
		store_ln859 : 2


============================================================
+ Verbose Summary: Datapath Resource usage 
============================================================

* Functional unit list:
|----------|----------------------------|---------|---------|---------|
| Operation|       Functional Unit      |   DSP   |    FF   |   LUT   |
|----------|----------------------------|---------|---------|---------|
|          |         grp_fu_1186        |    2    |   165   |    50   |
|          |         grp_fu_1198        |    2    |   165   |    50   |
|          |         grp_fu_1210        |    2    |   165   |    50   |
|          |         grp_fu_1367        |    2    |   165   |    50   |
|          |         grp_fu_1379        |    2    |   165   |    50   |
|          |         grp_fu_1454        |    2    |   165   |    50   |
|          |         grp_fu_1466        |    2    |   165   |    50   |
|          |         grp_fu_1541        |    2    |   165   |    50   |
|          |         grp_fu_1553        |    2    |   165   |    50   |
|          |         grp_fu_1628        |    2    |   165   |    50   |
|    mul   |         grp_fu_1640        |    2    |   165   |    50   |
|          |         grp_fu_1715        |    2    |   165   |    50   |
|          |         grp_fu_1727        |    2    |   165   |    50   |
|          |         grp_fu_1802        |    2    |   165   |    50   |
|          |         grp_fu_1814        |    2    |   165   |    50   |
|          |         grp_fu_1889        |    2    |   165   |    50   |
|          |         grp_fu_1901        |    2    |   165   |    50   |
|          |         grp_fu_1976        |    2    |   165   |    50   |
|          |         grp_fu_1988        |    2    |   165   |    50   |
|          |         grp_fu_2063        |    2    |   165   |    50   |
|          |         grp_fu_2075        |    2    |   165   |    50   |
|          |         grp_fu_2158        |    2    |   165   |    50   |
|----------|----------------------------|---------|---------|---------|
|          |        ret_V_fu_1410       |    0    |    0    |    54   |
|          |       ret_V_1_fu_1433      |    0    |    0    |    54   |
|          |       ret_V_2_fu_1497      |    0    |    0    |    54   |
|          |       ret_V_3_fu_1520      |    0    |    0    |    54   |
|          |       ret_V_4_fu_1584      |    0    |    0    |    54   |
|          |       ret_V_5_fu_1607      |    0    |    0    |    54   |
|          |       ret_V_6_fu_1671      |    0    |    0    |    54   |
|          |       ret_V_7_fu_1694      |    0    |    0    |    54   |
|          |       ret_V_8_fu_1758      |    0    |    0    |    54   |
|          |       ret_V_9_fu_1781      |    0    |    0    |    54   |
|          |      ret_V_10_fu_1845      |    0    |    0    |    54   |
|    add   |      ret_V_11_fu_1868      |    0    |    0    |    54   |
|          |      ret_V_12_fu_1932      |    0    |    0    |    54   |
|          |      ret_V_13_fu_1955      |    0    |    0    |    54   |
|          |      ret_V_14_fu_2019      |    0    |    0    |    54   |
|          |      ret_V_15_fu_2042      |    0    |    0    |    54   |
|          |      ret_V_16_fu_2114      |    0    |    0    |    54   |
|          |      ret_V_17_fu_2137      |    0    |    0    |    54   |
|          |      ret_V_18_fu_2171      |    0    |    0    |    54   |
|          |      ret_V_19_fu_2194      |    0    |    0    |    54   |
|          |      ret_V_20_fu_2216      |    0    |    0    |    54   |
|          |      add_ln859_fu_2249     |    0    |    0    |    39   |
|          |     add_ln1065_fu_2255     |    0    |    0    |    30   |
|          |      add_ln886_fu_2266     |    0    |    0    |    10   |
|----------|----------------------------|---------|---------|---------|
|          |         tmp_fu_512         |    0    |    0    |    9    |
|          |        tmp_1_fu_686        |    0    |    0    |    9    |
|          |        tmp_2_fu_696        |    0    |    0    |    9    |
|          |        tmp_3_fu_706        |    0    |    0    |    9    |
|          |        tmp_4_fu_716        |    0    |    0    |    9    |
|          |        tmp_5_fu_726        |    0    |    0    |    9    |
|          |        tmp_6_fu_736        |    0    |    0    |    9    |
|          |        tmp_7_fu_746        |    0    |    0    |    9    |
|          |        tmp_8_fu_756        |    0    |    0    |    9    |
|          |        tmp_9_fu_766        |    0    |    0    |    9    |
|          |        tmp_s_fu_776        |    0    |    0    |    9    |
|          |        tmp_10_fu_786       |    0    |    0    |    9    |
|          |        tmp_11_fu_796       |    0    |    0    |    9    |
|          |        tmp_12_fu_806       |    0    |    0    |    9    |
|          |        r_V_7_fu_816        |    0    |    0    |    9    |
|          |        r_V_6_fu_826        |    0    |    0    |    9    |
|          |        r_V_5_fu_836        |    0    |    0    |    9    |
|          |        r_V_4_fu_846        |    0    |    0    |    9    |
|          |        r_V_3_fu_856        |    0    |    0    |    9    |
|          |        r_V_2_fu_866        |    0    |    0    |    9    |
|          |        r_V_1_fu_876        |    0    |    0    |    9    |
|          |       tmp_13_fu_1150       |    0    |    0    |    9    |
|          |       tmp_14_fu_1160       |    0    |    0    |    9    |
|          |       tmp_16_fu_1170       |    0    |    0    |    9    |
|          |       tmp_18_fu_1216       |    0    |    0    |    9    |
|          |       tmp_20_fu_1225       |    0    |    0    |    9    |
|          |        r_V_8_fu_1234       |    0    |    0    |    9    |
|          |        r_V_9_fu_1243       |    0    |    0    |    9    |
|    mux   |       r_V_10_fu_1252       |    0    |    0    |    9    |
|          |       r_V_11_fu_1261       |    0    |    0    |    9    |
|          |       r_V_12_fu_1270       |    0    |    0    |    9    |
|          |       r_V_13_fu_1279       |    0    |    0    |    9    |
|          |       r_V_14_fu_1288       |    0    |    0    |    9    |
|          |       r_V_15_fu_1297       |    0    |    0    |    9    |
|          |       r_V_16_fu_1306       |    0    |    0    |    9    |
|          |       r_V_17_fu_1315       |    0    |    0    |    9    |
|          |       r_V_18_fu_1324       |    0    |    0    |    9    |
|          |       r_V_19_fu_1333       |    0    |    0    |    9    |
|          |       r_V_20_fu_1342       |    0    |    0    |    9    |
|          |       tmp_22_fu_1385       |    0    |    0    |    9    |
|          |       tmp_24_fu_1394       |    0    |    0    |    9    |
|          |       tmp_26_fu_1472       |    0    |    0    |    9    |
|          |       tmp_28_fu_1481       |    0    |    0    |    9    |
|          |       tmp_30_fu_1559       |    0    |    0    |    9    |
|          |       tmp_32_fu_1568       |    0    |    0    |    9    |
|          |       tmp_34_fu_1646       |    0    |    0    |    9    |
|          |       tmp_36_fu_1655       |    0    |    0    |    9    |
|          |       tmp_38_fu_1733       |    0    |    0    |    9    |
|          |       tmp_40_fu_1742       |    0    |    0    |    9    |
|          |       tmp_42_fu_1820       |    0    |    0    |    9    |
|          |       tmp_44_fu_1829       |    0    |    0    |    9    |
|          |       tmp_46_fu_1907       |    0    |    0    |    9    |
|          |       tmp_48_fu_1916       |    0    |    0    |    9    |
|          |       tmp_50_fu_1994       |    0    |    0    |    9    |
|          |       tmp_52_fu_2003       |    0    |    0    |    9    |
|          |       r_V_21_fu_2089       |    0    |    0    |    9    |
|          |       tmp_54_fu_2098       |    0    |    0    |    9    |
|----------|----------------------------|---------|---------|---------|
|    sub   |      sub_i_i226_fu_494     |    0    |    0    |    10   |
|----------|----------------------------|---------|---------|---------|
|   icmp   |     icmp_ln1065_fu_2261    |    0    |    0    |    8    |
|----------|----------------------------|---------|---------|---------|
|   read   |      empty_read_fu_208     |    0    |    0    |    0    |
|----------|----------------------------|---------|---------|---------|
|   write  |      grp_write_fu_220      |    0    |    0    |    0    |
|----------|----------------------------|---------|---------|---------|
|extractvalue|     tmp_data_V_1_fu_482    |    0    |    0    |    0    |
|          |      tmp_last_V_fu_486     |    0    |    0    |    0    |
|----------|----------------------------|---------|---------|---------|
|          |      sext_ln39_fu_500      |    0    |    0    |    0    |
|          |     sext_ln1316_fu_1180    |    0    |    0    |    0    |
|          |    sext_ln1316_1_fu_1183   |    0    |    0    |    0    |
|          |     sext_ln1393_fu_1192    |    0    |    0    |    0    |
|          |    sext_ln1393_1_fu_1195   |    0    |    0    |    0    |
|          |    sext_ln1393_2_fu_1204   |    0    |    0    |    0    |
|          |    sext_ln1393_3_fu_1207   |    0    |    0    |    0    |
|          |    sext_ln1393_4_fu_1361   |    0    |    0    |    0    |
|          |    sext_ln1393_5_fu_1364   |    0    |    0    |    0    |
|          |    sext_ln1393_6_fu_1373   |    0    |    0    |    0    |
|          |    sext_ln1393_7_fu_1376   |    0    |    0    |    0    |
|          |    sext_ln1393_8_fu_1448   |    0    |    0    |    0    |
|          |    sext_ln1393_9_fu_1451   |    0    |    0    |    0    |
|          |   sext_ln1393_10_fu_1460   |    0    |    0    |    0    |
|          |   sext_ln1393_11_fu_1463   |    0    |    0    |    0    |
|          |   sext_ln1393_12_fu_1535   |    0    |    0    |    0    |
|          |   sext_ln1393_13_fu_1538   |    0    |    0    |    0    |
|          |   sext_ln1393_14_fu_1547   |    0    |    0    |    0    |
|          |   sext_ln1393_15_fu_1550   |    0    |    0    |    0    |
|          |   sext_ln1393_16_fu_1622   |    0    |    0    |    0    |
|          |   sext_ln1393_17_fu_1625   |    0    |    0    |    0    |
|          |   sext_ln1393_18_fu_1634   |    0    |    0    |    0    |
|   sext   |   sext_ln1393_19_fu_1637   |    0    |    0    |    0    |
|          |   sext_ln1393_20_fu_1709   |    0    |    0    |    0    |
|          |   sext_ln1393_21_fu_1712   |    0    |    0    |    0    |
|          |   sext_ln1393_22_fu_1721   |    0    |    0    |    0    |
|          |   sext_ln1393_23_fu_1724   |    0    |    0    |    0    |
|          |   sext_ln1393_24_fu_1796   |    0    |    0    |    0    |
|          |   sext_ln1393_25_fu_1799   |    0    |    0    |    0    |
|          |   sext_ln1393_26_fu_1808   |    0    |    0    |    0    |
|          |   sext_ln1393_27_fu_1811   |    0    |    0    |    0    |
|          |   sext_ln1393_28_fu_1883   |    0    |    0    |    0    |
|          |   sext_ln1393_29_fu_1886   |    0    |    0    |    0    |
|          |   sext_ln1393_30_fu_1895   |    0    |    0    |    0    |
|          |   sext_ln1393_31_fu_1898   |    0    |    0    |    0    |
|          |   sext_ln1393_32_fu_1970   |    0    |    0    |    0    |
|          |   sext_ln1393_33_fu_1973   |    0    |    0    |    0    |
|          |   sext_ln1393_34_fu_1982   |    0    |    0    |    0    |
|          |   sext_ln1393_35_fu_1985   |    0    |    0    |    0    |
|          |   sext_ln1393_36_fu_2057   |    0    |    0    |    0    |
|          |   sext_ln1393_37_fu_2060   |    0    |    0    |    0    |
|          |   sext_ln1393_38_fu_2069   |    0    |    0    |    0    |
|          |   sext_ln1393_39_fu_2072   |    0    |    0    |    0    |
|          |   sext_ln1393_40_fu_2152   |    0    |    0    |    0    |
|          |   sext_ln1393_41_fu_2155   |    0    |    0    |    0    |
|----------|----------------------------|---------|---------|---------|
|   trunc  |      trunc_ln39_fu_522     |    0    |    0    |    0    |
|          |     trunc_ln859_fu_2245    |    0    |    0    |    0    |
|----------|----------------------------|---------|---------|---------|
|          |       tmp_15_fu_1351       |    0    |    0    |    0    |
|          |       tmp_17_fu_1415       |    0    |    0    |    0    |
|          |       tmp_19_fu_1438       |    0    |    0    |    0    |
|          |       tmp_21_fu_1502       |    0    |    0    |    0    |
|          |       tmp_23_fu_1525       |    0    |    0    |    0    |
|          |       tmp_25_fu_1589       |    0    |    0    |    0    |
|          |       tmp_27_fu_1612       |    0    |    0    |    0    |
|          |       tmp_29_fu_1676       |    0    |    0    |    0    |
|          |       tmp_31_fu_1699       |    0    |    0    |    0    |
|          |       tmp_33_fu_1763       |    0    |    0    |    0    |
|          |       tmp_35_fu_1786       |    0    |    0    |    0    |
|partselect|       tmp_37_fu_1850       |    0    |    0    |    0    |
|          |       tmp_39_fu_1873       |    0    |    0    |    0    |
|          |       tmp_41_fu_1937       |    0    |    0    |    0    |
|          |       tmp_43_fu_1960       |    0    |    0    |    0    |
|          |       tmp_45_fu_2024       |    0    |    0    |    0    |
|          |       tmp_47_fu_2047       |    0    |    0    |    0    |
|          |       tmp_49_fu_2119       |    0    |    0    |    0    |
|          |       tmp_51_fu_2142       |    0    |    0    |    0    |
|          |       tmp_53_fu_2176       |    0    |    0    |    0    |
|          |       tmp_55_fu_2199       |    0    |    0    |    0    |
|          |     sum_each_V_fu_2221     |    0    |    0    |    0    |
|          |      trunc_ln1_fu_2235     |    0    |    0    |    0    |
|          | output_temp_data_V_fu_2277 |    0    |    0    |    0    |
|----------|----------------------------|---------|---------|---------|
|          |        lhs_V_fu_1403       |    0    |    0    |    0    |
|          |       lhs_V_1_fu_1425      |    0    |    0    |    0    |
|          |       lhs_V_2_fu_1490      |    0    |    0    |    0    |
|          |       lhs_V_3_fu_1512      |    0    |    0    |    0    |
|          |       lhs_V_4_fu_1577      |    0    |    0    |    0    |
|          |       lhs_V_5_fu_1599      |    0    |    0    |    0    |
|          |       lhs_V_6_fu_1664      |    0    |    0    |    0    |
|          |       lhs_V_7_fu_1686      |    0    |    0    |    0    |
|          |       lhs_V_8_fu_1751      |    0    |    0    |    0    |
|          |       lhs_V_9_fu_1773      |    0    |    0    |    0    |
|bitconcatenate|      lhs_V_10_fu_1838      |    0    |    0    |    0    |
|          |      lhs_V_11_fu_1860      |    0    |    0    |    0    |
|          |      lhs_V_12_fu_1925      |    0    |    0    |    0    |
|          |      lhs_V_13_fu_1947      |    0    |    0    |    0    |
|          |      lhs_V_14_fu_2012      |    0    |    0    |    0    |
|          |      lhs_V_15_fu_2034      |    0    |    0    |    0    |
|          |      lhs_V_16_fu_2107      |    0    |    0    |    0    |
|          |      lhs_V_17_fu_2129      |    0    |    0    |    0    |
|          |      lhs_V_18_fu_2164      |    0    |    0    |    0    |
|          |      lhs_V_19_fu_2186      |    0    |    0    |    0    |
|          |      lhs_V_20_fu_2209      |    0    |    0    |    0    |
|----------|----------------------------|---------|---------|---------|
|   Total  |                            |    44   |   3630  |   2844  |
|----------|----------------------------|---------|---------|---------|

Memories:
N/A

* Register list:
+---------------------------------------------------------------------------------------------+--------+
|                                                                                             |   FF   |
+---------------------------------------------------------------------------------------------+--------+
|                                      add_ln859_reg_3156                                     |   32   |
|                                     icmp_ln1065_reg_3161                                    |    1   |
|                                    mul_ln1393_10_reg_2941                                   |   47   |
|                                    mul_ln1393_11_reg_2951                                   |   47   |
|                                    mul_ln1393_12_reg_2986                                   |   47   |
|                                    mul_ln1393_13_reg_2996                                   |   47   |
|                                    mul_ln1393_14_reg_3031                                   |   47   |
|                                    mul_ln1393_15_reg_3041                                   |   47   |
|                                    mul_ln1393_16_reg_3076                                   |   47   |
|                                    mul_ln1393_17_reg_3086                                   |   47   |
|                                    mul_ln1393_18_reg_3121                                   |   47   |
|                                    mul_ln1393_19_reg_3131                                   |   47   |
|                                    mul_ln1393_1_reg_2726                                    |   47   |
|                                    mul_ln1393_20_reg_3146                                   |   47   |
|                                    mul_ln1393_2_reg_2761                                    |   47   |
|                                    mul_ln1393_3_reg_2771                                    |   47   |
|                                    mul_ln1393_4_reg_2806                                    |   47   |
|                                    mul_ln1393_5_reg_2816                                    |   47   |
|                                    mul_ln1393_6_reg_2851                                    |   47   |
|                                    mul_ln1393_7_reg_2861                                    |   47   |
|                                    mul_ln1393_8_reg_2896                                    |   47   |
|                                    mul_ln1393_9_reg_2906                                    |   47   |
|                                     mul_ln1393_reg_2716                                     |   47   |
|                       mux_case_067286187190191594996710051024_reg_463                       |   32   |
|                      mux_case_06768448518818919259399779951034_reg_418                      |   32   |
|                    mux_case_068082683885787589791994597110011028_reg_445                    |   32   |
|                                    mux_case_0684_reg_409                                    |   32   |
|                                    mux_case_0688_reg_391                                    |   32   |
|                                    mux_case_0692_reg_373                                    |   32   |
|                                    mux_case_0696_reg_355                                    |   32   |
|                                    mux_case_0700_reg_337                                    |   32   |
|                                    mux_case_0704_reg_319                                    |   32   |
|                                    mux_case_0708_reg_301                                    |   32   |
|                                    mux_case_0712_reg_283                                    |   32   |
|                                    mux_case_0716_reg_265                                    |   32   |
|                                    mux_case_0720_reg_247                                    |   32   |
|                       mux_case_167385987389991794796910031026_reg_454                       |   32   |
|                      mux_case_16778428538798939239419759971032_reg_427                      |   32   |
|                     mux_case_16818248408558778959219439739991030_reg_436                    |   32   |
|                                    mux_case_1685_reg_400                                    |   32   |
|                                    mux_case_1689_reg_382                                    |   32   |
|                                    mux_case_1693_reg_364                                    |   32   |
|                                    mux_case_1697_reg_346                                    |   32   |
|                                    mux_case_1701_reg_328                                    |   32   |
|                                    mux_case_1705_reg_310                                    |   32   |
|                                    mux_case_1709_reg_292                                    |   32   |
|                                    mux_case_1713_reg_274                                    |   32   |
|                                    mux_case_1717_reg_256                                    |   32   |
|                                    mux_case_1721_reg_238                                    |   32   |
|                                 output_temp_data_V_reg_3165                                 |   16   |
|p_ZZ22low_pass_filter_secondRN3hls6streamINS_4axisI8ap_fixedILi32ELi10EL9ap_q_mod_44_reg_2350|   32   |
|p_ZZ22low_pass_filter_secondRN3hls6streamINS_4axisI8ap_fixedILi32ELi10EL9ap_q_mod_45_reg_2355|   32   |
|p_ZZ22low_pass_filter_secondRN3hls6streamINS_4axisI8ap_fixedILi32ELi10EL9ap_q_mod_46_reg_2363|   32   |
|p_ZZ22low_pass_filter_secondRN3hls6streamINS_4axisI8ap_fixedILi32ELi10EL9ap_q_mod_47_reg_2368|   32   |
|p_ZZ22low_pass_filter_secondRN3hls6streamINS_4axisI8ap_fixedILi32ELi10EL9ap_q_mod_48_reg_2373|   32   |
|p_ZZ22low_pass_filter_secondRN3hls6streamINS_4axisI8ap_fixedILi32ELi10EL9ap_q_mod_49_reg_2378|   32   |
|p_ZZ22low_pass_filter_secondRN3hls6streamINS_4axisI8ap_fixedILi32ELi10EL9ap_q_mod_50_reg_2383|   32   |
|p_ZZ22low_pass_filter_secondRN3hls6streamINS_4axisI8ap_fixedILi32ELi10EL9ap_q_mod_51_reg_2388|   32   |
|p_ZZ22low_pass_filter_secondRN3hls6streamINS_4axisI8ap_fixedILi32ELi10EL9ap_q_mod_52_reg_2393|   32   |
|p_ZZ22low_pass_filter_secondRN3hls6streamINS_4axisI8ap_fixedILi32ELi10EL9ap_q_mod_53_reg_2398|   32   |
|p_ZZ22low_pass_filter_secondRN3hls6streamINS_4axisI8ap_fixedILi32ELi10EL9ap_q_mod_54_reg_2403|   32   |
|p_ZZ22low_pass_filter_secondRN3hls6streamINS_4axisI8ap_fixedILi32ELi10EL9ap_q_mod_55_reg_2408|   32   |
|p_ZZ22low_pass_filter_secondRN3hls6streamINS_4axisI8ap_fixedILi32ELi10EL9ap_q_mod_56_reg_2413|   32   |
|p_ZZ22low_pass_filter_secondRN3hls6streamINS_4axisI8ap_fixedILi32ELi10EL9ap_q_mod_57_reg_2418|   32   |
|p_ZZ22low_pass_filter_secondRN3hls6streamINS_4axisI8ap_fixedILi32ELi10EL9ap_q_mod_58_reg_2423|   32   |
|p_ZZ22low_pass_filter_secondRN3hls6streamINS_4axisI8ap_fixedILi32ELi10EL9ap_q_mod_59_reg_2428|   32   |
|p_ZZ22low_pass_filter_secondRN3hls6streamINS_4axisI8ap_fixedILi32ELi10EL9ap_q_mod_60_reg_2433|   32   |
|p_ZZ22low_pass_filter_secondRN3hls6streamINS_4axisI8ap_fixedILi32ELi10EL9ap_q_mod_61_reg_2438|   32   |
|p_ZZ22low_pass_filter_secondRN3hls6streamINS_4axisI8ap_fixedILi32ELi10EL9ap_q_mod_62_reg_2443|   32   |
|p_ZZ22low_pass_filter_secondRN3hls6streamINS_4axisI8ap_fixedILi32ELi10EL9ap_q_mod_63_reg_2448|   32   |
|p_ZZ22low_pass_filter_secondRN3hls6streamINS_4axisI8ap_fixedILi32ELi10EL9ap_q_mod_64_reg_2453|   32   |
|p_ZZ22low_pass_filter_secondRN3hls6streamINS_4axisI8ap_fixedILi32ELi10EL9ap_q_mod_65_reg_2458|   32   |
|p_ZZ22low_pass_filter_secondRN3hls6streamINS_4axisI8ap_fixedILi32ELi10EL9ap_q_mod_66_reg_2463|   32   |
|p_ZZ22low_pass_filter_secondRN3hls6streamINS_4axisI8ap_fixedILi32ELi10EL9ap_q_mod_67_reg_2468|   32   |
|p_ZZ22low_pass_filter_secondRN3hls6streamINS_4axisI8ap_fixedILi32ELi10EL9ap_q_mod_68_reg_2473|   32   |
|p_ZZ22low_pass_filter_secondRN3hls6streamINS_4axisI8ap_fixedILi32ELi10EL9ap_q_mod_69_reg_2478|   32   |
|                                       r_V_10_reg_2661                                       |   32   |
|                                       r_V_11_reg_2666                                       |   32   |
|                                       r_V_12_reg_2671                                       |   32   |
|                                       r_V_13_reg_2676                                       |   32   |
|                                       r_V_14_reg_2681                                       |   32   |
|                                       r_V_15_reg_2686                                       |   32   |
|                                       r_V_16_reg_2691                                       |   32   |
|                                       r_V_17_reg_2696                                       |   32   |
|                                       r_V_18_reg_2701                                       |   32   |
|                                       r_V_19_reg_2706                                       |   32   |
|                                        r_V_1_reg_2591                                       |   32   |
|                                       r_V_20_reg_2711                                       |   32   |
|                                       r_V_21_reg_3111                                       |   32   |
|                                        r_V_2_reg_2586                                       |   32   |
|                                        r_V_3_reg_2581                                       |   32   |
|                                        r_V_4_reg_2576                                       |   32   |
|                                        r_V_5_reg_2571                                       |   32   |
|                                        r_V_6_reg_2566                                       |   32   |
|                                        r_V_7_reg_2561                                       |   32   |
|                                        r_V_8_reg_2651                                       |   32   |
|                                        r_V_9_reg_2656                                       |   32   |
|                                    sext_ln1316_1_reg_2616                                   |   47   |
|                                     sext_ln1316_reg_2611                                    |   47   |
|                                   sext_ln1393_10_reg_2786                                   |   47   |
|                                   sext_ln1393_11_reg_2791                                   |   47   |
|                                   sext_ln1393_12_reg_2821                                   |   47   |
|                                   sext_ln1393_13_reg_2826                                   |   47   |
|                                   sext_ln1393_14_reg_2831                                   |   47   |
|                                   sext_ln1393_15_reg_2836                                   |   47   |
|                                   sext_ln1393_16_reg_2866                                   |   47   |
|                                   sext_ln1393_17_reg_2871                                   |   47   |
|                                   sext_ln1393_18_reg_2876                                   |   47   |
|                                   sext_ln1393_19_reg_2881                                   |   47   |
|                                    sext_ln1393_1_reg_2626                                   |   47   |
|                                   sext_ln1393_20_reg_2911                                   |   47   |
|                                   sext_ln1393_21_reg_2916                                   |   47   |
|                                   sext_ln1393_22_reg_2921                                   |   47   |
|                                   sext_ln1393_23_reg_2926                                   |   47   |
|                                   sext_ln1393_24_reg_2956                                   |   47   |
|                                   sext_ln1393_25_reg_2961                                   |   47   |
|                                   sext_ln1393_26_reg_2966                                   |   47   |
|                                   sext_ln1393_27_reg_2971                                   |   47   |
|                                   sext_ln1393_28_reg_3001                                   |   47   |
|                                   sext_ln1393_29_reg_3006                                   |   47   |
|                                    sext_ln1393_2_reg_2631                                   |   47   |
|                                   sext_ln1393_30_reg_3011                                   |   47   |
|                                   sext_ln1393_31_reg_3016                                   |   47   |
|                                   sext_ln1393_32_reg_3046                                   |   47   |
|                                   sext_ln1393_33_reg_3051                                   |   47   |
|                                   sext_ln1393_34_reg_3056                                   |   47   |
|                                   sext_ln1393_35_reg_3061                                   |   47   |
|                                   sext_ln1393_36_reg_3091                                   |   47   |
|                                   sext_ln1393_37_reg_3096                                   |   47   |
|                                   sext_ln1393_38_reg_3101                                   |   47   |
|                                   sext_ln1393_39_reg_3106                                   |   47   |
|                                    sext_ln1393_3_reg_2636                                   |   47   |
|                                   sext_ln1393_40_reg_3136                                   |   47   |
|                                   sext_ln1393_41_reg_3141                                   |   47   |
|                                    sext_ln1393_4_reg_2731                                   |   47   |
|                                    sext_ln1393_5_reg_2736                                   |   47   |
|                                    sext_ln1393_6_reg_2741                                   |   47   |
|                                    sext_ln1393_7_reg_2746                                   |   47   |
|                                    sext_ln1393_8_reg_2776                                   |   47   |
|                                    sext_ln1393_9_reg_2781                                   |   47   |
|                                     sext_ln1393_reg_2621                                    |   47   |
|                                      sext_ln39_reg_2313                                     |   33   |
|                                     sum_V_new_0_reg_472                                     |   32   |
|                                       tmp_10_reg_2543                                       |   32   |
|                                       tmp_11_reg_2549                                       |   32   |
|                                       tmp_12_reg_2555                                       |   32   |
|                                       tmp_13_reg_2596                                       |   16   |
|                                       tmp_14_reg_2601                                       |   16   |
|                                       tmp_15_reg_2721                                       |   32   |
|                                       tmp_16_reg_2606                                       |   16   |
|                                       tmp_18_reg_2641                                       |   16   |
|                                       tmp_19_reg_2766                                       |   32   |
|                                        tmp_1_reg_2483                                       |   32   |
|                                       tmp_20_reg_2646                                       |   16   |
|                                       tmp_22_reg_2751                                       |   16   |
|                                       tmp_23_reg_2811                                       |   32   |
|                                       tmp_24_reg_2756                                       |   16   |
|                                       tmp_26_reg_2796                                       |   16   |
|                                       tmp_27_reg_2856                                       |   32   |
|                                       tmp_28_reg_2801                                       |   16   |
|                                        tmp_2_reg_2489                                       |   32   |
|                                       tmp_30_reg_2841                                       |   16   |
|                                       tmp_31_reg_2901                                       |   32   |
|                                       tmp_32_reg_2846                                       |   16   |
|                                       tmp_34_reg_2886                                       |   16   |
|                                       tmp_35_reg_2946                                       |   32   |
|                                       tmp_36_reg_2891                                       |   16   |
|                                       tmp_38_reg_2931                                       |   16   |
|                                       tmp_39_reg_2991                                       |   32   |
|                                        tmp_3_reg_2495                                       |   32   |
|                                       tmp_40_reg_2936                                       |   16   |
|                                       tmp_42_reg_2976                                       |   16   |
|                                       tmp_43_reg_3036                                       |   32   |
|                                       tmp_44_reg_2981                                       |   16   |
|                                       tmp_46_reg_3021                                       |   16   |
|                                       tmp_47_reg_3081                                       |   32   |
|                                       tmp_48_reg_3026                                       |   16   |
|                                        tmp_4_reg_2501                                       |   32   |
|                                       tmp_50_reg_3066                                       |   16   |
|                                       tmp_51_reg_3126                                       |   32   |
|                                       tmp_52_reg_3071                                       |   16   |
|                                       tmp_54_reg_3116                                       |   16   |
|                                       tmp_55_reg_3151                                       |   32   |
|                                        tmp_5_reg_2507                                       |   32   |
|                                        tmp_6_reg_2513                                       |   32   |
|                                        tmp_7_reg_2519                                       |   32   |
|                                        tmp_8_reg_2525                                       |   32   |
|                                        tmp_9_reg_2531                                       |   32   |
|                                    tmp_data_V_1_reg_2300                                    |   32   |
|                                     tmp_last_V_reg_2305                                     |    1   |
|                                        tmp_s_reg_2537                                       |   32   |
+---------------------------------------------------------------------------------------------+--------+
|                                            Total                                            |  6658  |
+---------------------------------------------------------------------------------------------+--------+

* Multiplexer (MUX) list: 
|------------------|------|------|------|--------||---------||---------|
|       Comp       |  Pin | Size |  BW  | S x BW ||  Delay  ||   LUT   |
|------------------|------|------|------|--------||---------||---------|
| grp_write_fu_220 |  p5  |   2  |  16  |   32   ||    9    |
|    grp_fu_1186   |  p0  |   2  |  32  |   64   ||    9    |
|    grp_fu_1186   |  p1  |   2  |  16  |   32   ||    9    |
|    grp_fu_1198   |  p0  |   2  |  32  |   64   ||    9    |
|    grp_fu_1198   |  p1  |   2  |  16  |   32   ||    9    |
|    grp_fu_1210   |  p0  |   2  |  32  |   64   ||    9    |
|    grp_fu_1210   |  p1  |   2  |  16  |   32   ||    9    |
|    grp_fu_1367   |  p0  |   2  |  32  |   64   ||    9    |
|    grp_fu_1367   |  p1  |   2  |  16  |   32   ||    9    |
|    grp_fu_1379   |  p0  |   2  |  32  |   64   ||    9    |
|    grp_fu_1379   |  p1  |   2  |  16  |   32   ||    9    |
|    grp_fu_1454   |  p0  |   2  |  32  |   64   ||    9    |
|    grp_fu_1454   |  p1  |   2  |  16  |   32   ||    9    |
|    grp_fu_1466   |  p0  |   2  |  32  |   64   ||    9    |
|    grp_fu_1466   |  p1  |   2  |  16  |   32   ||    9    |
|    grp_fu_1541   |  p0  |   2  |  32  |   64   ||    9    |
|    grp_fu_1541   |  p1  |   2  |  16  |   32   ||    9    |
|    grp_fu_1553   |  p0  |   2  |  32  |   64   ||    9    |
|    grp_fu_1553   |  p1  |   2  |  16  |   32   ||    9    |
|    grp_fu_1628   |  p0  |   2  |  32  |   64   ||    9    |
|    grp_fu_1628   |  p1  |   2  |  16  |   32   ||    9    |
|    grp_fu_1640   |  p0  |   2  |  32  |   64   ||    9    |
|    grp_fu_1640   |  p1  |   2  |  16  |   32   ||    9    |
|    grp_fu_1715   |  p0  |   2  |  32  |   64   ||    9    |
|    grp_fu_1715   |  p1  |   2  |  16  |   32   ||    9    |
|    grp_fu_1727   |  p0  |   2  |  32  |   64   ||    9    |
|    grp_fu_1727   |  p1  |   2  |  16  |   32   ||    9    |
|    grp_fu_1802   |  p0  |   2  |  32  |   64   ||    9    |
|    grp_fu_1802   |  p1  |   2  |  16  |   32   ||    9    |
|    grp_fu_1814   |  p0  |   2  |  32  |   64   ||    9    |
|    grp_fu_1814   |  p1  |   2  |  16  |   32   ||    9    |
|    grp_fu_1889   |  p0  |   2  |  32  |   64   ||    9    |
|    grp_fu_1889   |  p1  |   2  |  16  |   32   ||    9    |
|    grp_fu_1901   |  p0  |   2  |  32  |   64   ||    9    |
|    grp_fu_1901   |  p1  |   2  |  16  |   32   ||    9    |
|    grp_fu_1976   |  p0  |   2  |  32  |   64   ||    9    |
|    grp_fu_1976   |  p1  |   2  |  16  |   32   ||    9    |
|    grp_fu_1988   |  p0  |   2  |  32  |   64   ||    9    |
|    grp_fu_1988   |  p1  |   2  |  16  |   32   ||    9    |
|    grp_fu_2063   |  p0  |   2  |  32  |   64   ||    9    |
|    grp_fu_2063   |  p1  |   2  |  16  |   32   ||    9    |
|    grp_fu_2075   |  p0  |   2  |  32  |   64   ||    9    |
|    grp_fu_2075   |  p1  |   2  |  16  |   32   ||    9    |
|    grp_fu_2158   |  p0  |   2  |  32  |   64   ||    9    |
|    grp_fu_2158   |  p1  |   2  |  16  |   32   ||    9    |
|------------------|------|------|------|--------||---------||---------|
|       Total      |      |      |      |  2144  ||  71.46  ||   405   |
|------------------|------|------|------|--------||---------||---------|



* Summary:
+-----------+--------+--------+--------+--------+
|           |   DSP  |  Delay |   FF   |   LUT  |
+-----------+--------+--------+--------+--------+
|  Function |   44   |    -   |  3630  |  2844  |
|   Memory  |    -   |    -   |    -   |    -   |
|Multiplexer|    -   |   71   |    -   |   405  |
|  Register |    -   |    -   |  6658  |    -   |
+-----------+--------+--------+--------+--------+
|   Total   |   44   |   71   |  10288 |  3249  |
+-----------+--------+--------+--------+--------+
