

================================================================
== Vitis HLS Report for 'low_pass_filter_second'
================================================================
* Date:           Sat Sep 26 05:34:25 2026

* Version:        2022.1 (Build 3526262 on Mon Apr 18 15:48:16 MDT 2022)
* Project:        low_pass_filter_second
* Solution:       solution1 (Vivado IP Flow Target)
* Product family: zynq
* Target device:  xc7z020-clg400-1


================================================================
== Performance Estimates
================================================================
+ Timing: 
    * Summary: 
    +--------+----------+----------+------------+
    |  Clock |  Target  | Estimated| Uncertainty|
    +--------+----------+----------+------------+
    |ap_clk  |  10.00 ns|  6.912 ns|     2.70 ns|
    +--------+----------+----------+------------+

+ Latency: 
    * Summary: 
    +---------+---------+----------+----------+-----+-----+---------+
    |  Latency (cycles) |  Latency (absolute) |  Interval | Pipeline|
    |   min   |   max   |    min   |    max   | min | max |   Type  |
    +---------+---------+----------+----------+-----+-----+---------+
    |       14|       14|  0.140 us|  0.140 us|   15|   15|       no|
    +---------+---------+----------+----------+-----+-----+---------+

    + Detail: 
        * Instance: 
        N/A

        * Loop: 
        N/A

============================================================
+ Verbose Summary: Synthesis Manager
============================================================
InlineROM: 1
ExposeGlobal: 0
============================================================
+ Verbose Summary: CDFG Model
============================================================
IsTopModel: 1
ResetActiveHigh: 1
IsCombinational: 0
IsDatapathOnly: 0
HasWiredReturn: 1
HasMFsm: 0
HasVarLatency: 1
IsPipeline: 0
IsRtlPipelined: 0
IsInstanceOverlapped: 0
IsDontTouch: 0
HasImplIP: 0
IsGatedGlobalClock: 0


============================================================
+ Verbose Summary: Schedule
============================================================
* Number of FSM states : 15
* Pipeline : 0
* Dataflow Pipeline: 0

* FSM state transitions: 
1 --> 2 
2 --> 3 
3 --> 4 
4 --> 5 
5 --> 6 
6 --> 7 
7 --> 8 
8 --> 9 
9 --> 10 
10 --> 11 
11 --> 12 
12 --> 13 
13 --> 14 
14 --> 15 
15 --> 

* FSM state operations: 

State 1 <SV = 0> <Delay = 3.15>
ST_1 : Operation 16 [1/1] (0.00ns)   --->   "%spectopmodule_ln17 = spectopmodule void @_ssdm_op_SpecTopModule, void @empty_0" [low_pass_filter_second.cpp:17]   --->   Operation 16 'spectopmodule' 'spectopmodule_ln17' <Predicate = true> <Delay = 0.00>
ST_1 : Operation 17 [1/1] (0.00ns)   --->   "%specinterface_ln17 = specinterface void @_ssdm_op_SpecInterface, i32 0, void @empty_3, i32 0, i32 0, void @empty_2, i32 0, i32 0, void @empty_2, void @empty_2, void @empty_2, i32 0, i32 0, i32 0, i32 0, void @empty_2, void @empty_2, i32 4294967295, i32 0" [low_pass_filter_second.cpp:17]   --->   Operation 17 'specinterface' 'specinterface_ln17' <Predicate = true> <Delay = 0.00>
ST_1 : Operation 18 [1/1] (0.00ns)   --->   "%specinterface_ln0 = specinterface void @_ssdm_op_SpecInterface, i32 %input_r_V_data_V, i4 %input_r_V_keep_V, i4 %input_r_V_strb_V, i1 %input_r_V_last_V, void @empty, i32 1, i32 1, void @empty_1, i32 0, i32 0, void @empty_2, void @empty_2, void @empty_2, i32 0, i32 0, i32 0, i32 0, void @empty_2, void @empty_2, i32 4294967295, i32 0"   --->   Operation 18 'specinterface' 'specinterface_ln0' <Predicate = true> <Delay = 0.00>
ST_1 : Operation 19 [1/1] (0.00ns)   --->   "%specbitsmap_ln0 = specbitsmap void @_ssdm_op_SpecBitsMap, i32 %input_r_V_data_V"   --->   Operation 19 'specbitsmap' 'specbitsmap_ln0' <Predicate = true> <Delay = 0.00>
ST_1 : Operation 20 [1/1] (0.00ns)   --->   "%specbitsmap_ln0 = specbitsmap void @_ssdm_op_SpecBitsMap, i4 %input_r_V_keep_V"   --->   Operation 20 'specbitsmap' 'specbitsmap_ln0' <Predicate = true> <Delay = 0.00>
ST_1 : Operation 21 [1/1] (0.00ns)   --->   "%specbitsmap_ln0 = specbitsmap void @_ssdm_op_SpecBitsMap, i4 %input_r_V_strb_V"   --->   Operation 21 'specbitsmap' 'specbitsmap_ln0' <Predicate = true> <Delay = 0.00>
ST_1 : Operation 22 [1/1] (0.00ns)   --->   "%specbitsmap_ln0 = specbitsmap void @_ssdm_op_SpecBitsMap, i1 %input_r_V_last_V"   --->   Operation 22 'specbitsmap' 'specbitsmap_ln0' <Predicate = true> <Delay = 0.00>
ST_1 : Operation 23 [1/1] (0.00ns)   --->   "%specinterface_ln0 = specinterface void @_ssdm_op_SpecInterface, i16 %output_r_V_data_V, i2 %output_r_V_keep_V, i2 %output_r_V_strb_V, i1 %output_r_V_last_V, void @empty, i32 1, i32 1, void @empty_1, i32 0, i32 0, void @empty_2, void @empty_2, void @empty_2, i32 0, i32 0, i32 0, i32 0, void @empty_2, void @empty_2, i32 4294967295, i32 0"   --->   Operation 23 'specinterface' 'specinterface_ln0' <Predicate = true> <Delay = 0.00>
ST_1 : Operation 24 [1/1] (0.00ns)   --->   "%specbitsmap_ln0 = specbitsmap void @_ssdm_op_SpecBitsMap, i16 %output_r_V_data_V"   --->   Operation 24 'specbitsmap' 'specbitsmap_ln0' <Predicate = true> <Delay = 0.00>
ST_1 : Operation 25 [1/1] (0.00ns)   --->   "%specbitsmap_ln0 = specbitsmap void @_ssdm_op_SpecBitsMap, i2 %output_r_V_keep_V"   --->   Operation 25 'specbitsmap' 'specbitsmap_ln0' <Predicate = true> <Delay = 0.00>
ST_1 : Operation 26 [1/1] (0.00ns)   --->   "%specbitsmap_ln0 = specbitsmap void @_ssdm_op_SpecBitsMap, i2 %output_r_V_strb_V"   --->   Operation 26 'specbitsmap' 'specbitsmap_ln0' <Predicate = true> <Delay = 0.00>
ST_1 : Operation 27 [1/1] (0.00ns)   --->   "%specbitsmap_ln0 = specbitsmap void @_ssdm_op_SpecBitsMap, i1 %output_r_V_last_V"   --->   Operation 27 'specbitsmap' 'specbitsmap_ln0' <Predicate = true> <Delay = 0.00>
ST_1 : Operation 28 [1/1] (0.00ns)   --->   "%empty = read i41 @_ssdm_op_Read.axis.volatile.i32P0A.i4P0A.i4P0A.i1P0A, i32 %input_r_V_data_V, i4 %input_r_V_keep_V, i4 %input_r_V_strb_V, i1 %input_r_V_last_V"   --->   Operation 28 'read' 'empty' <Predicate = true> <Delay = 0.00> <CoreInst = "axis">   --->   Core 115 'axis' <Latency = 0> <II = 1> <Delay = 1.00> <Adapter> <Opcode : >
ST_1 : Operation 29 [1/1] (0.00ns)   --->   "%tmp_data_V_1 = extractvalue i41 %empty"   --->   Operation 29 'extractvalue' 'tmp_data_V_1' <Predicate = true> <Delay = 0.00>
ST_1 : Operation 30 [1/1] (0.00ns)   --->   "%tmp_last_V = extractvalue i41 %empty"   --->   Operation 30 'extractvalue' 'tmp_last_V' <Predicate = true> <Delay = 0.00>
ST_1 : Operation 31 [1/1] (0.00ns)   --->   "%count_V_load = load i2 %count_V"   --->   Operation 31 'load' 'count_V_load' <Predicate = true> <Delay = 0.00>
ST_1 : Operation 32 [1/1] (1.56ns)   --->   "%sub_i_i226 = sub i2 1, i2 %count_V_load"   --->   Operation 32 'sub' 'sub_i_i226' <Predicate = true> <Delay = 1.56> <CoreInst = "Adder">   --->   Core 1 'Adder' <Latency = 0> <II = 1> <Delay = 1.56> <FuncUnit> <Opcode : 'add' 'sub'> <InPorts = 2> <OutPorts = 1>
ST_1 : Operation 33 [1/1] (0.00ns)   --->   "%sext_ln39 = sext i2 %sub_i_i226" [low_pass_filter_second.cpp:39]   --->   Operation 33 'sext' 'sext_ln39' <Predicate = true> <Delay = 0.00>
ST_1 : Operation 34 [1/1] (0.00ns)   --->   "%p_ZZ22low_pass_filter_secondRN3hls6streamINS_4axisI8ap_fixedILi32ELi10EL9ap_q_mod_44 = load i32 %p_ZZ22low_pass_filter_secondRN3hls6streamINS_4axisI8ap_fixedILi32ELi10EL9ap_q_mod_30" [low_pass_filter_second.cpp:39]   --->   Operation 34 'load' 'p_ZZ22low_pass_filter_secondRN3hls6streamINS_4axisI8ap_fixedILi32ELi10EL9ap_q_mod_44' <Predicate = true> <Delay = 0.00>
ST_1 : Operation 35 [1/1] (0.00ns)   --->   "%p_ZZ22low_pass_filter_secondRN3hls6streamINS_4axisI8ap_fixedILi32ELi10EL9ap_q_mod_45 = load i32 %p_ZZ22low_pass_filter_secondRN3hls6streamINS_4axisI8ap_fixedILi32ELi10EL9ap_q_mod_8" [low_pass_filter_second.cpp:39]   --->   Operation 35 'load' 'p_ZZ22low_pass_filter_secondRN3hls6streamINS_4axisI8ap_fixedILi32ELi10EL9ap_q_mod_45' <Predicate = true> <Delay = 0.00>
ST_1 : Operation 36 [1/1] (1.58ns)   --->   "%tmp = mux i32 @_ssdm_op_Mux.ap_auto.2i32.i33, i32 %p_ZZ22low_pass_filter_secondRN3hls6streamINS_4axisI8ap_fixedILi32ELi10EL9ap_q_mod_44, i32 %p_ZZ22low_pass_filter_secondRN3hls6streamINS_4axisI8ap_fixedILi32ELi10EL9ap_q_mod_45, i33 %sext_ln39" [low_pass_filter_second.cpp:39]   --->   Operation 36 'mux' 'tmp' <Predicate = true> <Delay = 1.58> <CoreInst = "Multiplexer">   --->   Core 76 'Multiplexer' <Latency = 0> <II = 1> <Delay = 1.58> <FuncUnit> <Opcode : 'mux'> <InPorts = 2> <OutPorts = 1>
ST_1 : Operation 37 [1/1] (0.00ns)   --->   "%trunc_ln39 = trunc i2 %sub_i_i226" [low_pass_filter_second.cpp:39]   --->   Operation 37 'trunc' 'trunc_ln39' <Predicate = true> <Delay = 0.00>
ST_1 : Operation 38 [1/1] (0.00ns)   --->   "%p_ZZ22low_pass_filter_secondRN3hls6streamINS_4axisI8ap_fixedILi32ELi10EL9ap_q_mod_46 = load i32 %p_ZZ22low_pass_filter_secondRN3hls6streamINS_4axisI8ap_fixedILi32ELi10EL9ap_q_mod_32" [low_pass_filter_second.cpp:39]   --->   Operation 38 'load' 'p_ZZ22low_pass_filter_secondRN3hls6streamINS_4axisI8ap_fixedILi32ELi10EL9ap_q_mod_46' <Predicate = true> <Delay = 0.00>
ST_1 : Operation 39 [1/1] (0.00ns)   --->   "%p_ZZ22low_pass_filter_secondRN3hls6streamINS_4axisI8ap_fixedILi32ELi10EL9ap_q_mod_47 = load i32 %p_ZZ22low_pass_filter_secondRN3hls6streamINS_4axisI8ap_fixedILi32ELi10EL9ap_q_mod_10" [low_pass_filter_second.cpp:39]   --->   Operation 39 'load' 'p_ZZ22low_pass_filter_secondRN3hls6streamINS_4axisI8ap_fixedILi32ELi10EL9ap_q_mod_47' <Predicate = true> <Delay = 0.00>
ST_1 : Operation 40 [1/1] (0.00ns)   --->   "%p_ZZ22low_pass_filter_secondRN3hls6streamINS_4axisI8ap_fixedILi32ELi10EL9ap_q_mod_48 = load i32 %p_ZZ22low_pass_filter_secondRN3hls6streamINS_4axisI8ap_fixedILi32ELi10EL9ap_q_mod_33" [low_pass_filter_second.cpp:39]   --->   Operation 40 'load' 'p_ZZ22low_pass_filter_secondRN3hls6streamINS_4axisI8ap_fixedILi32ELi10EL9ap_q_mod_48' <Predicate = true> <Delay = 0.00>
ST_1 : Operation 41 [1/1] (0.00ns)   --->   "%p_ZZ22low_pass_filter_secondRN3hls6streamINS_4axisI8ap_fixedILi32ELi10EL9ap_q_mod_49 = load i32 %p_ZZ22low_pass_filter_secondRN3hls6streamINS_4axisI8ap_fixedILi32ELi10EL9ap_q_mod_11" [low_pass_filter_second.cpp:39]   --->   Operation 41 'load' 'p_ZZ22low_pass_filter_secondRN3hls6streamINS_4axisI8ap_fixedILi32ELi10EL9ap_q_mod_49' <Predicate = true> <Delay = 0.00>
ST_1 : Operation 42 [1/1] (0.00ns)   --->   "%p_ZZ22low_pass_filter_secondRN3hls6streamINS_4axisI8ap_fixedILi32ELi10EL9ap_q_mod_50 = load i32 %p_ZZ22low_pass_filter_secondRN3hls6streamINS_4axisI8ap_fixedILi32ELi10EL9ap_q_mod_34" [low_pass_filter_second.cpp:39]   --->   Operation 42 'load' 'p_ZZ22low_pass_filter_secondRN3hls6streamINS_4axisI8ap_fixedILi32ELi10EL9ap_q_mod_50' <Predicate = true> <Delay = 0.00>
ST_1 : Operation 43 [1/1] (0.00ns)   --->   "%p_ZZ22low_pass_filter_secondRN3hls6streamINS_4axisI8ap_fixedILi32ELi10EL9ap_q_mod_51 = load i32 %p_ZZ22low_pass_filter_secondRN3hls6streamINS_4axisI8ap_fixedILi32ELi10EL9ap_q_mod_12" [low_pass_filter_second.cpp:39]   --->   Operation 43 'load' 'p_ZZ22low_pass_filter_secondRN3hls6streamINS_4axisI8ap_fixedILi32ELi10EL9ap_q_mod_51' <Predicate = true> <Delay = 0.00>
ST_1 : Operation 44 [1/1] (0.00ns)   --->   "%p_ZZ22low_pass_filter_secondRN3hls6streamINS_4axisI8ap_fixedILi32ELi10EL9ap_q_mod_52 = load i32 %p_ZZ22low_pass_filter_secondRN3hls6streamINS_4axisI8ap_fixedILi32ELi10EL9ap_q_mod_35" [low_pass_filter_second.cpp:39]   --->   Operation 44 'load' 'p_ZZ22low_pass_filter_secondRN3hls6streamINS_4axisI8ap_fixedILi32ELi10EL9ap_q_mod_52' <Predicate = true> <Delay = 0.00>
ST_1 : Operation 45 [1/1] (0.00ns)   --->   "%p_ZZ22low_pass_filter_secondRN3hls6streamINS_4axisI8ap_fixedILi32ELi10EL9ap_q_mod_53 = load i32 %p_ZZ22low_pass_filter_secondRN3hls6streamINS_4axisI8ap_fixedILi32ELi10EL9ap_q_mod_13" [low_pass_filter_second.cpp:39]   --->   Operation 45 'load' 'p_ZZ22low_pass_filter_secondRN3hls6streamINS_4axisI8ap_fixedILi32ELi10EL9ap_q_mod_53' <Predicate = true> <Delay = 0.00>
ST_1 : Operation 46 [1/1] (0.00ns)   --->   "%p_ZZ22low_pass_filter_secondRN3hls6streamINS_4axisI8ap_fixedILi32ELi10EL9ap_q_mod_54 = load i32 %p_ZZ22low_pass_filter_secondRN3hls6streamINS_4axisI8ap_fixedILi32ELi10EL9ap_q_mod_36" [low_pass_filter_second.cpp:39]   --->   Operation 46 'load' 'p_ZZ22low_pass_filter_secondRN3hls6streamINS_4axisI8ap_fixedILi32ELi10EL9ap_q_mod_54' <Predicate = true> <Delay = 0.00>
ST_1 : Operation 47 [1/1] (0.00ns)   --->   "%p_ZZ22low_pass_filter_secondRN3hls6streamINS_4axisI8ap_fixedILi32ELi10EL9ap_q_mod_55 = load i32 %p_ZZ22low_pass_filter_secondRN3hls6streamINS_4axisI8ap_fixedILi32ELi10EL9ap_q_mod_14" [low_pass_filter_second.cpp:39]   --->   Operation 47 'load' 'p_ZZ22low_pass_filter_secondRN3hls6streamINS_4axisI8ap_fixedILi32ELi10EL9ap_q_mod_55' <Predicate = true> <Delay = 0.00>
ST_1 : Operation 48 [1/1] (0.00ns)   --->   "%p_ZZ22low_pass_filter_secondRN3hls6streamINS_4axisI8ap_fixedILi32ELi10EL9ap_q_mod_56 = load i32 %p_ZZ22low_pass_filter_secondRN3hls6streamINS_4axisI8ap_fixedILi32ELi10EL9ap_q_mod_37" [low_pass_filter_second.cpp:39]   --->   Operation 48 'load' 'p_ZZ22low_pass_filter_secondRN3hls6streamINS_4axisI8ap_fixedILi32ELi10EL9ap_q_mod_56' <Predicate = true> <Delay = 0.00>
ST_1 : Operation 49 [1/1] (0.00ns)   --->   "%p_ZZ22low_pass_filter_secondRN3hls6streamINS_4axisI8ap_fixedILi32ELi10EL9ap_q_mod_57 = load i32 %p_ZZ22low_pass_filter_secondRN3hls6streamINS_4axisI8ap_fixedILi32ELi10EL9ap_q_mod_15" [low_pass_filter_second.cpp:39]   --->   Operation 49 'load' 'p_ZZ22low_pass_filter_secondRN3hls6streamINS_4axisI8ap_fixedILi32ELi10EL9ap_q_mod_57' <Predicate = true> <Delay = 0.00>
ST_1 : Operation 50 [1/1] (0.00ns)   --->   "%p_ZZ22low_pass_filter_secondRN3hls6streamINS_4axisI8ap_fixedILi32ELi10EL9ap_q_mod_58 = load i32 %p_ZZ22low_pass_filter_secondRN3hls6streamINS_4axisI8ap_fixedILi32ELi10EL9ap_q_mod_38" [low_pass_filter_second.cpp:39]   --->   Operation 50 'load' 'p_ZZ22low_pass_filter_secondRN3hls6streamINS_4axisI8ap_fixedILi32ELi10EL9ap_q_mod_58' <Predicate = true> <Delay = 0.00>
ST_1 : Operation 51 [1/1] (0.00ns)   --->   "%p_ZZ22low_pass_filter_secondRN3hls6streamINS_4axisI8ap_fixedILi32ELi10EL9ap_q_mod_59 = load i32 %p_ZZ22low_pass_filter_secondRN3hls6streamINS_4axisI8ap_fixedILi32ELi10EL9ap_q_mod_16" [low_pass_filter_second.cpp:39]   --->   Operation 51 'load' 'p_ZZ22low_pass_filter_secondRN3hls6streamINS_4axisI8ap_fixedILi32ELi10EL9ap_q_mod_59' <Predicate = true> <Delay = 0.00>
ST_1 : Operation 52 [1/1] (0.00ns)   --->   "%p_ZZ22low_pass_filter_secondRN3hls6streamINS_4axisI8ap_fixedILi32ELi10EL9ap_q_mod_60 = load i32 %p_ZZ22low_pass_filter_secondRN3hls6streamINS_4axisI8ap_fixedILi32ELi10EL9ap_q_mod_39" [low_pass_filter_second.cpp:39]   --->   Operation 52 'load' 'p_ZZ22low_pass_filter_secondRN3hls6streamINS_4axisI8ap_fixedILi32ELi10EL9ap_q_mod_60' <Predicate = true> <Delay = 0.00>
ST_1 : Operation 53 [1/1] (0.00ns)   --->   "%p_ZZ22low_pass_filter_secondRN3hls6streamINS_4axisI8ap_fixedILi32ELi10EL9ap_q_mod_61 = load i32 %p_ZZ22low_pass_filter_secondRN3hls6streamINS_4axisI8ap_fixedILi32ELi10EL9ap_q_mod_17" [low_pass_filter_second.cpp:39]   --->   Operation 53 'load' 'p_ZZ22low_pass_filter_secondRN3hls6streamINS_4axisI8ap_fixedILi32ELi10EL9ap_q_mod_61' <Predicate = true> <Delay = 0.00>
ST_1 : Operation 54 [1/1] (0.00ns)   --->   "%p_ZZ22low_pass_filter_secondRN3hls6streamINS_4axisI8ap_fixedILi32ELi10EL9ap_q_mod_62 = load i32 %p_ZZ22low_pass_filter_secondRN3hls6streamINS_4axisI8ap_fixedILi32ELi10EL9ap_q_mod_40" [low_pass_filter_second.cpp:39]   --->   Operation 54 'load' 'p_ZZ22low_pass_filter_secondRN3hls6streamINS_4axisI8ap_fixedILi32ELi10EL9ap_q_mod_62' <Predicate = true> <Delay = 0.00>
ST_1 : Operation 55 [1/1] (0.00ns)   --->   "%p_ZZ22low_pass_filter_secondRN3hls6streamINS_4axisI8ap_fixedILi32ELi10EL9ap_q_mod_63 = load i32 %p_ZZ22low_pass_filter_secondRN3hls6streamINS_4axisI8ap_fixedILi32ELi10EL9ap_q_mod_18" [low_pass_filter_second.cpp:39]   --->   Operation 55 'load' 'p_ZZ22low_pass_filter_secondRN3hls6streamINS_4axisI8ap_fixedILi32ELi10EL9ap_q_mod_63' <Predicate = true> <Delay = 0.00>
ST_1 : Operation 56 [1/1] (0.00ns)   --->   "%p_ZZ22low_pass_filter_secondRN3hls6streamINS_4axisI8ap_fixedILi32ELi10EL9ap_q_mod_64 = load i32 %p_ZZ22low_pass_filter_secondRN3hls6streamINS_4axisI8ap_fixedILi32ELi10EL9ap_q_mod_41" [low_pass_filter_second.cpp:39]   --->   Operation 56 'load' 'p_ZZ22low_pass_filter_secondRN3hls6streamINS_4axisI8ap_fixedILi32ELi10EL9ap_q_mod_64' <Predicate = true> <Delay = 0.00>
ST_1 : Operation 57 [1/1] (0.00ns)   --->   "%p_ZZ22low_pass_filter_secondRN3hls6streamINS_4axisI8ap_fixedILi32ELi10EL9ap_q_mod_65 = load i32 %p_ZZ22low_pass_filter_secondRN3hls6streamINS_4axisI8ap_fixedILi32ELi10EL9ap_q_mod_19" [low_pass_filter_second.cpp:39]   --->   Operation 57 'load' 'p_ZZ22low_pass_filter_secondRN3hls6streamINS_4axisI8ap_fixedILi32ELi10EL9ap_q_mod_65' <Predicate = true> <Delay = 0.00>
ST_1 : Operation 58 [1/1] (0.00ns)   --->   "%p_ZZ22low_pass_filter_secondRN3hls6streamINS_4axisI8ap_fixedILi32ELi10EL9ap_q_mod_66 = load i32 %p_ZZ22low_pass_filter_secondRN3hls6streamINS_4axisI8ap_fixedILi32ELi10EL9ap_q_mod_22" [low_pass_filter_second.cpp:39]   --->   Operation 58 'load' 'p_ZZ22low_pass_filter_secondRN3hls6streamINS_4axisI8ap_fixedILi32ELi10EL9ap_q_mod_66' <Predicate = true> <Delay = 0.00>
ST_1 : Operation 59 [1/1] (0.00ns)   --->   "%p_ZZ22low_pass_filter_secondRN3hls6streamINS_4axisI8ap_fixedILi32ELi10EL9ap_q_mod_67 = load i32 %p_ZZ22low_pass_filter_secondRN3hls6streamINS_4axisI8ap_fixedILi32ELi10EL9ap_q_mod" [low_pass_filter_second.cpp:39]   --->   Operation 59 'load' 'p_ZZ22low_pass_filter_secondRN3hls6streamINS_4axisI8ap_fixedILi32ELi10EL9ap_q_mod_67' <Predicate = true> <Delay = 0.00>
ST_1 : Operation 60 [1/1] (0.00ns)   --->   "%p_ZZ22low_pass_filter_secondRN3hls6streamINS_4axisI8ap_fixedILi32ELi10EL9ap_q_mod_68 = load i32 %p_ZZ22low_pass_filter_secondRN3hls6streamINS_4axisI8ap_fixedILi32ELi10EL9ap_q_mod_23" [low_pass_filter_second.cpp:39]   --->   Operation 60 'load' 'p_ZZ22low_pass_filter_secondRN3hls6streamINS_4axisI8ap_fixedILi32ELi10EL9ap_q_mod_68' <Predicate = true> <Delay = 0.00>
ST_1 : Operation 61 [1/1] (0.00ns)   --->   "%p_ZZ22low_pass_filter_secondRN3hls6streamINS_4axisI8ap_fixedILi32ELi10EL9ap_q_mod_69 = load i32 %p_ZZ22low_pass_filter_secondRN3hls6streamINS_4axisI8ap_fixedILi32ELi10EL9ap_q_mod_1" [low_pass_filter_second.cpp:39]   --->   Operation 61 'load' 'p_ZZ22low_pass_filter_secondRN3hls6streamINS_4axisI8ap_fixedILi32ELi10EL9ap_q_mod_69' <Predicate = true> <Delay = 0.00>
ST_1 : Operation 62 [1/1] (0.00ns)   --->   "%p_ZZ22low_pass_filter_secondRN3hls6streamINS_4axisI8ap_fixedILi32ELi10EL9ap_q_mod_70 = load i32 %p_ZZ22low_pass_filter_secondRN3hls6streamINS_4axisI8ap_fixedILi32ELi10EL9ap_q_mod_24" [low_pass_filter_second.cpp:39]   --->   Operation 62 'load' 'p_ZZ22low_pass_filter_secondRN3hls6streamINS_4axisI8ap_fixedILi32ELi10EL9ap_q_mod_70' <Predicate = true> <Delay = 0.00>
ST_1 : Operation 63 [1/1] (0.00ns)   --->   "%p_ZZ22low_pass_filter_secondRN3hls6streamINS_4axisI8ap_fixedILi32ELi10EL9ap_q_mod_71 = load i32 %p_ZZ22low_pass_filter_secondRN3hls6streamINS_4axisI8ap_fixedILi32ELi10EL9ap_q_mod_2" [low_pass_filter_second.cpp:39]   --->   Operation 63 'load' 'p_ZZ22low_pass_filter_secondRN3hls6streamINS_4axisI8ap_fixedILi32ELi10EL9ap_q_mod_71' <Predicate = true> <Delay = 0.00>
ST_1 : Operation 64 [1/1] (0.00ns)   --->   "%p_ZZ22low_pass_filter_secondRN3hls6streamINS_4axisI8ap_fixedILi32ELi10EL9ap_q_mod_72 = load i32 %p_ZZ22low_pass_filter_secondRN3hls6streamINS_4axisI8ap_fixedILi32ELi10EL9ap_q_mod_25" [low_pass_filter_second.cpp:39]   --->   Operation 64 'load' 'p_ZZ22low_pass_filter_secondRN3hls6streamINS_4axisI8ap_fixedILi32ELi10EL9ap_q_mod_72' <Predicate = true> <Delay = 0.00>
ST_1 : Operation 65 [1/1] (0.00ns)   --->   "%p_ZZ22low_pass_filter_secondRN3hls6streamINS_4axisI8ap_fixedILi32ELi10EL9ap_q_mod_73 = load i32 %p_ZZ22low_pass_filter_secondRN3hls6streamINS_4axisI8ap_fixedILi32ELi10EL9ap_q_mod_3" [low_pass_filter_second.cpp:39]   --->   Operation 65 'load' 'p_ZZ22low_pass_filter_secondRN3hls6streamINS_4axisI8ap_fixedILi32ELi10EL9ap_q_mod_73' <Predicate = true> <Delay = 0.00>
ST_1 : Operation 66 [1/1] (0.00ns)   --->   "%p_ZZ22low_pass_filter_secondRN3hls6streamINS_4axisI8ap_fixedILi32ELi10EL9ap_q_mod_74 = load i32 %p_ZZ22low_pass_filter_secondRN3hls6streamINS_4axisI8ap_fixedILi32ELi10EL9ap_q_mod_26" [low_pass_filter_second.cpp:39]   --->   Operation 66 'load' 'p_ZZ22low_pass_filter_secondRN3hls6streamINS_4axisI8ap_fixedILi32ELi10EL9ap_q_mod_74' <Predicate = true> <Delay = 0.00>
ST_1 : Operation 67 [1/1] (0.00ns)   --->   "%p_ZZ22low_pass_filter_secondRN3hls6streamINS_4axisI8ap_fixedILi32ELi10EL9ap_q_mod_75 = load i32 %p_ZZ22low_pass_filter_secondRN3hls6streamINS_4axisI8ap_fixedILi32ELi10EL9ap_q_mod_4" [low_pass_filter_second.cpp:39]   --->   Operation 67 'load' 'p_ZZ22low_pass_filter_secondRN3hls6streamINS_4axisI8ap_fixedILi32ELi10EL9ap_q_mod_75' <Predicate = true> <Delay = 0.00>
ST_1 : Operation 68 [1/1] (0.00ns)   --->   "%p_ZZ22low_pass_filter_secondRN3hls6streamINS_4axisI8ap_fixedILi32ELi10EL9ap_q_mod_76 = load i32 %p_ZZ22low_pass_filter_secondRN3hls6streamINS_4axisI8ap_fixedILi32ELi10EL9ap_q_mod_27" [low_pass_filter_second.cpp:39]   --->   Operation 68 'load' 'p_ZZ22low_pass_filter_secondRN3hls6streamINS_4axisI8ap_fixedILi32ELi10EL9ap_q_mod_76' <Predicate = true> <Delay = 0.00>
ST_1 : Operation 69 [1/1] (0.00ns)   --->   "%p_ZZ22low_pass_filter_secondRN3hls6streamINS_4axisI8ap_fixedILi32ELi10EL9ap_q_mod_77 = load i32 %p_ZZ22low_pass_filter_secondRN3hls6streamINS_4axisI8ap_fixedILi32ELi10EL9ap_q_mod_5" [low_pass_filter_second.cpp:39]   --->   Operation 69 'load' 'p_ZZ22low_pass_filter_secondRN3hls6streamINS_4axisI8ap_fixedILi32ELi10EL9ap_q_mod_77' <Predicate = true> <Delay = 0.00>
ST_1 : Operation 70 [1/1] (0.00ns)   --->   "%p_ZZ22low_pass_filter_secondRN3hls6streamINS_4axisI8ap_fixedILi32ELi10EL9ap_q_mod_78 = load i32 %p_ZZ22low_pass_filter_secondRN3hls6streamINS_4axisI8ap_fixedILi32ELi10EL9ap_q_mod_28" [low_pass_filter_second.cpp:39]   --->   Operation 70 'load' 'p_ZZ22low_pass_filter_secondRN3hls6streamINS_4axisI8ap_fixedILi32ELi10EL9ap_q_mod_78' <Predicate = true> <Delay = 0.00>
ST_1 : Operation 71 [1/1] (0.00ns)   --->   "%p_ZZ22low_pass_filter_secondRN3hls6streamINS_4axisI8ap_fixedILi32ELi10EL9ap_q_mod_79 = load i32 %p_ZZ22low_pass_filter_secondRN3hls6streamINS_4axisI8ap_fixedILi32ELi10EL9ap_q_mod_6" [low_pass_filter_second.cpp:39]   --->   Operation 71 'load' 'p_ZZ22low_pass_filter_secondRN3hls6streamINS_4axisI8ap_fixedILi32ELi10EL9ap_q_mod_79' <Predicate = true> <Delay = 0.00>
ST_1 : Operation 72 [1/1] (0.00ns)   --->   "%p_ZZ22low_pass_filter_secondRN3hls6streamINS_4axisI8ap_fixedILi32ELi10EL9ap_q_mod_80 = load i32 %p_ZZ22low_pass_filter_secondRN3hls6streamINS_4axisI8ap_fixedILi32ELi10EL9ap_q_mod_31" [low_pass_filter_second.cpp:39]   --->   Operation 72 'load' 'p_ZZ22low_pass_filter_secondRN3hls6streamINS_4axisI8ap_fixedILi32ELi10EL9ap_q_mod_80' <Predicate = true> <Delay = 0.00>
ST_1 : Operation 73 [1/1] (0.00ns)   --->   "%p_ZZ22low_pass_filter_secondRN3hls6streamINS_4axisI8ap_fixedILi32ELi10EL9ap_q_mod_81 = load i32 %p_ZZ22low_pass_filter_secondRN3hls6streamINS_4axisI8ap_fixedILi32ELi10EL9ap_q_mod_9" [low_pass_filter_second.cpp:39]   --->   Operation 73 'load' 'p_ZZ22low_pass_filter_secondRN3hls6streamINS_4axisI8ap_fixedILi32ELi10EL9ap_q_mod_81' <Predicate = true> <Delay = 0.00>
ST_1 : Operation 74 [1/1] (0.00ns)   --->   "%p_ZZ22low_pass_filter_secondRN3hls6streamINS_4axisI8ap_fixedILi32ELi10EL9ap_q_mod_82 = load i32 %p_ZZ22low_pass_filter_secondRN3hls6streamINS_4axisI8ap_fixedILi32ELi10EL9ap_q_mod_42" [low_pass_filter_second.cpp:39]   --->   Operation 74 'load' 'p_ZZ22low_pass_filter_secondRN3hls6streamINS_4axisI8ap_fixedILi32ELi10EL9ap_q_mod_82' <Predicate = true> <Delay = 0.00>
ST_1 : Operation 75 [1/1] (0.00ns)   --->   "%p_ZZ22low_pass_filter_secondRN3hls6streamINS_4axisI8ap_fixedILi32ELi10EL9ap_q_mod_83 = load i32 %p_ZZ22low_pass_filter_secondRN3hls6streamINS_4axisI8ap_fixedILi32ELi10EL9ap_q_mod_20" [low_pass_filter_second.cpp:39]   --->   Operation 75 'load' 'p_ZZ22low_pass_filter_secondRN3hls6streamINS_4axisI8ap_fixedILi32ELi10EL9ap_q_mod_83' <Predicate = true> <Delay = 0.00>
ST_1 : Operation 76 [1/1] (0.00ns)   --->   "%p_ZZ22low_pass_filter_secondRN3hls6streamINS_4axisI8ap_fixedILi32ELi10EL9ap_q_mod_84 = load i32 %p_ZZ22low_pass_filter_secondRN3hls6streamINS_4axisI8ap_fixedILi32ELi10EL9ap_q_mod_43" [low_pass_filter_second.cpp:39]   --->   Operation 76 'load' 'p_ZZ22low_pass_filter_secondRN3hls6streamINS_4axisI8ap_fixedILi32ELi10EL9ap_q_mod_84' <Predicate = true> <Delay = 0.00>
ST_1 : Operation 77 [1/1] (0.00ns)   --->   "%p_ZZ22low_pass_filter_secondRN3hls6streamINS_4axisI8ap_fixedILi32ELi10EL9ap_q_mod_85 = load i32 %p_ZZ22low_pass_filter_secondRN3hls6streamINS_4axisI8ap_fixedILi32ELi10EL9ap_q_mod_21" [low_pass_filter_second.cpp:39]   --->   Operation 77 'load' 'p_ZZ22low_pass_filter_secondRN3hls6streamINS_4axisI8ap_fixedILi32ELi10EL9ap_q_mod_85' <Predicate = true> <Delay = 0.00>
ST_1 : Operation 78 [1/1] (1.58ns)   --->   "%tmp_1 = mux i32 @_ssdm_op_Mux.ap_auto.2i32.i33, i32 %p_ZZ22low_pass_filter_secondRN3hls6streamINS_4axisI8ap_fixedILi32ELi10EL9ap_q_mod_46, i32 %p_ZZ22low_pass_filter_secondRN3hls6streamINS_4axisI8ap_fixedILi32ELi10EL9ap_q_mod_47, i33 %sext_ln39" [low_pass_filter_second.cpp:39]   --->   Operation 78 'mux' 'tmp_1' <Predicate = true> <Delay = 1.58> <CoreInst = "Multiplexer">   --->   Core 76 'Multiplexer' <Latency = 0> <II = 1> <Delay = 1.58> <FuncUnit> <Opcode : 'mux'> <InPorts = 2> <OutPorts = 1>
ST_1 : Operation 79 [1/1] (1.58ns)   --->   "%tmp_2 = mux i32 @_ssdm_op_Mux.ap_auto.2i32.i33, i32 %p_ZZ22low_pass_filter_secondRN3hls6streamINS_4axisI8ap_fixedILi32ELi10EL9ap_q_mod_48, i32 %p_ZZ22low_pass_filter_secondRN3hls6streamINS_4axisI8ap_fixedILi32ELi10EL9ap_q_mod_49, i33 %sext_ln39" [low_pass_filter_second.cpp:39]   --->   Operation 79 'mux' 'tmp_2' <Predicate = true> <Delay = 1.58> <CoreInst = "Multiplexer">   --->   Core 76 'Multiplexer' <Latency = 0> <II = 1> <Delay = 1.58> <FuncUnit> <Opcode : 'mux'> <InPorts = 2> <OutPorts = 1>
ST_1 : Operation 80 [1/1] (1.58ns)   --->   "%tmp_3 = mux i32 @_ssdm_op_Mux.ap_auto.2i32.i33, i32 %p_ZZ22low_pass_filter_secondRN3hls6streamINS_4axisI8ap_fixedILi32ELi10EL9ap_q_mod_50, i32 %p_ZZ22low_pass_filter_secondRN3hls6streamINS_4axisI8ap_fixedILi32ELi10EL9ap_q_mod_51, i33 %sext_ln39" [low_pass_filter_second.cpp:39]   --->   Operation 80 'mux' 'tmp_3' <Predicate = true> <Delay = 1.58> <CoreInst = "Multiplexer">   --->   Core 76 'Multiplexer' <Latency = 0> <II = 1> <Delay = 1.58> <FuncUnit> <Opcode : 'mux'> <InPorts = 2> <OutPorts = 1>
ST_1 : Operation 81 [1/1] (1.58ns)   --->   "%tmp_4 = mux i32 @_ssdm_op_Mux.ap_auto.2i32.i33, i32 %p_ZZ22low_pass_filter_secondRN3hls6streamINS_4axisI8ap_fixedILi32ELi10EL9ap_q_mod_52, i32 %p_ZZ22low_pass_filter_secondRN3hls6streamINS_4axisI8ap_fixedILi32ELi10EL9ap_q_mod_53, i33 %sext_ln39" [low_pass_filter_second.cpp:39]   --->   Operation 81 'mux' 'tmp_4' <Predicate = true> <Delay = 1.58> <CoreInst = "Multiplexer">   --->   Core 76 'Multiplexer' <Latency = 0> <II = 1> <Delay = 1.58> <FuncUnit> <Opcode : 'mux'> <InPorts = 2> <OutPorts = 1>
ST_1 : Operation 82 [1/1] (1.58ns)   --->   "%tmp_5 = mux i32 @_ssdm_op_Mux.ap_auto.2i32.i33, i32 %p_ZZ22low_pass_filter_secondRN3hls6streamINS_4axisI8ap_fixedILi32ELi10EL9ap_q_mod_54, i32 %p_ZZ22low_pass_filter_secondRN3hls6streamINS_4axisI8ap_fixedILi32ELi10EL9ap_q_mod_55, i33 %sext_ln39" [low_pass_filter_second.cpp:39]   --->   Operation 82 'mux' 'tmp_5' <Predicate = true> <Delay = 1.58> <CoreInst = "Multiplexer">   --->   Core 76 'Multiplexer' <Latency = 0> <II = 1> <Delay = 1.58> <FuncUnit> <Opcode : 'mux'> <InPorts = 2> <OutPorts = 1>
ST_1 : Operation 83 [1/1] (1.58ns)   --->   "%tmp_6 = mux i32 @_ssdm_op_Mux.ap_auto.2i32.i33, i32 %p_ZZ22low_pass_filter_secondRN3hls6streamINS_4axisI8ap_fixedILi32ELi10EL9ap_q_mod_56, i32 %p_ZZ22low_pass_filter_secondRN3hls6streamINS_4axisI8ap_fixedILi32ELi10EL9ap_q_mod_57, i33 %sext_ln39" [low_pass_filter_second.cpp:39]   --->   Operation 83 'mux' 'tmp_6' <Predicate = true> <Delay = 1.58> <CoreInst = "Multiplexer">   --->   Core 76 'Multiplexer' <Latency = 0> <II = 1> <Delay = 1.58> <FuncUnit> <Opcode : 'mux'> <InPorts = 2> <OutPorts = 1>
ST_1 : Operation 84 [1/1] (1.58ns)   --->   "%tmp_7 = mux i32 @_ssdm_op_Mux.ap_auto.2i32.i33, i32 %p_ZZ22low_pass_filter_secondRN3hls6streamINS_4axisI8ap_fixedILi32ELi10EL9ap_q_mod_58, i32 %p_ZZ22low_pass_filter_secondRN3hls6streamINS_4axisI8ap_fixedILi32ELi10EL9ap_q_mod_59, i33 %sext_ln39" [low_pass_filter_second.cpp:39]   --->   Operation 84 'mux' 'tmp_7' <Predicate = true> <Delay = 1.58> <CoreInst = "Multiplexer">   --->   Core 76 'Multiplexer' <Latency = 0> <II = 1> <Delay = 1.58> <FuncUnit> <Opcode : 'mux'> <InPorts = 2> <OutPorts = 1>
ST_1 : Operation 85 [1/1] (1.58ns)   --->   "%tmp_8 = mux i32 @_ssdm_op_Mux.ap_auto.2i32.i33, i32 %p_ZZ22low_pass_filter_secondRN3hls6streamINS_4axisI8ap_fixedILi32ELi10EL9ap_q_mod_60, i32 %p_ZZ22low_pass_filter_secondRN3hls6streamINS_4axisI8ap_fixedILi32ELi10EL9ap_q_mod_61, i33 %sext_ln39" [low_pass_filter_second.cpp:39]   --->   Operation 85 'mux' 'tmp_8' <Predicate = true> <Delay = 1.58> <CoreInst = "Multiplexer">   --->   Core 76 'Multiplexer' <Latency = 0> <II = 1> <Delay = 1.58> <FuncUnit> <Opcode : 'mux'> <InPorts = 2> <OutPorts = 1>
ST_1 : Operation 86 [1/1] (1.58ns)   --->   "%tmp_9 = mux i32 @_ssdm_op_Mux.ap_auto.2i32.i33, i32 %p_ZZ22low_pass_filter_secondRN3hls6streamINS_4axisI8ap_fixedILi32ELi10EL9ap_q_mod_62, i32 %p_ZZ22low_pass_filter_secondRN3hls6streamINS_4axisI8ap_fixedILi32ELi10EL9ap_q_mod_63, i33 %sext_ln39" [low_pass_filter_second.cpp:39]   --->   Operation 86 'mux' 'tmp_9' <Predicate = true> <Delay = 1.58> <CoreInst = "Multiplexer">   --->   Core 76 'Multiplexer' <Latency = 0> <II = 1> <Delay = 1.58> <FuncUnit> <Opcode : 'mux'> <InPorts = 2> <OutPorts = 1>
ST_1 : Operation 87 [1/1] (1.58ns)   --->   "%tmp_s = mux i32 @_ssdm_op_Mux.ap_auto.2i32.i33, i32 %p_ZZ22low_pass_filter_secondRN3hls6streamINS_4axisI8ap_fixedILi32ELi10EL9ap_q_mod_64, i32 %p_ZZ22low_pass_filter_secondRN3hls6streamINS_4axisI8ap_fixedILi32ELi10EL9ap_q_mod_65, i33 %sext_ln39" [low_pass_filter_second.cpp:39]   --->   Operation 87 'mux' 'tmp_s' <Predicate = true> <Delay = 1.58> <CoreInst = "Multiplexer">   --->   Core 76 'Multiplexer' <Latency = 0> <II = 1> <Delay = 1.58> <FuncUnit> <Opcode : 'mux'> <InPorts = 2> <OutPorts = 1>
ST_1 : Operation 88 [1/1] (1.58ns)   --->   "%tmp_10 = mux i32 @_ssdm_op_Mux.ap_auto.2i32.i33, i32 %p_ZZ22low_pass_filter_secondRN3hls6streamINS_4axisI8ap_fixedILi32ELi10EL9ap_q_mod_66, i32 %p_ZZ22low_pass_filter_secondRN3hls6streamINS_4axisI8ap_fixedILi32ELi10EL9ap_q_mod_67, i33 %sext_ln39" [low_pass_filter_second.cpp:39]   --->   Operation 88 'mux' 'tmp_10' <Predicate = true> <Delay = 1.58> <CoreInst = "Multiplexer">   --->   Core 76 'Multiplexer' <Latency = 0> <II = 1> <Delay = 1.58> <FuncUnit> <Opcode : 'mux'> <InPorts = 2> <OutPorts = 1>
ST_1 : Operation 89 [1/1] (1.58ns)   --->   "%tmp_11 = mux i32 @_ssdm_op_Mux.ap_auto.2i32.i33, i32 %p_ZZ22low_pass_filter_secondRN3hls6streamINS_4axisI8ap_fixedILi32ELi10EL9ap_q_mod_68, i32 %p_ZZ22low_pass_filter_secondRN3hls6streamINS_4axisI8ap_fixedILi32ELi10EL9ap_q_mod_69, i33 %sext_ln39" [low_pass_filter_second.cpp:39]   --->   Operation 89 'mux' 'tmp_11' <Predicate = true> <Delay = 1.58> <CoreInst = "Multiplexer">   --->   Core 76 'Multiplexer' <Latency = 0> <II = 1> <Delay = 1.58> <FuncUnit> <Opcode : 'mux'> <InPorts = 2> <OutPorts = 1>
ST_1 : Operation 90 [1/1] (1.58ns)   --->   "%tmp_12 = mux i32 @_ssdm_op_Mux.ap_auto.2i32.i33, i32 %p_ZZ22low_pass_filter_secondRN3hls6streamINS_4axisI8ap_fixedILi32ELi10EL9ap_q_mod_70, i32 %p_ZZ22low_pass_filter_secondRN3hls6streamINS_4axisI8ap_fixedILi32ELi10EL9ap_q_mod_71, i33 %sext_ln39" [low_pass_filter_second.cpp:39]   --->   Operation 90 'mux' 'tmp_12' <Predicate = true> <Delay = 1.58> <CoreInst = "Multiplexer">   --->   Core 76 'Multiplexer' <Latency = 0> <II = 1> <Delay = 1.58> <FuncUnit> <Opcode : 'mux'> <InPorts = 2> <OutPorts = 1>
ST_1 : Operation 91 [1/1] (1.58ns)   --->   "%r_V_7 = mux i32 @_ssdm_op_Mux.ap_auto.2i32.i33, i32 %p_ZZ22low_pass_filter_secondRN3hls6streamINS_4axisI8ap_fixedILi32ELi10EL9ap_q_mod_72, i32 %p_ZZ22low_pass_filter_secondRN3hls6streamINS_4axisI8ap_fixedILi32ELi10EL9ap_q_mod_73, i33 %sext_ln39" [low_pass_filter_second.cpp:39]   --->   Operation 91 'mux' 'r_V_7' <Predicate = true> <Delay = 1.58> <CoreInst = "Multiplexer">   --->   Core 76 'Multiplexer' <Latency = 0> <II = 1> <Delay = 1.58> <FuncUnit> <Opcode : 'mux'> <InPorts = 2> <OutPorts = 1>
ST_1 : Operation 92 [1/1] (1.58ns)   --->   "%r_V_6 = mux i32 @_ssdm_op_Mux.ap_auto.2i32.i33, i32 %p_ZZ22low_pass_filter_secondRN3hls6streamINS_4axisI8ap_fixedILi32ELi10EL9ap_q_mod_74, i32 %p_ZZ22low_pass_filter_secondRN3hls6streamINS_4axisI8ap_fixedILi32ELi10EL9ap_q_mod_75, i33 %sext_ln39" [low_pass_filter_second.cpp:39]   --->   Operation 92 'mux' 'r_V_6' <Predicate = true> <Delay = 1.58> <CoreInst = "Multiplexer">   --->   Core 76 'Multiplexer' <Latency = 0> <II = 1> <Delay = 1.58> <FuncUnit> <Opcode : 'mux'> <InPorts = 2> <OutPorts = 1>
ST_1 : Operation 93 [1/1] (1.58ns)   --->   "%r_V_5 = mux i32 @_ssdm_op_Mux.ap_auto.2i32.i33, i32 %p_ZZ22low_pass_filter_secondRN3hls6streamINS_4axisI8ap_fixedILi32ELi10EL9ap_q_mod_76, i32 %p_ZZ22low_pass_filter_secondRN3hls6streamINS_4axisI8ap_fixedILi32ELi10EL9ap_q_mod_77, i33 %sext_ln39" [low_pass_filter_second.cpp:39]   --->   Operation 93 'mux' 'r_V_5' <Predicate = true> <Delay = 1.58> <CoreInst = "Multiplexer">   --->   Core 76 'Multiplexer' <Latency = 0> <II = 1> <Delay = 1.58> <FuncUnit> <Opcode : 'mux'> <InPorts = 2> <OutPorts = 1>
ST_1 : Operation 94 [1/1] (1.58ns)   --->   "%r_V_4 = mux i32 @_ssdm_op_Mux.ap_auto.2i32.i33, i32 %p_ZZ22low_pass_filter_secondRN3hls6streamINS_4axisI8ap_fixedILi32ELi10EL9ap_q_mod_78, i32 %p_ZZ22low_pass_filter_secondRN3hls6streamINS_4axisI8ap_fixedILi32ELi10EL9ap_q_mod_79, i33 %sext_ln39" [low_pass_filter_second.cpp:39]   --->   Operation 94 'mux' 'r_V_4' <Predicate = true> <Delay = 1.58> <CoreInst = "Multiplexer">   --->   Core 76 'Multiplexer' <Latency = 0> <II = 1> <Delay = 1.58> <FuncUnit> <Opcode : 'mux'> <InPorts = 2> <OutPorts = 1>
ST_1 : Operation 95 [1/1] (1.58ns)   --->   "%r_V_3 = mux i32 @_ssdm_op_Mux.ap_auto.2i32.i33, i32 %p_ZZ22low_pass_filter_secondRN3hls6streamINS_4axisI8ap_fixedILi32ELi10EL9ap_q_mod_80, i32 %p_ZZ22low_pass_filter_secondRN3hls6streamINS_4axisI8ap_fixedILi32ELi10EL9ap_q_mod_81, i33 %sext_ln39" [low_pass_filter_second.cpp:39]   --->   Operation 95 'mux' 'r_V_3' <Predicate = true> <Delay = 1.58> <CoreInst = "Multiplexer">   --->   Core 76 'Multiplexer' <Latency = 0> <II = 1> <Delay = 1.58> <FuncUnit> <Opcode : 'mux'> <InPorts = 2> <OutPorts = 1>
ST_1 : Operation 96 [1/1] (1.58ns)   --->   "%r_V_2 = mux i32 @_ssdm_op_Mux.ap_auto.2i32.i33, i32 %p_ZZ22low_pass_filter_secondRN3hls6streamINS_4axisI8ap_fixedILi32ELi10EL9ap_q_mod_82, i32 %p_ZZ22low_pass_filter_secondRN3hls6streamINS_4axisI8ap_fixedILi32ELi10EL9ap_q_mod_83, i33 %sext_ln39" [low_pass_filter_second.cpp:39]   --->   Operation 96 'mux' 'r_V_2' <Predicate = true> <Delay = 1.58> <CoreInst = "Multiplexer">   --->   Core 76 'Multiplexer' <Latency = 0> <II = 1> <Delay = 1.58> <FuncUnit> <Opcode : 'mux'> <InPorts = 2> <OutPorts = 1>
ST_1 : Operation 97 [1/1] (1.58ns)   --->   "%r_V_1 = mux i32 @_ssdm_op_Mux.ap_auto.2i32.i33, i32 %p_ZZ22low_pass_filter_secondRN3hls6streamINS_4axisI8ap_fixedILi32ELi10EL9ap_q_mod_84, i32 %p_ZZ22low_pass_filter_secondRN3hls6streamINS_4axisI8ap_fixedILi32ELi10EL9ap_q_mod_85, i33 %sext_ln39" [low_pass_filter_second.cpp:39]   --->   Operation 97 'mux' 'r_V_1' <Predicate = true> <Delay = 1.58> <CoreInst = "Multiplexer">   --->   Core 76 'Multiplexer' <Latency = 0> <II = 1> <Delay = 1.58> <FuncUnit> <Opcode : 'mux'> <InPorts = 2> <OutPorts = 1>
ST_1 : Operation 98 [1/1] (0.00ns)   --->   "%br_ln39 = br i1 %trunc_ln39, void %arrayidx184.0.0.0610.20.case.0, void %arrayidx184.0.0.0610.20.case.1" [low_pass_filter_second.cpp:39]   --->   Operation 98 'br' 'br_ln39' <Predicate = true> <Delay = 0.00>
ST_1 : Operation 99 [1/1] (0.00ns)   --->   "%store_ln39 = store i32 %tmp, i32 %p_ZZ22low_pass_filter_secondRN3hls6streamINS_4axisI8ap_fixedILi32ELi10EL9ap_q_mod_29" [low_pass_filter_second.cpp:39]   --->   Operation 99 'store' 'store_ln39' <Predicate = (!trunc_ln39)> <Delay = 0.00>
ST_1 : Operation 100 [1/1] (0.00ns)   --->   "%store_ln39 = store i32 %tmp_1, i32 %p_ZZ22low_pass_filter_secondRN3hls6streamINS_4axisI8ap_fixedILi32ELi10EL9ap_q_mod_30" [low_pass_filter_second.cpp:39]   --->   Operation 100 'store' 'store_ln39' <Predicate = (!trunc_ln39)> <Delay = 0.00>
ST_1 : Operation 101 [1/1] (0.00ns)   --->   "%store_ln39 = store i32 %tmp_2, i32 %p_ZZ22low_pass_filter_secondRN3hls6streamINS_4axisI8ap_fixedILi32ELi10EL9ap_q_mod_32" [low_pass_filter_second.cpp:39]   --->   Operation 101 'store' 'store_ln39' <Predicate = (!trunc_ln39)> <Delay = 0.00>
ST_1 : Operation 102 [1/1] (0.00ns)   --->   "%store_ln39 = store i32 %tmp_3, i32 %p_ZZ22low_pass_filter_secondRN3hls6streamINS_4axisI8ap_fixedILi32ELi10EL9ap_q_mod_33" [low_pass_filter_second.cpp:39]   --->   Operation 102 'store' 'store_ln39' <Predicate = (!trunc_ln39)> <Delay = 0.00>
ST_1 : Operation 103 [1/1] (0.00ns)   --->   "%store_ln39 = store i32 %tmp_4, i32 %p_ZZ22low_pass_filter_secondRN3hls6streamINS_4axisI8ap_fixedILi32ELi10EL9ap_q_mod_34" [low_pass_filter_second.cpp:39]   --->   Operation 103 'store' 'store_ln39' <Predicate = (!trunc_ln39)> <Delay = 0.00>
ST_1 : Operation 104 [1/1] (0.00ns)   --->   "%store_ln39 = store i32 %tmp_5, i32 %p_ZZ22low_pass_filter_secondRN3hls6streamINS_4axisI8ap_fixedILi32ELi10EL9ap_q_mod_35" [low_pass_filter_second.cpp:39]   --->   Operation 104 'store' 'store_ln39' <Predicate = (!trunc_ln39)> <Delay = 0.00>
ST_1 : Operation 105 [1/1] (0.00ns)   --->   "%store_ln39 = store i32 %tmp_6, i32 %p_ZZ22low_pass_filter_secondRN3hls6streamINS_4axisI8ap_fixedILi32ELi10EL9ap_q_mod_36" [low_pass_filter_second.cpp:39]   --->   Operation 105 'store' 'store_ln39' <Predicate = (!trunc_ln39)> <Delay = 0.00>
ST_1 : Operation 106 [1/1] (0.00ns)   --->   "%store_ln39 = store i32 %tmp_7, i32 %p_ZZ22low_pass_filter_secondRN3hls6streamINS_4axisI8ap_fixedILi32ELi10EL9ap_q_mod_37" [low_pass_filter_second.cpp:39]   --->   Operation 106 'store' 'store_ln39' <Predicate = (!trunc_ln39)> <Delay = 0.00>
ST_1 : Operation 107 [1/1] (0.00ns)   --->   "%store_ln39 = store i32 %tmp_8, i32 %p_ZZ22low_pass_filter_secondRN3hls6streamINS_4axisI8ap_fixedILi32ELi10EL9ap_q_mod_38" [low_pass_filter_second.cpp:39]   --->   Operation 107 'store' 'store_ln39' <Predicate = (!trunc_ln39)> <Delay = 0.00>
ST_1 : Operation 108 [1/1] (0.00ns)   --->   "%store_ln39 = store i32 %tmp_9, i32 %p_ZZ22low_pass_filter_secondRN3hls6streamINS_4axisI8ap_fixedILi32ELi10EL9ap_q_mod_39" [low_pass_filter_second.cpp:39]   --->   Operation 108 'store' 'store_ln39' <Predicate = (!trunc_ln39)> <Delay = 0.00>
ST_1 : Operation 109 [1/1] (0.00ns)   --->   "%store_ln39 = store i32 %tmp_s, i32 %p_ZZ22low_pass_filter_secondRN3hls6streamINS_4axisI8ap_fixedILi32ELi10EL9ap_q_mod_40" [low_pass_filter_second.cpp:39]   --->   Operation 109 'store' 'store_ln39' <Predicate = (!trunc_ln39)> <Delay = 0.00>
ST_1 : Operation 110 [1/1] (0.00ns)   --->   "%store_ln39 = store i32 %tmp_10, i32 %p_ZZ22low_pass_filter_secondRN3hls6streamINS_4axisI8ap_fixedILi32ELi10EL9ap_q_mod_41" [low_pass_filter_second.cpp:39]   --->   Operation 110 'store' 'store_ln39' <Predicate = (!trunc_ln39)> <Delay = 0.00>
ST_1 : Operation 111 [1/1] (0.00ns)   --->   "%store_ln39 = store i32 %tmp_11, i32 %p_ZZ22low_pass_filter_secondRN3hls6streamINS_4axisI8ap_fixedILi32ELi10EL9ap_q_mod_22" [low_pass_filter_second.cpp:39]   --->   Operation 111 'store' 'store_ln39' <Predicate = (!trunc_ln39)> <Delay = 0.00>
ST_1 : Operation 112 [1/1] (0.00ns)   --->   "%store_ln39 = store i32 %tmp_12, i32 %p_ZZ22low_pass_filter_secondRN3hls6streamINS_4axisI8ap_fixedILi32ELi10EL9ap_q_mod_23" [low_pass_filter_second.cpp:39]   --->   Operation 112 'store' 'store_ln39' <Predicate = (!trunc_ln39)> <Delay = 0.00>
ST_1 : Operation 113 [1/1] (0.00ns)   --->   "%store_ln39 = store i32 %r_V_7, i32 %p_ZZ22low_pass_filter_secondRN3hls6streamINS_4axisI8ap_fixedILi32ELi10EL9ap_q_mod_24" [low_pass_filter_second.cpp:39]   --->   Operation 113 'store' 'store_ln39' <Predicate = (!trunc_ln39)> <Delay = 0.00>
ST_1 : Operation 114 [1/1] (0.00ns)   --->   "%store_ln39 = store i32 %r_V_6, i32 %p_ZZ22low_pass_filter_secondRN3hls6streamINS_4axisI8ap_fixedILi32ELi10EL9ap_q_mod_25" [low_pass_filter_second.cpp:39]   --->   Operation 114 'store' 'store_ln39' <Predicate = (!trunc_ln39)> <Delay = 0.00>
ST_1 : Operation 115 [1/1] (0.00ns)   --->   "%store_ln39 = store i32 %r_V_5, i32 %p_ZZ22low_pass_filter_secondRN3hls6streamINS_4axisI8ap_fixedILi32ELi10EL9ap_q_mod_26" [low_pass_filter_second.cpp:39]   --->   Operation 115 'store' 'store_ln39' <Predicate = (!trunc_ln39)> <Delay = 0.00>
ST_1 : Operation 116 [1/1] (0.00ns)   --->   "%store_ln39 = store i32 %r_V_4, i32 %p_ZZ22low_pass_filter_secondRN3hls6streamINS_4axisI8ap_fixedILi32ELi10EL9ap_q_mod_27" [low_pass_filter_second.cpp:39]   --->   Operation 116 'store' 'store_ln39' <Predicate = (!trunc_ln39)> <Delay = 0.00>
ST_1 : Operation 117 [1/1] (0.00ns)   --->   "%store_ln39 = store i32 %r_V_3, i32 %p_ZZ22low_pass_filter_secondRN3hls6streamINS_4axisI8ap_fixedILi32ELi10EL9ap_q_mod_28" [low_pass_filter_second.cpp:39]   --->   Operation 117 'store' 'store_ln39' <Predicate = (!trunc_ln39)> <Delay = 0.00>
ST_1 : Operation 118 [1/1] (0.00ns)   --->   "%store_ln39 = store i32 %r_V_2, i32 %p_ZZ22low_pass_filter_secondRN3hls6streamINS_4axisI8ap_fixedILi32ELi10EL9ap_q_mod_31" [low_pass_filter_second.cpp:39]   --->   Operation 118 'store' 'store_ln39' <Predicate = (!trunc_ln39)> <Delay = 0.00>
ST_1 : Operation 119 [1/1] (0.00ns)   --->   "%store_ln39 = store i32 %r_V_1, i32 %p_ZZ22low_pass_filter_secondRN3hls6streamINS_4axisI8ap_fixedILi32ELi10EL9ap_q_mod_42" [low_pass_filter_second.cpp:39]   --->   Operation 119 'store' 'store_ln39' <Predicate = (!trunc_ln39)> <Delay = 0.00>
ST_1 : Operation 120 [1/1] (0.00ns)   --->   "%store_ln41 = store i32 %tmp_data_V_1, i32 %p_ZZ22low_pass_filter_secondRN3hls6streamINS_4axisI8ap_fixedILi32ELi10EL9ap_q_mod_43" [low_pass_filter_second.cpp:41]   --->   Operation 120 'store' 'store_ln41' <Predicate = (!trunc_ln39)> <Delay = 0.00>
ST_1 : Operation 121 [1/1] (1.58ns)   --->   "%br_ln41 = br void %arrayidx184.0.0.0610.20.exit" [low_pass_filter_second.cpp:41]   --->   Operation 121 'br' 'br_ln41' <Predicate = (!trunc_ln39)> <Delay = 1.58>
ST_1 : Operation 122 [1/1] (0.00ns)   --->   "%store_ln39 = store i32 %tmp, i32 %p_ZZ22low_pass_filter_secondRN3hls6streamINS_4axisI8ap_fixedILi32ELi10EL9ap_q_mod_7" [low_pass_filter_second.cpp:39]   --->   Operation 122 'store' 'store_ln39' <Predicate = (trunc_ln39)> <Delay = 0.00>
ST_1 : Operation 123 [1/1] (0.00ns)   --->   "%store_ln39 = store i32 %tmp_1, i32 %p_ZZ22low_pass_filter_secondRN3hls6streamINS_4axisI8ap_fixedILi32ELi10EL9ap_q_mod_8" [low_pass_filter_second.cpp:39]   --->   Operation 123 'store' 'store_ln39' <Predicate = (trunc_ln39)> <Delay = 0.00>
ST_1 : Operation 124 [1/1] (0.00ns)   --->   "%store_ln39 = store i32 %tmp_2, i32 %p_ZZ22low_pass_filter_secondRN3hls6streamINS_4axisI8ap_fixedILi32ELi10EL9ap_q_mod_10" [low_pass_filter_second.cpp:39]   --->   Operation 124 'store' 'store_ln39' <Predicate = (trunc_ln39)> <Delay = 0.00>
ST_1 : Operation 125 [1/1] (0.00ns)   --->   "%store_ln39 = store i32 %tmp_3, i32 %p_ZZ22low_pass_filter_secondRN3hls6streamINS_4axisI8ap_fixedILi32ELi10EL9ap_q_mod_11" [low_pass_filter_second.cpp:39]   --->   Operation 125 'store' 'store_ln39' <Predicate = (trunc_ln39)> <Delay = 0.00>
ST_1 : Operation 126 [1/1] (0.00ns)   --->   "%store_ln39 = store i32 %tmp_4, i32 %p_ZZ22low_pass_filter_secondRN3hls6streamINS_4axisI8ap_fixedILi32ELi10EL9ap_q_mod_12" [low_pass_filter_second.cpp:39]   --->   Operation 126 'store' 'store_ln39' <Predicate = (trunc_ln39)> <Delay = 0.00>
ST_1 : Operation 127 [1/1] (0.00ns)   --->   "%store_ln39 = store i32 %tmp_5, i32 %p_ZZ22low_pass_filter_secondRN3hls6streamINS_4axisI8ap_fixedILi32ELi10EL9ap_q_mod_13" [low_pass_filter_second.cpp:39]   --->   Operation 127 'store' 'store_ln39' <Predicate = (trunc_ln39)> <Delay = 0.00>
ST_1 : Operation 128 [1/1] (0.00ns)   --->   "%store_ln39 = store i32 %tmp_6, i32 %p_ZZ22low_pass_filter_secondRN3hls6streamINS_4axisI8ap_fixedILi32ELi10EL9ap_q_mod_14" [low_pass_filter_second.cpp:39]   --->   Operation 128 'store' 'store_ln39' <Predicate = (trunc_ln39)> <Delay = 0.00>
ST_1 : Operation 129 [1/1] (0.00ns)   --->   "%store_ln39 = store i32 %tmp_7, i32 %p_ZZ22low_pass_filter_secondRN3hls6streamINS_4axisI8ap_fixedILi32ELi10EL9ap_q_mod_15" [low_pass_filter_second.cpp:39]   --->   Operation 129 'store' 'store_ln39' <Predicate = (trunc_ln39)> <Delay = 0.00>
ST_1 : Operation 130 [1/1] (0.00ns)   --->   "%store_ln39 = store i32 %tmp_8, i32 %p_ZZ22low_pass_filter_secondRN3hls6streamINS_4axisI8ap_fixedILi32ELi10EL9ap_q_mod_16" [low_pass_filter_second.cpp:39]   --->   Operation 130 'store' 'store_ln39' <Predicate = (trunc_ln39)> <Delay = 0.00>
ST_1 : Operation 131 [1/1] (0.00ns)   --->   "%store_ln39 = store i32 %tmp_9, i32 %p_ZZ22low_pass_filter_secondRN3hls6streamINS_4axisI8ap_fixedILi32ELi10EL9ap_q_mod_17" [low_pass_filter_second.cpp:39]   --->   Operation 131 'store' 'store_ln39' <Predicate = (trunc_ln39)> <Delay = 0.00>
ST_1 : Operation 132 [1/1] (0.00ns)   --->   "%store_ln39 = store i32 %tmp_s, i32 %p_ZZ22low_pass_filter_secondRN3hls6streamINS_4axisI8ap_fixedILi32ELi10EL9ap_q_mod_18" [low_pass_filter_second.cpp:39]   --->   Operation 132 'store' 'store_ln39' <Predicate = (trunc_ln39)> <Delay = 0.00>
ST_1 : Operation 133 [1/1] (0.00ns)   --->   "%store_ln39 = store i32 %tmp_10, i32 %p_ZZ22low_pass_filter_secondRN3hls6streamINS_4axisI8ap_fixedILi32ELi10EL9ap_q_mod_19" [low_pass_filter_second.cpp:39]   --->   Operation 133 'store' 'store_ln39' <Predicate = (trunc_ln39)> <Delay = 0.00>
ST_1 : Operation 134 [1/1] (0.00ns)   --->   "%store_ln39 = store i32 %tmp_11, i32 %p_ZZ22low_pass_filter_secondRN3hls6streamINS_4axisI8ap_fixedILi32ELi10EL9ap_q_mod" [low_pass_filter_second.cpp:39]   --->   Operation 134 'store' 'store_ln39' <Predicate = (trunc_ln39)> <Delay = 0.00>
ST_1 : Operation 135 [1/1] (0.00ns)   --->   "%store_ln39 = store i32 %tmp_12, i32 %p_ZZ22low_pass_filter_secondRN3hls6streamINS_4axisI8ap_fixedILi32ELi10EL9ap_q_mod_1" [low_pass_filter_second.cpp:39]   --->   Operation 135 'store' 'store_ln39' <Predicate = (trunc_ln39)> <Delay = 0.00>
ST_1 : Operation 136 [1/1] (0.00ns)   --->   "%store_ln39 = store i32 %r_V_7, i32 %p_ZZ22low_pass_filter_secondRN3hls6streamINS_4axisI8ap_fixedILi32ELi10EL9ap_q_mod_2" [low_pass_filter_second.cpp:39]   --->   Operation 136 'store' 'store_ln39' <Predicate = (trunc_ln39)> <Delay = 0.00>
ST_1 : Operation 137 [1/1] (0.00ns)   --->   "%store_ln39 = store i32 %r_V_6, i32 %p_ZZ22low_pass_filter_secondRN3hls6streamINS_4axisI8ap_fixedILi32ELi10EL9ap_q_mod_3" [low_pass_filter_second.cpp:39]   --->   Operation 137 'store' 'store_ln39' <Predicate = (trunc_ln39)> <Delay = 0.00>
ST_1 : Operation 138 [1/1] (0.00ns)   --->   "%store_ln39 = store i32 %r_V_5, i32 %p_ZZ22low_pass_filter_secondRN3hls6streamINS_4axisI8ap_fixedILi32ELi10EL9ap_q_mod_4" [low_pass_filter_second.cpp:39]   --->   Operation 138 'store' 'store_ln39' <Predicate = (trunc_ln39)> <Delay = 0.00>
ST_1 : Operation 139 [1/1] (0.00ns)   --->   "%store_ln39 = store i32 %r_V_4, i32 %p_ZZ22low_pass_filter_secondRN3hls6streamINS_4axisI8ap_fixedILi32ELi10EL9ap_q_mod_5" [low_pass_filter_second.cpp:39]   --->   Operation 139 'store' 'store_ln39' <Predicate = (trunc_ln39)> <Delay = 0.00>
ST_1 : Operation 140 [1/1] (0.00ns)   --->   "%store_ln39 = store i32 %r_V_3, i32 %p_ZZ22low_pass_filter_secondRN3hls6streamINS_4axisI8ap_fixedILi32ELi10EL9ap_q_mod_6" [low_pass_filter_second.cpp:39]   --->   Operation 140 'store' 'store_ln39' <Predicate = (trunc_ln39)> <Delay = 0.00>
ST_1 : Operation 141 [1/1] (0.00ns)   --->   "%store_ln39 = store i32 %r_V_2, i32 %p_ZZ22low_pass_filter_secondRN3hls6streamINS_4axisI8ap_fixedILi32ELi10EL9ap_q_mod_9" [low_pass_filter_second.cpp:39]   --->   Operation 141 'store' 'store_ln39' <Predicate = (trunc_ln39)> <Delay = 0.00>
ST_1 : Operation 142 [1/1] (0.00ns)   --->   "%store_ln39 = store i32 %r_V_1, i32 %p_ZZ22low_pass_filter_secondRN3hls6streamINS_4axisI8ap_fixedILi32ELi10EL9ap_q_mod_20" [low_pass_filter_second.cpp:39]   --->   Operation 142 'store' 'store_ln39' <Predicate = (trunc_ln39)> <Delay = 0.00>
ST_1 : Operation 143 [1/1] (0.00ns)   --->   "%store_ln41 = store i32 %tmp_data_V_1, i32 %p_ZZ22low_pass_filter_secondRN3hls6streamINS_4axisI8ap_fixedILi32ELi10EL9ap_q_mod_21" [low_pass_filter_second.cpp:41]   --->   Operation 143 'store' 'store_ln41' <Predicate = (trunc_ln39)> <Delay = 0.00>
ST_1 : Operation 144 [1/1] (1.58ns)   --->   "%br_ln41 = br void %arrayidx184.0.0.0610.20.exit" [low_pass_filter_second.cpp:41]   --->   Operation 144 'br' 'br_ln41' <Predicate = (trunc_ln39)> <Delay = 1.58>
ST_1 : Operation 145 [1/1] (1.58ns)   --->   "%tmp_13 = mux i16 @_ssdm_op_Mux.ap_auto.2i16.i33, i16 1294, i16 151, i33 %sext_ln39"   --->   Operation 145 'mux' 'tmp_13' <Predicate = true> <Delay = 1.58> <CoreInst = "Multiplexer">   --->   Core 76 'Multiplexer' <Latency = 0> <II = 1> <Delay = 1.58> <FuncUnit> <Opcode : 'mux'> <InPorts = 2> <OutPorts = 1>
ST_1 : Operation 146 [1/1] (1.58ns)   --->   "%tmp_14 = mux i16 @_ssdm_op_Mux.ap_auto.2i16.i33, i16 65203, i16 65183, i33 %sext_ln39"   --->   Operation 146 'mux' 'tmp_14' <Predicate = true> <Delay = 1.58> <CoreInst = "Multiplexer">   --->   Core 76 'Multiplexer' <Latency = 0> <II = 1> <Delay = 1.58> <FuncUnit> <Opcode : 'mux'> <InPorts = 2> <OutPorts = 1>
ST_1 : Operation 147 [1/1] (1.58ns)   --->   "%tmp_16 = mux i16 @_ssdm_op_Mux.ap_auto.2i16.i33, i16 88, i16 531, i33 %sext_ln39"   --->   Operation 147 'mux' 'tmp_16' <Predicate = true> <Delay = 1.58> <CoreInst = "Multiplexer">   --->   Core 76 'Multiplexer' <Latency = 0> <II = 1> <Delay = 1.58> <FuncUnit> <Opcode : 'mux'> <InPorts = 2> <OutPorts = 1>

State 2 <SV = 1> <Delay = 6.91>
ST_2 : Operation 148 [1/1] (0.00ns)   --->   "%mux_case_1721 = phi i32 %tmp_1, void %arrayidx184.0.0.0610.20.case.1, i32 %p_ZZ22low_pass_filter_secondRN3hls6streamINS_4axisI8ap_fixedILi32ELi10EL9ap_q_mod_45, void %arrayidx184.0.0.0610.20.case.0" [low_pass_filter_second.cpp:39]   --->   Operation 148 'phi' 'mux_case_1721' <Predicate = true> <Delay = 0.00>
ST_2 : Operation 149 [1/1] (0.00ns)   --->   "%mux_case_0720 = phi i32 %p_ZZ22low_pass_filter_secondRN3hls6streamINS_4axisI8ap_fixedILi32ELi10EL9ap_q_mod_44, void %arrayidx184.0.0.0610.20.case.1, i32 %tmp_1, void %arrayidx184.0.0.0610.20.case.0" [low_pass_filter_second.cpp:39]   --->   Operation 149 'phi' 'mux_case_0720' <Predicate = true> <Delay = 0.00>
ST_2 : Operation 150 [1/1] (0.00ns)   --->   "%mux_case_1717 = phi i32 %tmp_2, void %arrayidx184.0.0.0610.20.case.1, i32 %p_ZZ22low_pass_filter_secondRN3hls6streamINS_4axisI8ap_fixedILi32ELi10EL9ap_q_mod_47, void %arrayidx184.0.0.0610.20.case.0" [low_pass_filter_second.cpp:39]   --->   Operation 150 'phi' 'mux_case_1717' <Predicate = true> <Delay = 0.00>
ST_2 : Operation 151 [1/1] (0.00ns)   --->   "%mux_case_0716 = phi i32 %p_ZZ22low_pass_filter_secondRN3hls6streamINS_4axisI8ap_fixedILi32ELi10EL9ap_q_mod_46, void %arrayidx184.0.0.0610.20.case.1, i32 %tmp_2, void %arrayidx184.0.0.0610.20.case.0" [low_pass_filter_second.cpp:39]   --->   Operation 151 'phi' 'mux_case_0716' <Predicate = true> <Delay = 0.00>
ST_2 : Operation 152 [1/1] (0.00ns)   --->   "%mux_case_1713 = phi i32 %tmp_3, void %arrayidx184.0.0.0610.20.case.1, i32 %p_ZZ22low_pass_filter_secondRN3hls6streamINS_4axisI8ap_fixedILi32ELi10EL9ap_q_mod_49, void %arrayidx184.0.0.0610.20.case.0" [low_pass_filter_second.cpp:39]   --->   Operation 152 'phi' 'mux_case_1713' <Predicate = true> <Delay = 0.00>
ST_2 : Operation 153 [1/1] (0.00ns)   --->   "%mux_case_0712 = phi i32 %p_ZZ22low_pass_filter_secondRN3hls6streamINS_4axisI8ap_fixedILi32ELi10EL9ap_q_mod_48, void %arrayidx184.0.0.0610.20.case.1, i32 %tmp_3, void %arrayidx184.0.0.0610.20.case.0" [low_pass_filter_second.cpp:39]   --->   Operation 153 'phi' 'mux_case_0712' <Predicate = true> <Delay = 0.00>
ST_2 : Operation 154 [1/1] (0.00ns)   --->   "%mux_case_1709 = phi i32 %tmp_4, void %arrayidx184.0.0.0610.20.case.1, i32 %p_ZZ22low_pass_filter_secondRN3hls6streamINS_4axisI8ap_fixedILi32ELi10EL9ap_q_mod_51, void %arrayidx184.0.0.0610.20.case.0" [low_pass_filter_second.cpp:39]   --->   Operation 154 'phi' 'mux_case_1709' <Predicate = true> <Delay = 0.00>
ST_2 : Operation 155 [1/1] (0.00ns)   --->   "%mux_case_0708 = phi i32 %p_ZZ22low_pass_filter_secondRN3hls6streamINS_4axisI8ap_fixedILi32ELi10EL9ap_q_mod_50, void %arrayidx184.0.0.0610.20.case.1, i32 %tmp_4, void %arrayidx184.0.0.0610.20.case.0" [low_pass_filter_second.cpp:39]   --->   Operation 155 'phi' 'mux_case_0708' <Predicate = true> <Delay = 0.00>
ST_2 : Operation 156 [1/1] (0.00ns)   --->   "%mux_case_1705 = phi i32 %tmp_5, void %arrayidx184.0.0.0610.20.case.1, i32 %p_ZZ22low_pass_filter_secondRN3hls6streamINS_4axisI8ap_fixedILi32ELi10EL9ap_q_mod_53, void %arrayidx184.0.0.0610.20.case.0" [low_pass_filter_second.cpp:39]   --->   Operation 156 'phi' 'mux_case_1705' <Predicate = true> <Delay = 0.00>
ST_2 : Operation 157 [1/1] (0.00ns)   --->   "%mux_case_0704 = phi i32 %p_ZZ22low_pass_filter_secondRN3hls6streamINS_4axisI8ap_fixedILi32ELi10EL9ap_q_mod_52, void %arrayidx184.0.0.0610.20.case.1, i32 %tmp_5, void %arrayidx184.0.0.0610.20.case.0" [low_pass_filter_second.cpp:39]   --->   Operation 157 'phi' 'mux_case_0704' <Predicate = true> <Delay = 0.00>
ST_2 : Operation 158 [1/1] (0.00ns)   --->   "%mux_case_1701 = phi i32 %tmp_6, void %arrayidx184.0.0.0610.20.case.1, i32 %p_ZZ22low_pass_filter_secondRN3hls6streamINS_4axisI8ap_fixedILi32ELi10EL9ap_q_mod_55, void %arrayidx184.0.0.0610.20.case.0" [low_pass_filter_second.cpp:39]   --->   Operation 158 'phi' 'mux_case_1701' <Predicate = true> <Delay = 0.00>
ST_2 : Operation 159 [1/1] (0.00ns)   --->   "%mux_case_0700 = phi i32 %p_ZZ22low_pass_filter_secondRN3hls6streamINS_4axisI8ap_fixedILi32ELi10EL9ap_q_mod_54, void %arrayidx184.0.0.0610.20.case.1, i32 %tmp_6, void %arrayidx184.0.0.0610.20.case.0" [low_pass_filter_second.cpp:39]   --->   Operation 159 'phi' 'mux_case_0700' <Predicate = true> <Delay = 0.00>
ST_2 : Operation 160 [1/1] (0.00ns)   --->   "%mux_case_1697 = phi i32 %tmp_7, void %arrayidx184.0.0.0610.20.case.1, i32 %p_ZZ22low_pass_filter_secondRN3hls6streamINS_4axisI8ap_fixedILi32ELi10EL9ap_q_mod_57, void %arrayidx184.0.0.0610.20.case.0" [low_pass_filter_second.cpp:39]   --->   Operation 160 'phi' 'mux_case_1697' <Predicate = true> <Delay = 0.00>
ST_2 : Operation 161 [1/1] (0.00ns)   --->   "%mux_case_0696 = phi i32 %p_ZZ22low_pass_filter_secondRN3hls6streamINS_4axisI8ap_fixedILi32ELi10EL9ap_q_mod_56, void %arrayidx184.0.0.0610.20.case.1, i32 %tmp_7, void %arrayidx184.0.0.0610.20.case.0" [low_pass_filter_second.cpp:39]   --->   Operation 161 'phi' 'mux_case_0696' <Predicate = true> <Delay = 0.00>
ST_2 : Operation 162 [1/1] (0.00ns)   --->   "%mux_case_1693 = phi i32 %tmp_8, void %arrayidx184.0.0.0610.20.case.1, i32 %p_ZZ22low_pass_filter_secondRN3hls6streamINS_4axisI8ap_fixedILi32ELi10EL9ap_q_mod_59, void %arrayidx184.0.0.0610.20.case.0" [low_pass_filter_second.cpp:39]   --->   Operation 162 'phi' 'mux_case_1693' <Predicate = true> <Delay = 0.00>
ST_2 : Operation 163 [1/1] (0.00ns)   --->   "%mux_case_0692 = phi i32 %p_ZZ22low_pass_filter_secondRN3hls6streamINS_4axisI8ap_fixedILi32ELi10EL9ap_q_mod_58, void %arrayidx184.0.0.0610.20.case.1, i32 %tmp_8, void %arrayidx184.0.0.0610.20.case.0" [low_pass_filter_second.cpp:39]   --->   Operation 163 'phi' 'mux_case_0692' <Predicate = true> <Delay = 0.00>
ST_2 : Operation 164 [1/1] (0.00ns)   --->   "%mux_case_1689 = phi i32 %tmp_9, void %arrayidx184.0.0.0610.20.case.1, i32 %p_ZZ22low_pass_filter_secondRN3hls6streamINS_4axisI8ap_fixedILi32ELi10EL9ap_q_mod_61, void %arrayidx184.0.0.0610.20.case.0" [low_pass_filter_second.cpp:39]   --->   Operation 164 'phi' 'mux_case_1689' <Predicate = true> <Delay = 0.00>
ST_2 : Operation 165 [1/1] (0.00ns)   --->   "%mux_case_0688 = phi i32 %p_ZZ22low_pass_filter_secondRN3hls6streamINS_4axisI8ap_fixedILi32ELi10EL9ap_q_mod_60, void %arrayidx184.0.0.0610.20.case.1, i32 %tmp_9, void %arrayidx184.0.0.0610.20.case.0" [low_pass_filter_second.cpp:39]   --->   Operation 165 'phi' 'mux_case_0688' <Predicate = true> <Delay = 0.00>
ST_2 : Operation 166 [1/1] (0.00ns)   --->   "%mux_case_1685 = phi i32 %tmp_s, void %arrayidx184.0.0.0610.20.case.1, i32 %p_ZZ22low_pass_filter_secondRN3hls6streamINS_4axisI8ap_fixedILi32ELi10EL9ap_q_mod_63, void %arrayidx184.0.0.0610.20.case.0" [low_pass_filter_second.cpp:39]   --->   Operation 166 'phi' 'mux_case_1685' <Predicate = true> <Delay = 0.00>
ST_2 : Operation 167 [1/1] (0.00ns)   --->   "%mux_case_0684 = phi i32 %p_ZZ22low_pass_filter_secondRN3hls6streamINS_4axisI8ap_fixedILi32ELi10EL9ap_q_mod_62, void %arrayidx184.0.0.0610.20.case.1, i32 %tmp_s, void %arrayidx184.0.0.0610.20.case.0" [low_pass_filter_second.cpp:39]   --->   Operation 167 'phi' 'mux_case_0684' <Predicate = true> <Delay = 0.00>
ST_2 : Operation 168 [1/1] (0.00ns)   --->   "%mux_case_06768448518818919259399779951034 = phi i32 %p_ZZ22low_pass_filter_secondRN3hls6streamINS_4axisI8ap_fixedILi32ELi10EL9ap_q_mod_66, void %arrayidx184.0.0.0610.20.case.1, i32 %tmp_11, void %arrayidx184.0.0.0610.20.case.0" [low_pass_filter_second.cpp:39]   --->   Operation 168 'phi' 'mux_case_06768448518818919259399779951034' <Predicate = true> <Delay = 0.00>
ST_2 : Operation 169 [1/1] (0.00ns)   --->   "%mux_case_16778428538798939239419759971032 = phi i32 %tmp_11, void %arrayidx184.0.0.0610.20.case.1, i32 %p_ZZ22low_pass_filter_secondRN3hls6streamINS_4axisI8ap_fixedILi32ELi10EL9ap_q_mod_67, void %arrayidx184.0.0.0610.20.case.0" [low_pass_filter_second.cpp:39]   --->   Operation 169 'phi' 'mux_case_16778428538798939239419759971032' <Predicate = true> <Delay = 0.00>
ST_2 : Operation 170 [1/1] (0.00ns)   --->   "%mux_case_16818248408558778959219439739991030 = phi i32 %tmp_10, void %arrayidx184.0.0.0610.20.case.1, i32 %p_ZZ22low_pass_filter_secondRN3hls6streamINS_4axisI8ap_fixedILi32ELi10EL9ap_q_mod_65, void %arrayidx184.0.0.0610.20.case.0" [low_pass_filter_second.cpp:39]   --->   Operation 170 'phi' 'mux_case_16818248408558778959219439739991030' <Predicate = true> <Delay = 0.00>
ST_2 : Operation 171 [1/1] (0.00ns)   --->   "%mux_case_068082683885787589791994597110011028 = phi i32 %p_ZZ22low_pass_filter_secondRN3hls6streamINS_4axisI8ap_fixedILi32ELi10EL9ap_q_mod_64, void %arrayidx184.0.0.0610.20.case.1, i32 %tmp_10, void %arrayidx184.0.0.0610.20.case.0" [low_pass_filter_second.cpp:39]   --->   Operation 171 'phi' 'mux_case_068082683885787589791994597110011028' <Predicate = true> <Delay = 0.00>
ST_2 : Operation 172 [1/1] (0.00ns)   --->   "%mux_case_167385987389991794796910031026 = phi i32 %tmp_12, void %arrayidx184.0.0.0610.20.case.1, i32 %p_ZZ22low_pass_filter_secondRN3hls6streamINS_4axisI8ap_fixedILi32ELi10EL9ap_q_mod_69, void %arrayidx184.0.0.0610.20.case.0" [low_pass_filter_second.cpp:39]   --->   Operation 172 'phi' 'mux_case_167385987389991794796910031026' <Predicate = true> <Delay = 0.00>
ST_2 : Operation 173 [1/1] (0.00ns)   --->   "%mux_case_067286187190191594996710051024 = phi i32 %p_ZZ22low_pass_filter_secondRN3hls6streamINS_4axisI8ap_fixedILi32ELi10EL9ap_q_mod_68, void %arrayidx184.0.0.0610.20.case.1, i32 %tmp_12, void %arrayidx184.0.0.0610.20.case.0" [low_pass_filter_second.cpp:39]   --->   Operation 173 'phi' 'mux_case_067286187190191594996710051024' <Predicate = true> <Delay = 0.00>
ST_2 : Operation 174 [1/1] (0.00ns)   --->   "%sext_ln1316 = sext i32 %tmp_data_V_1"   --->   Operation 174 'sext' 'sext_ln1316' <Predicate = true> <Delay = 0.00>
ST_2 : Operation 175 [1/1] (0.00ns)   --->   "%sext_ln1316_1 = sext i16 %tmp_13"   --->   Operation 175 'sext' 'sext_ln1316_1' <Predicate = true> <Delay = 0.00>
ST_2 : Operation 176 [2/2] (6.91ns)   --->   "%mul_ln1316 = mul i47 %sext_ln1316, i47 %sext_ln1316_1"   --->   Operation 176 'mul' 'mul_ln1316' <Predicate = true> <Delay = 6.91> <CoreInst = "Multiplier">   --->   Core 3 'Multiplier' <Latency = 1> <II = 1> <Delay = 6.91> <FuncUnit> <Opcode : 'mul'> <InPorts = 2> <OutPorts = 1>
ST_2 : Operation 177 [1/1] (0.00ns)   --->   "%sext_ln1393 = sext i32 %r_V_1"   --->   Operation 177 'sext' 'sext_ln1393' <Predicate = true> <Delay = 0.00>
ST_2 : Operation 178 [1/1] (0.00ns)   --->   "%sext_ln1393_1 = sext i16 %tmp_14"   --->   Operation 178 'sext' 'sext_ln1393_1' <Predicate = true> <Delay = 0.00>
ST_2 : Operation 179 [2/2] (6.91ns)   --->   "%mul_ln1393 = mul i47 %sext_ln1393, i47 %sext_ln1393_1"   --->   Operation 179 'mul' 'mul_ln1393' <Predicate = true> <Delay = 6.91> <CoreInst = "Multiplier">   --->   Core 3 'Multiplier' <Latency = 1> <II = 1> <Delay = 6.91> <FuncUnit> <Opcode : 'mul'> <InPorts = 2> <OutPorts = 1>
ST_2 : Operation 180 [1/1] (0.00ns)   --->   "%sext_ln1393_2 = sext i32 %r_V_2"   --->   Operation 180 'sext' 'sext_ln1393_2' <Predicate = true> <Delay = 0.00>
ST_2 : Operation 181 [1/1] (0.00ns)   --->   "%sext_ln1393_3 = sext i16 %tmp_16"   --->   Operation 181 'sext' 'sext_ln1393_3' <Predicate = true> <Delay = 0.00>
ST_2 : Operation 182 [2/2] (6.91ns)   --->   "%mul_ln1393_1 = mul i47 %sext_ln1393_2, i47 %sext_ln1393_3"   --->   Operation 182 'mul' 'mul_ln1393_1' <Predicate = true> <Delay = 6.91> <CoreInst = "Multiplier">   --->   Core 3 'Multiplier' <Latency = 1> <II = 1> <Delay = 6.91> <FuncUnit> <Opcode : 'mul'> <InPorts = 2> <OutPorts = 1>
ST_2 : Operation 183 [1/1] (1.58ns)   --->   "%tmp_18 = mux i16 @_ssdm_op_Mux.ap_auto.2i16.i33, i16 213, i16 65104, i33 %sext_ln39"   --->   Operation 183 'mux' 'tmp_18' <Predicate = true> <Delay = 1.58> <CoreInst = "Multiplexer">   --->   Core 76 'Multiplexer' <Latency = 0> <II = 1> <Delay = 1.58> <FuncUnit> <Opcode : 'mux'> <InPorts = 2> <OutPorts = 1>
ST_2 : Operation 184 [1/1] (1.58ns)   --->   "%tmp_20 = mux i16 @_ssdm_op_Mux.ap_auto.2i16.i33, i16 64922, i16 135, i33 %sext_ln39"   --->   Operation 184 'mux' 'tmp_20' <Predicate = true> <Delay = 1.58> <CoreInst = "Multiplexer">   --->   Core 76 'Multiplexer' <Latency = 0> <II = 1> <Delay = 1.58> <FuncUnit> <Opcode : 'mux'> <InPorts = 2> <OutPorts = 1>
ST_2 : Operation 185 [1/1] (1.58ns)   --->   "%r_V_8 = mux i32 @_ssdm_op_Mux.ap_auto.2i32.i33, i32 %mux_case_067286187190191594996710051024, i32 %mux_case_167385987389991794796910031026, i33 %sext_ln39"   --->   Operation 185 'mux' 'r_V_8' <Predicate = true> <Delay = 1.58> <CoreInst = "Multiplexer">   --->   Core 76 'Multiplexer' <Latency = 0> <II = 1> <Delay = 1.58> <FuncUnit> <Opcode : 'mux'> <InPorts = 2> <OutPorts = 1>
ST_2 : Operation 186 [1/1] (1.58ns)   --->   "%r_V_9 = mux i32 @_ssdm_op_Mux.ap_auto.2i32.i33, i32 %mux_case_06768448518818919259399779951034, i32 %mux_case_16778428538798939239419759971032, i33 %sext_ln39"   --->   Operation 186 'mux' 'r_V_9' <Predicate = true> <Delay = 1.58> <CoreInst = "Multiplexer">   --->   Core 76 'Multiplexer' <Latency = 0> <II = 1> <Delay = 1.58> <FuncUnit> <Opcode : 'mux'> <InPorts = 2> <OutPorts = 1>
ST_2 : Operation 187 [1/1] (1.58ns)   --->   "%r_V_10 = mux i32 @_ssdm_op_Mux.ap_auto.2i32.i33, i32 %mux_case_068082683885787589791994597110011028, i32 %mux_case_16818248408558778959219439739991030, i33 %sext_ln39"   --->   Operation 187 'mux' 'r_V_10' <Predicate = true> <Delay = 1.58> <CoreInst = "Multiplexer">   --->   Core 76 'Multiplexer' <Latency = 0> <II = 1> <Delay = 1.58> <FuncUnit> <Opcode : 'mux'> <InPorts = 2> <OutPorts = 1>
ST_2 : Operation 188 [1/1] (1.58ns)   --->   "%r_V_11 = mux i32 @_ssdm_op_Mux.ap_auto.2i32.i33, i32 %mux_case_0684, i32 %mux_case_1685, i33 %sext_ln39"   --->   Operation 188 'mux' 'r_V_11' <Predicate = true> <Delay = 1.58> <CoreInst = "Multiplexer">   --->   Core 76 'Multiplexer' <Latency = 0> <II = 1> <Delay = 1.58> <FuncUnit> <Opcode : 'mux'> <InPorts = 2> <OutPorts = 1>
ST_2 : Operation 189 [1/1] (1.58ns)   --->   "%r_V_12 = mux i32 @_ssdm_op_Mux.ap_auto.2i32.i33, i32 %mux_case_0688, i32 %mux_case_1689, i33 %sext_ln39"   --->   Operation 189 'mux' 'r_V_12' <Predicate = true> <Delay = 1.58> <CoreInst = "Multiplexer">   --->   Core 76 'Multiplexer' <Latency = 0> <II = 1> <Delay = 1.58> <FuncUnit> <Opcode : 'mux'> <InPorts = 2> <OutPorts = 1>
ST_2 : Operation 190 [1/1] (1.58ns)   --->   "%r_V_13 = mux i32 @_ssdm_op_Mux.ap_auto.2i32.i33, i32 %mux_case_0692, i32 %mux_case_1693, i33 %sext_ln39"   --->   Operation 190 'mux' 'r_V_13' <Predicate = true> <Delay = 1.58> <CoreInst = "Multiplexer">   --->   Core 76 'Multiplexer' <Latency = 0> <II = 1> <Delay = 1.58> <FuncUnit> <Opcode : 'mux'> <InPorts = 2> <OutPorts = 1>
ST_2 : Operation 191 [1/1] (1.58ns)   --->   "%r_V_14 = mux i32 @_ssdm_op_Mux.ap_auto.2i32.i33, i32 %mux_case_0696, i32 %mux_case_1697, i33 %sext_ln39"   --->   Operation 191 'mux' 'r_V_14' <Predicate = true> <Delay = 1.58> <CoreInst = "Multiplexer">   --->   Core 76 'Multiplexer' <Latency = 0> <II = 1> <Delay = 1.58> <FuncUnit> <Opcode : 'mux'> <InPorts = 2> <OutPorts = 1>
ST_2 : Operation 192 [1/1] (1.58ns)   --->   "%r_V_15 = mux i32 @_ssdm_op_Mux.ap_auto.2i32.i33, i32 %mux_case_0700, i32 %mux_case_1701, i33 %sext_ln39"   --->   Operation 192 'mux' 'r_V_15' <Predicate = true> <Delay = 1.58> <CoreInst = "Multiplexer">   --->   Core 76 'Multiplexer' <Latency = 0> <II = 1> <Delay = 1.58> <FuncUnit> <Opcode : 'mux'> <InPorts = 2> <OutPorts = 1>
ST_2 : Operation 193 [1/1] (1.58ns)   --->   "%r_V_16 = mux i32 @_ssdm_op_Mux.ap_auto.2i32.i33, i32 %mux_case_0704, i32 %mux_case_1705, i33 %sext_ln39"   --->   Operation 193 'mux' 'r_V_16' <Predicate = true> <Delay = 1.58> <CoreInst = "Multiplexer">   --->   Core 76 'Multiplexer' <Latency = 0> <II = 1> <Delay = 1.58> <FuncUnit> <Opcode : 'mux'> <InPorts = 2> <OutPorts = 1>
ST_2 : Operation 194 [1/1] (1.58ns)   --->   "%r_V_17 = mux i32 @_ssdm_op_Mux.ap_auto.2i32.i33, i32 %mux_case_0708, i32 %mux_case_1709, i33 %sext_ln39"   --->   Operation 194 'mux' 'r_V_17' <Predicate = true> <Delay = 1.58> <CoreInst = "Multiplexer">   --->   Core 76 'Multiplexer' <Latency = 0> <II = 1> <Delay = 1.58> <FuncUnit> <Opcode : 'mux'> <InPorts = 2> <OutPorts = 1>
ST_2 : Operation 195 [1/1] (1.58ns)   --->   "%r_V_18 = mux i32 @_ssdm_op_Mux.ap_auto.2i32.i33, i32 %mux_case_0712, i32 %mux_case_1713, i33 %sext_ln39"   --->   Operation 195 'mux' 'r_V_18' <Predicate = true> <Delay = 1.58> <CoreInst = "Multiplexer">   --->   Core 76 'Multiplexer' <Latency = 0> <II = 1> <Delay = 1.58> <FuncUnit> <Opcode : 'mux'> <InPorts = 2> <OutPorts = 1>
ST_2 : Operation 196 [1/1] (1.58ns)   --->   "%r_V_19 = mux i32 @_ssdm_op_Mux.ap_auto.2i32.i33, i32 %mux_case_0716, i32 %mux_case_1717, i33 %sext_ln39"   --->   Operation 196 'mux' 'r_V_19' <Predicate = true> <Delay = 1.58> <CoreInst = "Multiplexer">   --->   Core 76 'Multiplexer' <Latency = 0> <II = 1> <Delay = 1.58> <FuncUnit> <Opcode : 'mux'> <InPorts = 2> <OutPorts = 1>
ST_2 : Operation 197 [1/1] (1.58ns)   --->   "%r_V_20 = mux i32 @_ssdm_op_Mux.ap_auto.2i32.i33, i32 %mux_case_0720, i32 %mux_case_1721, i33 %sext_ln39"   --->   Operation 197 'mux' 'r_V_20' <Predicate = true> <Delay = 1.58> <CoreInst = "Multiplexer">   --->   Core 76 'Multiplexer' <Latency = 0> <II = 1> <Delay = 1.58> <FuncUnit> <Opcode : 'mux'> <InPorts = 2> <OutPorts = 1>

State 3 <SV = 2> <Delay = 6.91>
ST_3 : Operation 198 [1/2] (6.91ns)   --->   "%mul_ln1316 = mul i47 %sext_ln1316, i47 %sext_ln1316_1"   --->   Operation 198 'mul' 'mul_ln1316' <Predicate = true> <Delay = 6.91> <CoreInst = "Multiplier">   --->   Core 3 'Multiplier' <Latency = 1> <II = 1> <Delay = 6.91> <FuncUnit> <Opcode : 'mul'> <InPorts = 2> <OutPorts = 1>
ST_3 : Operation 199 [1/2] (6.91ns)   --->   "%mul_ln1393 = mul i47 %sext_ln1393, i47 %sext_ln1393_1"   --->   Operation 199 'mul' 'mul_ln1393' <Predicate = true> <Delay = 6.91> <CoreInst = "Multiplier">   --->   Core 3 'Multiplier' <Latency = 1> <II = 1> <Delay = 6.91> <FuncUnit> <Opcode : 'mul'> <InPorts = 2> <OutPorts = 1>
ST_3 : Operation 200 [1/1] (0.00ns)   --->   "%tmp_15 = partselect i32 @_ssdm_op_PartSelect.i32.i47.i32.i32, i47 %mul_ln1316, i32 15, i32 46"   --->   Operation 200 'partselect' 'tmp_15' <Predicate = true> <Delay = 0.00>
ST_3 : Operation 201 [1/2] (6.91ns)   --->   "%mul_ln1393_1 = mul i47 %sext_ln1393_2, i47 %sext_ln1393_3"   --->   Operation 201 'mul' 'mul_ln1393_1' <Predicate = true> <Delay = 6.91> <CoreInst = "Multiplier">   --->   Core 3 'Multiplier' <Latency = 1> <II = 1> <Delay = 6.91> <FuncUnit> <Opcode : 'mul'> <InPorts = 2> <OutPorts = 1>
ST_3 : Operation 202 [1/1] (0.00ns)   --->   "%sext_ln1393_4 = sext i32 %r_V_3"   --->   Operation 202 'sext' 'sext_ln1393_4' <Predicate = true> <Delay = 0.00>
ST_3 : Operation 203 [1/1] (0.00ns)   --->   "%sext_ln1393_5 = sext i16 %tmp_18"   --->   Operation 203 'sext' 'sext_ln1393_5' <Predicate = true> <Delay = 0.00>
ST_3 : Operation 204 [2/2] (6.91ns)   --->   "%mul_ln1393_2 = mul i47 %sext_ln1393_4, i47 %sext_ln1393_5"   --->   Operation 204 'mul' 'mul_ln1393_2' <Predicate = true> <Delay = 6.91> <CoreInst = "Multiplier">   --->   Core 3 'Multiplier' <Latency = 1> <II = 1> <Delay = 6.91> <FuncUnit> <Opcode : 'mul'> <InPorts = 2> <OutPorts = 1>
ST_3 : Operation 205 [1/1] (0.00ns)   --->   "%sext_ln1393_6 = sext i32 %r_V_4"   --->   Operation 205 'sext' 'sext_ln1393_6' <Predicate = true> <Delay = 0.00>
ST_3 : Operation 206 [1/1] (0.00ns)   --->   "%sext_ln1393_7 = sext i16 %tmp_20"   --->   Operation 206 'sext' 'sext_ln1393_7' <Predicate = true> <Delay = 0.00>
ST_3 : Operation 207 [2/2] (6.91ns)   --->   "%mul_ln1393_3 = mul i47 %sext_ln1393_6, i47 %sext_ln1393_7"   --->   Operation 207 'mul' 'mul_ln1393_3' <Predicate = true> <Delay = 6.91> <CoreInst = "Multiplier">   --->   Core 3 'Multiplier' <Latency = 1> <II = 1> <Delay = 6.91> <FuncUnit> <Opcode : 'mul'> <InPorts = 2> <OutPorts = 1>
ST_3 : Operation 208 [1/1] (1.58ns)   --->   "%tmp_22 = mux i16 @_ssdm_op_Mux.ap_auto.2i16.i33, i16 797, i16 443, i33 %sext_ln39"   --->   Operation 208 'mux' 'tmp_22' <Predicate = true> <Delay = 1.58> <CoreInst = "Multiplexer">   --->   Core 76 'Multiplexer' <Latency = 0> <II = 1> <Delay = 1.58> <FuncUnit> <Opcode : 'mux'> <InPorts = 2> <OutPorts = 1>
ST_3 : Operation 209 [1/1] (1.58ns)   --->   "%tmp_24 = mux i16 @_ssdm_op_Mux.ap_auto.2i16.i33, i16 64822, i16 64486, i33 %sext_ln39"   --->   Operation 209 'mux' 'tmp_24' <Predicate = true> <Delay = 1.58> <CoreInst = "Multiplexer">   --->   Core 76 'Multiplexer' <Latency = 0> <II = 1> <Delay = 1.58> <FuncUnit> <Opcode : 'mux'> <InPorts = 2> <OutPorts = 1>

State 4 <SV = 3> <Delay = 6.91>
ST_4 : Operation 210 [1/1] (0.00ns)   --->   "%lhs_V = bitconcatenate i47 @_ssdm_op_BitConcatenate.i47.i32.i15, i32 %tmp_15, i15 0"   --->   Operation 210 'bitconcatenate' 'lhs_V' <Predicate = true> <Delay = 0.00>
ST_4 : Operation 211 [1/1] (3.07ns)   --->   "%ret_V = add i47 %lhs_V, i47 %mul_ln1393"   --->   Operation 211 'add' 'ret_V' <Predicate = true> <Delay = 3.07> <CoreInst = "Adder">   --->   Core 1 'Adder' <Latency = 0> <II = 1> <Delay = 3.07> <FuncUnit> <Opcode : 'add' 'sub'> <InPorts = 2> <OutPorts = 1>
ST_4 : Operation 212 [1/1] (0.00ns)   --->   "%tmp_17 = partselect i32 @_ssdm_op_PartSelect.i32.i47.i32.i32, i47 %ret_V, i32 15, i32 46"   --->   Operation 212 'partselect' 'tmp_17' <Predicate = true> <Delay = 0.00>
ST_4 : Operation 213 [1/1] (0.00ns)   --->   "%lhs_V_1 = bitconcatenate i47 @_ssdm_op_BitConcatenate.i47.i32.i15, i32 %tmp_17, i15 0"   --->   Operation 213 'bitconcatenate' 'lhs_V_1' <Predicate = true> <Delay = 0.00>
ST_4 : Operation 214 [1/1] (3.07ns)   --->   "%ret_V_1 = add i47 %lhs_V_1, i47 %mul_ln1393_1"   --->   Operation 214 'add' 'ret_V_1' <Predicate = true> <Delay = 3.07> <CoreInst = "Adder">   --->   Core 1 'Adder' <Latency = 0> <II = 1> <Delay = 3.07> <FuncUnit> <Opcode : 'add' 'sub'> <InPorts = 2> <OutPorts = 1>
ST_4 : Operation 215 [1/2] (6.91ns)   --->   "%mul_ln1393_2 = mul i47 %sext_ln1393_4, i47 %sext_ln1393_5"   --->   Operation 215 'mul' 'mul_ln1393_2' <Predicate = true> <Delay = 6.91> <CoreInst = "Multiplier">   --->   Core 3 'Multiplier' <Latency = 1> <II = 1> <Delay = 6.91> <FuncUnit> <Opcode : 'mul'> <InPorts = 2> <OutPorts = 1>
ST_4 : Operation 216 [1/1] (0.00ns)   --->   "%tmp_19 = partselect i32 @_ssdm_op_PartSelect.i32.i47.i32.i32, i47 %ret_V_1, i32 15, i32 46"   --->   Operation 216 'partselect' 'tmp_19' <Predicate = true> <Delay = 0.00>
ST_4 : Operation 217 [1/2] (6.91ns)   --->   "%mul_ln1393_3 = mul i47 %sext_ln1393_6, i47 %sext_ln1393_7"   --->   Operation 217 'mul' 'mul_ln1393_3' <Predicate = true> <Delay = 6.91> <CoreInst = "Multiplier">   --->   Core 3 'Multiplier' <Latency = 1> <II = 1> <Delay = 6.91> <FuncUnit> <Opcode : 'mul'> <InPorts = 2> <OutPorts = 1>
ST_4 : Operation 218 [1/1] (0.00ns)   --->   "%sext_ln1393_8 = sext i32 %r_V_5"   --->   Operation 218 'sext' 'sext_ln1393_8' <Predicate = true> <Delay = 0.00>
ST_4 : Operation 219 [1/1] (0.00ns)   --->   "%sext_ln1393_9 = sext i16 %tmp_22"   --->   Operation 219 'sext' 'sext_ln1393_9' <Predicate = true> <Delay = 0.00>
ST_4 : Operation 220 [2/2] (6.91ns)   --->   "%mul_ln1393_4 = mul i47 %sext_ln1393_8, i47 %sext_ln1393_9"   --->   Operation 220 'mul' 'mul_ln1393_4' <Predicate = true> <Delay = 6.91> <CoreInst = "Multiplier">   --->   Core 3 'Multiplier' <Latency = 1> <II = 1> <Delay = 6.91> <FuncUnit> <Opcode : 'mul'> <InPorts = 2> <OutPorts = 1>
ST_4 : Operation 221 [1/1] (0.00ns)   --->   "%sext_ln1393_10 = sext i32 %r_V_6"   --->   Operation 221 'sext' 'sext_ln1393_10' <Predicate = true> <Delay = 0.00>
ST_4 : Operation 222 [1/1] (0.00ns)   --->   "%sext_ln1393_11 = sext i16 %tmp_24"   --->   Operation 222 'sext' 'sext_ln1393_11' <Predicate = true> <Delay = 0.00>
ST_4 : Operation 223 [2/2] (6.91ns)   --->   "%mul_ln1393_5 = mul i47 %sext_ln1393_10, i47 %sext_ln1393_11"   --->   Operation 223 'mul' 'mul_ln1393_5' <Predicate = true> <Delay = 6.91> <CoreInst = "Multiplier">   --->   Core 3 'Multiplier' <Latency = 1> <II = 1> <Delay = 6.91> <FuncUnit> <Opcode : 'mul'> <InPorts = 2> <OutPorts = 1>
ST_4 : Operation 224 [1/1] (1.58ns)   --->   "%tmp_26 = mux i16 @_ssdm_op_Mux.ap_auto.2i16.i33, i16 121, i16 1525, i33 %sext_ln39"   --->   Operation 224 'mux' 'tmp_26' <Predicate = true> <Delay = 1.58> <CoreInst = "Multiplexer">   --->   Core 76 'Multiplexer' <Latency = 0> <II = 1> <Delay = 1.58> <FuncUnit> <Opcode : 'mux'> <InPorts = 2> <OutPorts = 1>
ST_4 : Operation 225 [1/1] (1.58ns)   --->   "%tmp_28 = mux i16 @_ssdm_op_Mux.ap_auto.2i16.i33, i16 972, i16 64092, i33 %sext_ln39"   --->   Operation 225 'mux' 'tmp_28' <Predicate = true> <Delay = 1.58> <CoreInst = "Multiplexer">   --->   Core 76 'Multiplexer' <Latency = 0> <II = 1> <Delay = 1.58> <FuncUnit> <Opcode : 'mux'> <InPorts = 2> <OutPorts = 1>

State 5 <SV = 4> <Delay = 6.91>
ST_5 : Operation 226 [1/1] (0.00ns)   --->   "%lhs_V_2 = bitconcatenate i47 @_ssdm_op_BitConcatenate.i47.i32.i15, i32 %tmp_19, i15 0"   --->   Operation 226 'bitconcatenate' 'lhs_V_2' <Predicate = true> <Delay = 0.00>
ST_5 : Operation 227 [1/1] (3.07ns)   --->   "%ret_V_2 = add i47 %lhs_V_2, i47 %mul_ln1393_2"   --->   Operation 227 'add' 'ret_V_2' <Predicate = true> <Delay = 3.07> <CoreInst = "Adder">   --->   Core 1 'Adder' <Latency = 0> <II = 1> <Delay = 3.07> <FuncUnit> <Opcode : 'add' 'sub'> <InPorts = 2> <OutPorts = 1>
ST_5 : Operation 228 [1/1] (0.00ns)   --->   "%tmp_21 = partselect i32 @_ssdm_op_PartSelect.i32.i47.i32.i32, i47 %ret_V_2, i32 15, i32 46"   --->   Operation 228 'partselect' 'tmp_21' <Predicate = true> <Delay = 0.00>
ST_5 : Operation 229 [1/1] (0.00ns)   --->   "%lhs_V_3 = bitconcatenate i47 @_ssdm_op_BitConcatenate.i47.i32.i15, i32 %tmp_21, i15 0"   --->   Operation 229 'bitconcatenate' 'lhs_V_3' <Predicate = true> <Delay = 0.00>
ST_5 : Operation 230 [1/1] (3.07ns)   --->   "%ret_V_3 = add i47 %lhs_V_3, i47 %mul_ln1393_3"   --->   Operation 230 'add' 'ret_V_3' <Predicate = true> <Delay = 3.07> <CoreInst = "Adder">   --->   Core 1 'Adder' <Latency = 0> <II = 1> <Delay = 3.07> <FuncUnit> <Opcode : 'add' 'sub'> <InPorts = 2> <OutPorts = 1>
ST_5 : Operation 231 [1/2] (6.91ns)   --->   "%mul_ln1393_4 = mul i47 %sext_ln1393_8, i47 %sext_ln1393_9"   --->   Operation 231 'mul' 'mul_ln1393_4' <Predicate = true> <Delay = 6.91> <CoreInst = "Multiplier">   --->   Core 3 'Multiplier' <Latency = 1> <II = 1> <Delay = 6.91> <FuncUnit> <Opcode : 'mul'> <InPorts = 2> <OutPorts = 1>
ST_5 : Operation 232 [1/1] (0.00ns)   --->   "%tmp_23 = partselect i32 @_ssdm_op_PartSelect.i32.i47.i32.i32, i47 %ret_V_3, i32 15, i32 46"   --->   Operation 232 'partselect' 'tmp_23' <Predicate = true> <Delay = 0.00>
ST_5 : Operation 233 [1/2] (6.91ns)   --->   "%mul_ln1393_5 = mul i47 %sext_ln1393_10, i47 %sext_ln1393_11"   --->   Operation 233 'mul' 'mul_ln1393_5' <Predicate = true> <Delay = 6.91> <CoreInst = "Multiplier">   --->   Core 3 'Multiplier' <Latency = 1> <II = 1> <Delay = 6.91> <FuncUnit> <Opcode : 'mul'> <InPorts = 2> <OutPorts = 1>
ST_5 : Operation 234 [1/1] (0.00ns)   --->   "%sext_ln1393_12 = sext i32 %r_V_7"   --->   Operation 234 'sext' 'sext_ln1393_12' <Predicate = true> <Delay = 0.00>
ST_5 : Operation 235 [1/1] (0.00ns)   --->   "%sext_ln1393_13 = sext i16 %tmp_26"   --->   Operation 235 'sext' 'sext_ln1393_13' <Predicate = true> <Delay = 0.00>
ST_5 : Operation 236 [2/2] (6.91ns)   --->   "%mul_ln1393_6 = mul i47 %sext_ln1393_12, i47 %sext_ln1393_13"   --->   Operation 236 'mul' 'mul_ln1393_6' <Predicate = true> <Delay = 6.91> <CoreInst = "Multiplier">   --->   Core 3 'Multiplier' <Latency = 1> <II = 1> <Delay = 6.91> <FuncUnit> <Opcode : 'mul'> <InPorts = 2> <OutPorts = 1>
ST_5 : Operation 237 [1/1] (0.00ns)   --->   "%sext_ln1393_14 = sext i32 %r_V_8"   --->   Operation 237 'sext' 'sext_ln1393_14' <Predicate = true> <Delay = 0.00>
ST_5 : Operation 238 [1/1] (0.00ns)   --->   "%sext_ln1393_15 = sext i16 %tmp_28"   --->   Operation 238 'sext' 'sext_ln1393_15' <Predicate = true> <Delay = 0.00>
ST_5 : Operation 239 [2/2] (6.91ns)   --->   "%mul_ln1393_7 = mul i47 %sext_ln1393_14, i47 %sext_ln1393_15"   --->   Operation 239 'mul' 'mul_ln1393_7' <Predicate = true> <Delay = 6.91> <CoreInst = "Multiplier">   --->   Core 3 'Multiplier' <Latency = 1> <II = 1> <Delay = 6.91> <FuncUnit> <Opcode : 'mul'> <InPorts = 2> <OutPorts = 1>
ST_5 : Operation 240 [1/1] (1.58ns)   --->   "%tmp_30 = mux i16 @_ssdm_op_Mux.ap_auto.2i16.i33, i16 62766, i16 139, i33 %sext_ln39"   --->   Operation 240 'mux' 'tmp_30' <Predicate = true> <Delay = 1.58> <CoreInst = "Multiplexer">   --->   Core 76 'Multiplexer' <Latency = 0> <II = 1> <Delay = 1.58> <FuncUnit> <Opcode : 'mux'> <InPorts = 2> <OutPorts = 1>
ST_5 : Operation 241 [1/1] (1.58ns)   --->   "%tmp_32 = mux i16 @_ssdm_op_Mux.ap_auto.2i16.i33, i16 6641, i16 12149, i33 %sext_ln39"   --->   Operation 241 'mux' 'tmp_32' <Predicate = true> <Delay = 1.58> <CoreInst = "Multiplexer">   --->   Core 76 'Multiplexer' <Latency = 0> <II = 1> <Delay = 1.58> <FuncUnit> <Opcode : 'mux'> <InPorts = 2> <OutPorts = 1>

State 6 <SV = 5> <Delay = 6.91>
ST_6 : Operation 242 [1/1] (0.00ns)   --->   "%lhs_V_4 = bitconcatenate i47 @_ssdm_op_BitConcatenate.i47.i32.i15, i32 %tmp_23, i15 0"   --->   Operation 242 'bitconcatenate' 'lhs_V_4' <Predicate = true> <Delay = 0.00>
ST_6 : Operation 243 [1/1] (3.07ns)   --->   "%ret_V_4 = add i47 %lhs_V_4, i47 %mul_ln1393_4"   --->   Operation 243 'add' 'ret_V_4' <Predicate = true> <Delay = 3.07> <CoreInst = "Adder">   --->   Core 1 'Adder' <Latency = 0> <II = 1> <Delay = 3.07> <FuncUnit> <Opcode : 'add' 'sub'> <InPorts = 2> <OutPorts = 1>
ST_6 : Operation 244 [1/1] (0.00ns)   --->   "%tmp_25 = partselect i32 @_ssdm_op_PartSelect.i32.i47.i32.i32, i47 %ret_V_4, i32 15, i32 46"   --->   Operation 244 'partselect' 'tmp_25' <Predicate = true> <Delay = 0.00>
ST_6 : Operation 245 [1/1] (0.00ns)   --->   "%lhs_V_5 = bitconcatenate i47 @_ssdm_op_BitConcatenate.i47.i32.i15, i32 %tmp_25, i15 0"   --->   Operation 245 'bitconcatenate' 'lhs_V_5' <Predicate = true> <Delay = 0.00>
ST_6 : Operation 246 [1/1] (3.07ns)   --->   "%ret_V_5 = add i47 %lhs_V_5, i47 %mul_ln1393_5"   --->   Operation 246 'add' 'ret_V_5' <Predicate = true> <Delay = 3.07> <CoreInst = "Adder">   --->   Core 1 'Adder' <Latency = 0> <II = 1> <Delay = 3.07> <FuncUnit> <Opcode : 'add' 'sub'> <InPorts = 2> <OutPorts = 1>
ST_6 : Operation 247 [1/2] (6.91ns)   --->   "%mul_ln1393_6 = mul i47 %sext_ln1393_12, i47 %sext_ln1393_13"   --->   Operation 247 'mul' 'mul_ln1393_6' <Predicate = true> <Delay = 6.91> <CoreInst = "Multiplier">   --->   Core 3 'Multiplier' <Latency = 1> <II = 1> <Delay = 6.91> <FuncUnit> <Opcode : 'mul'> <InPorts = 2> <OutPorts = 1>
ST_6 : Operation 248 [1/1] (0.00ns)   --->   "%tmp_27 = partselect i32 @_ssdm_op_PartSelect.i32.i47.i32.i32, i47 %ret_V_5, i32 15, i32 46"   --->   Operation 248 'partselect' 'tmp_27' <Predicate = true> <Delay = 0.00>
ST_6 : Operation 249 [1/2] (6.91ns)   --->   "%mul_ln1393_7 = mul i47 %sext_ln1393_14, i47 %sext_ln1393_15"   --->   Operation 249 'mul' 'mul_ln1393_7' <Predicate = true> <Delay = 6.91> <CoreInst = "Multiplier">   --->   Core 3 'Multiplier' <Latency = 1> <II = 1> <Delay = 6.91> <FuncUnit> <Opcode : 'mul'> <InPorts = 2> <OutPorts = 1>
ST_6 : Operation 250 [1/1] (0.00ns)   --->   "%sext_ln1393_16 = sext i32 %r_V_9"   --->   Operation 250 'sext' 'sext_ln1393_16' <Predicate = true> <Delay = 0.00>
ST_6 : Operation 251 [1/1] (0.00ns)   --->   "%sext_ln1393_17 = sext i16 %tmp_30"   --->   Operation 251 'sext' 'sext_ln1393_17' <Predicate = true> <Delay = 0.00>
ST_6 : Operation 252 [2/2] (6.91ns)   --->   "%mul_ln1393_8 = mul i47 %sext_ln1393_16, i47 %sext_ln1393_17"   --->   Operation 252 'mul' 'mul_ln1393_8' <Predicate = true> <Delay = 6.91> <CoreInst = "Multiplier">   --->   Core 3 'Multiplier' <Latency = 1> <II = 1> <Delay = 6.91> <FuncUnit> <Opcode : 'mul'> <InPorts = 2> <OutPorts = 1>
ST_6 : Operation 253 [1/1] (0.00ns)   --->   "%sext_ln1393_18 = sext i32 %r_V_10"   --->   Operation 253 'sext' 'sext_ln1393_18' <Predicate = true> <Delay = 0.00>
ST_6 : Operation 254 [1/1] (0.00ns)   --->   "%sext_ln1393_19 = sext i16 %tmp_32"   --->   Operation 254 'sext' 'sext_ln1393_19' <Predicate = true> <Delay = 0.00>
ST_6 : Operation 255 [2/2] (6.91ns)   --->   "%mul_ln1393_9 = mul i47 %sext_ln1393_18, i47 %sext_ln1393_19"   --->   Operation 255 'mul' 'mul_ln1393_9' <Predicate = true> <Delay = 6.91> <CoreInst = "Multiplier">   --->   Core 3 'Multiplier' <Latency = 1> <II = 1> <Delay = 6.91> <FuncUnit> <Opcode : 'mul'> <InPorts = 2> <OutPorts = 1>
ST_6 : Operation 256 [1/1] (1.58ns)   --->   "%tmp_34 = mux i16 @_ssdm_op_Mux.ap_auto.2i16.i33, i16 12149, i16 6641, i33 %sext_ln39"   --->   Operation 256 'mux' 'tmp_34' <Predicate = true> <Delay = 1.58> <CoreInst = "Multiplexer">   --->   Core 76 'Multiplexer' <Latency = 0> <II = 1> <Delay = 1.58> <FuncUnit> <Opcode : 'mux'> <InPorts = 2> <OutPorts = 1>
ST_6 : Operation 257 [1/1] (1.58ns)   --->   "%tmp_36 = mux i16 @_ssdm_op_Mux.ap_auto.2i16.i33, i16 139, i16 62766, i33 %sext_ln39"   --->   Operation 257 'mux' 'tmp_36' <Predicate = true> <Delay = 1.58> <CoreInst = "Multiplexer">   --->   Core 76 'Multiplexer' <Latency = 0> <II = 1> <Delay = 1.58> <FuncUnit> <Opcode : 'mux'> <InPorts = 2> <OutPorts = 1>

State 7 <SV = 6> <Delay = 6.91>
ST_7 : Operation 258 [1/1] (0.00ns)   --->   "%lhs_V_6 = bitconcatenate i47 @_ssdm_op_BitConcatenate.i47.i32.i15, i32 %tmp_27, i15 0"   --->   Operation 258 'bitconcatenate' 'lhs_V_6' <Predicate = true> <Delay = 0.00>
ST_7 : Operation 259 [1/1] (3.07ns)   --->   "%ret_V_6 = add i47 %lhs_V_6, i47 %mul_ln1393_6"   --->   Operation 259 'add' 'ret_V_6' <Predicate = true> <Delay = 3.07> <CoreInst = "Adder">   --->   Core 1 'Adder' <Latency = 0> <II = 1> <Delay = 3.07> <FuncUnit> <Opcode : 'add' 'sub'> <InPorts = 2> <OutPorts = 1>
ST_7 : Operation 260 [1/1] (0.00ns)   --->   "%tmp_29 = partselect i32 @_ssdm_op_PartSelect.i32.i47.i32.i32, i47 %ret_V_6, i32 15, i32 46"   --->   Operation 260 'partselect' 'tmp_29' <Predicate = true> <Delay = 0.00>
ST_7 : Operation 261 [1/1] (0.00ns)   --->   "%lhs_V_7 = bitconcatenate i47 @_ssdm_op_BitConcatenate.i47.i32.i15, i32 %tmp_29, i15 0"   --->   Operation 261 'bitconcatenate' 'lhs_V_7' <Predicate = true> <Delay = 0.00>
ST_7 : Operation 262 [1/1] (3.07ns)   --->   "%ret_V_7 = add i47 %lhs_V_7, i47 %mul_ln1393_7"   --->   Operation 262 'add' 'ret_V_7' <Predicate = true> <Delay = 3.07> <CoreInst = "Adder">   --->   Core 1 'Adder' <Latency = 0> <II = 1> <Delay = 3.07> <FuncUnit> <Opcode : 'add' 'sub'> <InPorts = 2> <OutPorts = 1>
ST_7 : Operation 263 [1/2] (6.91ns)   --->   "%mul_ln1393_8 = mul i47 %sext_ln1393_16, i47 %sext_ln1393_17"   --->   Operation 263 'mul' 'mul_ln1393_8' <Predicate = true> <Delay = 6.91> <CoreInst = "Multiplier">   --->   Core 3 'Multiplier' <Latency = 1> <II = 1> <Delay = 6.91> <FuncUnit> <Opcode : 'mul'> <InPorts = 2> <OutPorts = 1>
ST_7 : Operation 264 [1/1] (0.00ns)   --->   "%tmp_31 = partselect i32 @_ssdm_op_PartSelect.i32.i47.i32.i32, i47 %ret_V_7, i32 15, i32 46"   --->   Operation 264 'partselect' 'tmp_31' <Predicate = true> <Delay = 0.00>
ST_7 : Operation 265 [1/2] (6.91ns)   --->   "%mul_ln1393_9 = mul i47 %sext_ln1393_18, i47 %sext_ln1393_19"   --->   Operation 265 'mul' 'mul_ln1393_9' <Predicate = true> <Delay = 6.91> <CoreInst = "Multiplier">   --->   Core 3 'Multiplier' <Latency = 1> <II = 1> <Delay = 6.91> <FuncUnit> <Opcode : 'mul'> <InPorts = 2> <OutPorts = 1>
ST_7 : Operation 266 [1/1] (0.00ns)   --->   "%sext_ln1393_20 = sext i32 %r_V_11"   --->   Operation 266 'sext' 'sext_ln1393_20' <Predicate = true> <Delay = 0.00>
ST_7 : Operation 267 [1/1] (0.00ns)   --->   "%sext_ln1393_21 = sext i16 %tmp_34"   --->   Operation 267 'sext' 'sext_ln1393_21' <Predicate = true> <Delay = 0.00>
ST_7 : Operation 268 [2/2] (6.91ns)   --->   "%mul_ln1393_10 = mul i47 %sext_ln1393_20, i47 %sext_ln1393_21"   --->   Operation 268 'mul' 'mul_ln1393_10' <Predicate = true> <Delay = 6.91> <CoreInst = "Multiplier">   --->   Core 3 'Multiplier' <Latency = 1> <II = 1> <Delay = 6.91> <FuncUnit> <Opcode : 'mul'> <InPorts = 2> <OutPorts = 1>
ST_7 : Operation 269 [1/1] (0.00ns)   --->   "%sext_ln1393_22 = sext i32 %r_V_12"   --->   Operation 269 'sext' 'sext_ln1393_22' <Predicate = true> <Delay = 0.00>
ST_7 : Operation 270 [1/1] (0.00ns)   --->   "%sext_ln1393_23 = sext i16 %tmp_36"   --->   Operation 270 'sext' 'sext_ln1393_23' <Predicate = true> <Delay = 0.00>
ST_7 : Operation 271 [2/2] (6.91ns)   --->   "%mul_ln1393_11 = mul i47 %sext_ln1393_22, i47 %sext_ln1393_23"   --->   Operation 271 'mul' 'mul_ln1393_11' <Predicate = true> <Delay = 6.91> <CoreInst = "Multiplier">   --->   Core 3 'Multiplier' <Latency = 1> <II = 1> <Delay = 6.91> <FuncUnit> <Opcode : 'mul'> <InPorts = 2> <OutPorts = 1>
ST_7 : Operation 272 [1/1] (1.58ns)   --->   "%tmp_38 = mux i16 @_ssdm_op_Mux.ap_auto.2i16.i33, i16 64092, i16 972, i33 %sext_ln39"   --->   Operation 272 'mux' 'tmp_38' <Predicate = true> <Delay = 1.58> <CoreInst = "Multiplexer">   --->   Core 76 'Multiplexer' <Latency = 0> <II = 1> <Delay = 1.58> <FuncUnit> <Opcode : 'mux'> <InPorts = 2> <OutPorts = 1>
ST_7 : Operation 273 [1/1] (1.58ns)   --->   "%tmp_40 = mux i16 @_ssdm_op_Mux.ap_auto.2i16.i33, i16 1525, i16 121, i33 %sext_ln39"   --->   Operation 273 'mux' 'tmp_40' <Predicate = true> <Delay = 1.58> <CoreInst = "Multiplexer">   --->   Core 76 'Multiplexer' <Latency = 0> <II = 1> <Delay = 1.58> <FuncUnit> <Opcode : 'mux'> <InPorts = 2> <OutPorts = 1>

State 8 <SV = 7> <Delay = 6.91>
ST_8 : Operation 274 [1/1] (0.00ns)   --->   "%lhs_V_8 = bitconcatenate i47 @_ssdm_op_BitConcatenate.i47.i32.i15, i32 %tmp_31, i15 0"   --->   Operation 274 'bitconcatenate' 'lhs_V_8' <Predicate = true> <Delay = 0.00>
ST_8 : Operation 275 [1/1] (3.07ns)   --->   "%ret_V_8 = add i47 %lhs_V_8, i47 %mul_ln1393_8"   --->   Operation 275 'add' 'ret_V_8' <Predicate = true> <Delay = 3.07> <CoreInst = "Adder">   --->   Core 1 'Adder' <Latency = 0> <II = 1> <Delay = 3.07> <FuncUnit> <Opcode : 'add' 'sub'> <InPorts = 2> <OutPorts = 1>
ST_8 : Operation 276 [1/1] (0.00ns)   --->   "%tmp_33 = partselect i32 @_ssdm_op_PartSelect.i32.i47.i32.i32, i47 %ret_V_8, i32 15, i32 46"   --->   Operation 276 'partselect' 'tmp_33' <Predicate = true> <Delay = 0.00>
ST_8 : Operation 277 [1/1] (0.00ns)   --->   "%lhs_V_9 = bitconcatenate i47 @_ssdm_op_BitConcatenate.i47.i32.i15, i32 %tmp_33, i15 0"   --->   Operation 277 'bitconcatenate' 'lhs_V_9' <Predicate = true> <Delay = 0.00>
ST_8 : Operation 278 [1/1] (3.07ns)   --->   "%ret_V_9 = add i47 %lhs_V_9, i47 %mul_ln1393_9"   --->   Operation 278 'add' 'ret_V_9' <Predicate = true> <Delay = 3.07> <CoreInst = "Adder">   --->   Core 1 'Adder' <Latency = 0> <II = 1> <Delay = 3.07> <FuncUnit> <Opcode : 'add' 'sub'> <InPorts = 2> <OutPorts = 1>
ST_8 : Operation 279 [1/2] (6.91ns)   --->   "%mul_ln1393_10 = mul i47 %sext_ln1393_20, i47 %sext_ln1393_21"   --->   Operation 279 'mul' 'mul_ln1393_10' <Predicate = true> <Delay = 6.91> <CoreInst = "Multiplier">   --->   Core 3 'Multiplier' <Latency = 1> <II = 1> <Delay = 6.91> <FuncUnit> <Opcode : 'mul'> <InPorts = 2> <OutPorts = 1>
ST_8 : Operation 280 [1/1] (0.00ns)   --->   "%tmp_35 = partselect i32 @_ssdm_op_PartSelect.i32.i47.i32.i32, i47 %ret_V_9, i32 15, i32 46"   --->   Operation 280 'partselect' 'tmp_35' <Predicate = true> <Delay = 0.00>
ST_8 : Operation 281 [1/2] (6.91ns)   --->   "%mul_ln1393_11 = mul i47 %sext_ln1393_22, i47 %sext_ln1393_23"   --->   Operation 281 'mul' 'mul_ln1393_11' <Predicate = true> <Delay = 6.91> <CoreInst = "Multiplier">   --->   Core 3 'Multiplier' <Latency = 1> <II = 1> <Delay = 6.91> <FuncUnit> <Opcode : 'mul'> <InPorts = 2> <OutPorts = 1>
ST_8 : Operation 282 [1/1] (0.00ns)   --->   "%sext_ln1393_24 = sext i32 %r_V_13"   --->   Operation 282 'sext' 'sext_ln1393_24' <Predicate = true> <Delay = 0.00>
ST_8 : Operation 283 [1/1] (0.00ns)   --->   "%sext_ln1393_25 = sext i16 %tmp_38"   --->   Operation 283 'sext' 'sext_ln1393_25' <Predicate = true> <Delay = 0.00>
ST_8 : Operation 284 [2/2] (6.91ns)   --->   "%mul_ln1393_12 = mul i47 %sext_ln1393_24, i47 %sext_ln1393_25"   --->   Operation 284 'mul' 'mul_ln1393_12' <Predicate = true> <Delay = 6.91> <CoreInst = "Multiplier">   --->   Core 3 'Multiplier' <Latency = 1> <II = 1> <Delay = 6.91> <FuncUnit> <Opcode : 'mul'> <InPorts = 2> <OutPorts = 1>
ST_8 : Operation 285 [1/1] (0.00ns)   --->   "%sext_ln1393_26 = sext i32 %r_V_14"   --->   Operation 285 'sext' 'sext_ln1393_26' <Predicate = true> <Delay = 0.00>
ST_8 : Operation 286 [1/1] (0.00ns)   --->   "%sext_ln1393_27 = sext i16 %tmp_40"   --->   Operation 286 'sext' 'sext_ln1393_27' <Predicate = true> <Delay = 0.00>
ST_8 : Operation 287 [2/2] (6.91ns)   --->   "%mul_ln1393_13 = mul i47 %sext_ln1393_26, i47 %sext_ln1393_27"   --->   Operation 287 'mul' 'mul_ln1393_13' <Predicate = true> <Delay = 6.91> <CoreInst = "Multiplier">   --->   Core 3 'Multiplier' <Latency = 1> <II = 1> <Delay = 6.91> <FuncUnit> <Opcode : 'mul'> <InPorts = 2> <OutPorts = 1>
ST_8 : Operation 288 [1/1] (1.58ns)   --->   "%tmp_42 = mux i16 @_ssdm_op_Mux.ap_auto.2i16.i33, i16 64486, i16 64822, i33 %sext_ln39"   --->   Operation 288 'mux' 'tmp_42' <Predicate = true> <Delay = 1.58> <CoreInst = "Multiplexer">   --->   Core 76 'Multiplexer' <Latency = 0> <II = 1> <Delay = 1.58> <FuncUnit> <Opcode : 'mux'> <InPorts = 2> <OutPorts = 1>
ST_8 : Operation 289 [1/1] (1.58ns)   --->   "%tmp_44 = mux i16 @_ssdm_op_Mux.ap_auto.2i16.i33, i16 443, i16 797, i33 %sext_ln39"   --->   Operation 289 'mux' 'tmp_44' <Predicate = true> <Delay = 1.58> <CoreInst = "Multiplexer">   --->   Core 76 'Multiplexer' <Latency = 0> <II = 1> <Delay = 1.58> <FuncUnit> <Opcode : 'mux'> <InPorts = 2> <OutPorts = 1>

State 9 <SV = 8> <Delay = 6.91>
ST_9 : Operation 290 [1/1] (0.00ns)   --->   "%lhs_V_10 = bitconcatenate i47 @_ssdm_op_BitConcatenate.i47.i32.i15, i32 %tmp_35, i15 0"   --->   Operation 290 'bitconcatenate' 'lhs_V_10' <Predicate = true> <Delay = 0.00>
ST_9 : Operation 291 [1/1] (3.07ns)   --->   "%ret_V_10 = add i47 %lhs_V_10, i47 %mul_ln1393_10"   --->   Operation 291 'add' 'ret_V_10' <Predicate = true> <Delay = 3.07> <CoreInst = "Adder">   --->   Core 1 'Adder' <Latency = 0> <II = 1> <Delay = 3.07> <FuncUnit> <Opcode : 'add' 'sub'> <InPorts = 2> <OutPorts = 1>
ST_9 : Operation 292 [1/1] (0.00ns)   --->   "%tmp_37 = partselect i32 @_ssdm_op_PartSelect.i32.i47.i32.i32, i47 %ret_V_10, i32 15, i32 46"   --->   Operation 292 'partselect' 'tmp_37' <Predicate = true> <Delay = 0.00>
ST_9 : Operation 293 [1/1] (0.00ns)   --->   "%lhs_V_11 = bitconcatenate i47 @_ssdm_op_BitConcatenate.i47.i32.i15, i32 %tmp_37, i15 0"   --->   Operation 293 'bitconcatenate' 'lhs_V_11' <Predicate = true> <Delay = 0.00>
ST_9 : Operation 294 [1/1] (3.07ns)   --->   "%ret_V_11 = add i47 %lhs_V_11, i47 %mul_ln1393_11"   --->   Operation 294 'add' 'ret_V_11' <Predicate = true> <Delay = 3.07> <CoreInst = "Adder">   --->   Core 1 'Adder' <Latency = 0> <II = 1> <Delay = 3.07> <FuncUnit> <Opcode : 'add' 'sub'> <InPorts = 2> <OutPorts = 1>
ST_9 : Operation 295 [1/2] (6.91ns)   --->   "%mul_ln1393_12 = mul i47 %sext_ln1393_24, i47 %sext_ln1393_25"   --->   Operation 295 'mul' 'mul_ln1393_12' <Predicate = true> <Delay = 6.91> <CoreInst = "Multiplier">   --->   Core 3 'Multiplier' <Latency = 1> <II = 1> <Delay = 6.91> <FuncUnit> <Opcode : 'mul'> <InPorts = 2> <OutPorts = 1>
ST_9 : Operation 296 [1/1] (0.00ns)   --->   "%tmp_39 = partselect i32 @_ssdm_op_PartSelect.i32.i47.i32.i32, i47 %ret_V_11, i32 15, i32 46"   --->   Operation 296 'partselect' 'tmp_39' <Predicate = true> <Delay = 0.00>
ST_9 : Operation 297 [1/2] (6.91ns)   --->   "%mul_ln1393_13 = mul i47 %sext_ln1393_26, i47 %sext_ln1393_27"   --->   Operation 297 'mul' 'mul_ln1393_13' <Predicate = true> <Delay = 6.91> <CoreInst = "Multiplier">   --->   Core 3 'Multiplier' <Latency = 1> <II = 1> <Delay = 6.91> <FuncUnit> <Opcode : 'mul'> <InPorts = 2> <OutPorts = 1>
ST_9 : Operation 298 [1/1] (0.00ns)   --->   "%sext_ln1393_28 = sext i32 %r_V_15"   --->   Operation 298 'sext' 'sext_ln1393_28' <Predicate = true> <Delay = 0.00>
ST_9 : Operation 299 [1/1] (0.00ns)   --->   "%sext_ln1393_29 = sext i16 %tmp_42"   --->   Operation 299 'sext' 'sext_ln1393_29' <Predicate = true> <Delay = 0.00>
ST_9 : Operation 300 [2/2] (6.91ns)   --->   "%mul_ln1393_14 = mul i47 %sext_ln1393_28, i47 %sext_ln1393_29"   --->   Operation 300 'mul' 'mul_ln1393_14' <Predicate = true> <Delay = 6.91> <CoreInst = "Multiplier">   --->   Core 3 'Multiplier' <Latency = 1> <II = 1> <Delay = 6.91> <FuncUnit> <Opcode : 'mul'> <InPorts = 2> <OutPorts = 1>
ST_9 : Operation 301 [1/1] (0.00ns)   --->   "%sext_ln1393_30 = sext i32 %r_V_16"   --->   Operation 301 'sext' 'sext_ln1393_30' <Predicate = true> <Delay = 0.00>
ST_9 : Operation 302 [1/1] (0.00ns)   --->   "%sext_ln1393_31 = sext i16 %tmp_44"   --->   Operation 302 'sext' 'sext_ln1393_31' <Predicate = true> <Delay = 0.00>
ST_9 : Operation 303 [2/2] (6.91ns)   --->   "%mul_ln1393_15 = mul i47 %sext_ln1393_30, i47 %sext_ln1393_31"   --->   Operation 303 'mul' 'mul_ln1393_15' <Predicate = true> <Delay = 6.91> <CoreInst = "Multiplier">   --->   Core 3 'Multiplier' <Latency = 1> <II = 1> <Delay = 6.91> <FuncUnit> <Opcode : 'mul'> <InPorts = 2> <OutPorts = 1>
ST_9 : Operation 304 [1/1] (1.58ns)   --->   "%tmp_46 = mux i16 @_ssdm_op_Mux.ap_auto.2i16.i33, i16 135, i16 64922, i33 %sext_ln39"   --->   Operation 304 'mux' 'tmp_46' <Predicate = true> <Delay = 1.58> <CoreInst = "Multiplexer">   --->   Core 76 'Multiplexer' <Latency = 0> <II = 1> <Delay = 1.58> <FuncUnit> <Opcode : 'mux'> <InPorts = 2> <OutPorts = 1>
ST_9 : Operation 305 [1/1] (1.58ns)   --->   "%tmp_48 = mux i16 @_ssdm_op_Mux.ap_auto.2i16.i33, i16 65104, i16 213, i33 %sext_ln39"   --->   Operation 305 'mux' 'tmp_48' <Predicate = true> <Delay = 1.58> <CoreInst = "Multiplexer">   --->   Core 76 'Multiplexer' <Latency = 0> <II = 1> <Delay = 1.58> <FuncUnit> <Opcode : 'mux'> <InPorts = 2> <OutPorts = 1>

State 10 <SV = 9> <Delay = 6.91>
ST_10 : Operation 306 [1/1] (0.00ns)   --->   "%lhs_V_12 = bitconcatenate i47 @_ssdm_op_BitConcatenate.i47.i32.i15, i32 %tmp_39, i15 0"   --->   Operation 306 'bitconcatenate' 'lhs_V_12' <Predicate = true> <Delay = 0.00>
ST_10 : Operation 307 [1/1] (3.07ns)   --->   "%ret_V_12 = add i47 %lhs_V_12, i47 %mul_ln1393_12"   --->   Operation 307 'add' 'ret_V_12' <Predicate = true> <Delay = 3.07> <CoreInst = "Adder">   --->   Core 1 'Adder' <Latency = 0> <II = 1> <Delay = 3.07> <FuncUnit> <Opcode : 'add' 'sub'> <InPorts = 2> <OutPorts = 1>
ST_10 : Operation 308 [1/1] (0.00ns)   --->   "%tmp_41 = partselect i32 @_ssdm_op_PartSelect.i32.i47.i32.i32, i47 %ret_V_12, i32 15, i32 46"   --->   Operation 308 'partselect' 'tmp_41' <Predicate = true> <Delay = 0.00>
ST_10 : Operation 309 [1/1] (0.00ns)   --->   "%lhs_V_13 = bitconcatenate i47 @_ssdm_op_BitConcatenate.i47.i32.i15, i32 %tmp_41, i15 0"   --->   Operation 309 'bitconcatenate' 'lhs_V_13' <Predicate = true> <Delay = 0.00>
ST_10 : Operation 310 [1/1] (3.07ns)   --->   "%ret_V_13 = add i47 %lhs_V_13, i47 %mul_ln1393_13"   --->   Operation 310 'add' 'ret_V_13' <Predicate = true> <Delay = 3.07> <CoreInst = "Adder">   --->   Core 1 'Adder' <Latency = 0> <II = 1> <Delay = 3.07> <FuncUnit> <Opcode : 'add' 'sub'> <InPorts = 2> <OutPorts = 1>
ST_10 : Operation 311 [1/2] (6.91ns)   --->   "%mul_ln1393_14 = mul i47 %sext_ln1393_28, i47 %sext_ln1393_29"   --->   Operation 311 'mul' 'mul_ln1393_14' <Predicate = true> <Delay = 6.91> <CoreInst = "Multiplier">   --->   Core 3 'Multiplier' <Latency = 1> <II = 1> <Delay = 6.91> <FuncUnit> <Opcode : 'mul'> <InPorts = 2> <OutPorts = 1>
ST_10 : Operation 312 [1/1] (0.00ns)   --->   "%tmp_43 = partselect i32 @_ssdm_op_PartSelect.i32.i47.i32.i32, i47 %ret_V_13, i32 15, i32 46"   --->   Operation 312 'partselect' 'tmp_43' <Predicate = true> <Delay = 0.00>
ST_10 : Operation 313 [1/2] (6.91ns)   --->   "%mul_ln1393_15 = mul i47 %sext_ln1393_30, i47 %sext_ln1393_31"   --->   Operation 313 'mul' 'mul_ln1393_15' <Predicate = true> <Delay = 6.91> <CoreInst = "Multiplier">   --->   Core 3 'Multiplier' <Latency = 1> <II = 1> <Delay = 6.91> <FuncUnit> <Opcode : 'mul'> <InPorts = 2> <OutPorts = 1>
ST_10 : Operation 314 [1/1] (0.00ns)   --->   "%sext_ln1393_32 = sext i32 %r_V_17"   --->   Operation 314 'sext' 'sext_ln1393_32' <Predicate = true> <Delay = 0.00>
ST_10 : Operation 315 [1/1] (0.00ns)   --->   "%sext_ln1393_33 = sext i16 %tmp_46"   --->   Operation 315 'sext' 'sext_ln1393_33' <Predicate = true> <Delay = 0.00>
ST_10 : Operation 316 [2/2] (6.91ns)   --->   "%mul_ln1393_16 = mul i47 %sext_ln1393_32, i47 %sext_ln1393_33"   --->   Operation 316 'mul' 'mul_ln1393_16' <Predicate = true> <Delay = 6.91> <CoreInst = "Multiplier">   --->   Core 3 'Multiplier' <Latency = 1> <II = 1> <Delay = 6.91> <FuncUnit> <Opcode : 'mul'> <InPorts = 2> <OutPorts = 1>
ST_10 : Operation 317 [1/1] (0.00ns)   --->   "%sext_ln1393_34 = sext i32 %r_V_18"   --->   Operation 317 'sext' 'sext_ln1393_34' <Predicate = true> <Delay = 0.00>
ST_10 : Operation 318 [1/1] (0.00ns)   --->   "%sext_ln1393_35 = sext i16 %tmp_48"   --->   Operation 318 'sext' 'sext_ln1393_35' <Predicate = true> <Delay = 0.00>
ST_10 : Operation 319 [2/2] (6.91ns)   --->   "%mul_ln1393_17 = mul i47 %sext_ln1393_34, i47 %sext_ln1393_35"   --->   Operation 319 'mul' 'mul_ln1393_17' <Predicate = true> <Delay = 6.91> <CoreInst = "Multiplier">   --->   Core 3 'Multiplier' <Latency = 1> <II = 1> <Delay = 6.91> <FuncUnit> <Opcode : 'mul'> <InPorts = 2> <OutPorts = 1>
ST_10 : Operation 320 [1/1] (1.58ns)   --->   "%tmp_50 = mux i16 @_ssdm_op_Mux.ap_auto.2i16.i33, i16 531, i16 88, i33 %sext_ln39"   --->   Operation 320 'mux' 'tmp_50' <Predicate = true> <Delay = 1.58> <CoreInst = "Multiplexer">   --->   Core 76 'Multiplexer' <Latency = 0> <II = 1> <Delay = 1.58> <FuncUnit> <Opcode : 'mux'> <InPorts = 2> <OutPorts = 1>
ST_10 : Operation 321 [1/1] (1.58ns)   --->   "%tmp_52 = mux i16 @_ssdm_op_Mux.ap_auto.2i16.i33, i16 65183, i16 65203, i33 %sext_ln39"   --->   Operation 321 'mux' 'tmp_52' <Predicate = true> <Delay = 1.58> <CoreInst = "Multiplexer">   --->   Core 76 'Multiplexer' <Latency = 0> <II = 1> <Delay = 1.58> <FuncUnit> <Opcode : 'mux'> <InPorts = 2> <OutPorts = 1>

State 11 <SV = 10> <Delay = 6.91>
ST_11 : Operation 322 [1/1] (0.00ns)   --->   "%lhs_V_14 = bitconcatenate i47 @_ssdm_op_BitConcatenate.i47.i32.i15, i32 %tmp_43, i15 0"   --->   Operation 322 'bitconcatenate' 'lhs_V_14' <Predicate = true> <Delay = 0.00>
ST_11 : Operation 323 [1/1] (3.07ns)   --->   "%ret_V_14 = add i47 %lhs_V_14, i47 %mul_ln1393_14"   --->   Operation 323 'add' 'ret_V_14' <Predicate = true> <Delay = 3.07> <CoreInst = "Adder">   --->   Core 1 'Adder' <Latency = 0> <II = 1> <Delay = 3.07> <FuncUnit> <Opcode : 'add' 'sub'> <InPorts = 2> <OutPorts = 1>
ST_11 : Operation 324 [1/1] (0.00ns)   --->   "%tmp_45 = partselect i32 @_ssdm_op_PartSelect.i32.i47.i32.i32, i47 %ret_V_14, i32 15, i32 46"   --->   Operation 324 'partselect' 'tmp_45' <Predicate = true> <Delay = 0.00>
ST_11 : Operation 325 [1/1] (0.00ns)   --->   "%lhs_V_15 = bitconcatenate i47 @_ssdm_op_BitConcatenate.i47.i32.i15, i32 %tmp_45, i15 0"   --->   Operation 325 'bitconcatenate' 'lhs_V_15' <Predicate = true> <Delay = 0.00>
ST_11 : Operation 326 [1/1] (3.07ns)   --->   "%ret_V_15 = add i47 %lhs_V_15, i47 %mul_ln1393_15"   --->   Operation 326 'add' 'ret_V_15' <Predicate = true> <Delay = 3.07> <CoreInst = "Adder">   --->   Core 1 'Adder' <Latency = 0> <II = 1> <Delay = 3.07> <FuncUnit> <Opcode : 'add' 'sub'> <InPorts = 2> <OutPorts = 1>
ST_11 : Operation 327 [1/2] (6.91ns)   --->   "%mul_ln1393_16 = mul i47 %sext_ln1393_32, i47 %sext_ln1393_33"   --->   Operation 327 'mul' 'mul_ln1393_16' <Predicate = true> <Delay = 6.91> <CoreInst = "Multiplier">   --->   Core 3 'Multiplier' <Latency = 1> <II = 1> <Delay = 6.91> <FuncUnit> <Opcode : 'mul'> <InPorts = 2> <OutPorts = 1>
ST_11 : Operation 328 [1/1] (0.00ns)   --->   "%tmp_47 = partselect i32 @_ssdm_op_PartSelect.i32.i47.i32.i32, i47 %ret_V_15, i32 15, i32 46"   --->   Operation 328 'partselect' 'tmp_47' <Predicate = true> <Delay = 0.00>
ST_11 : Operation 329 [1/2] (6.91ns)   --->   "%mul_ln1393_17 = mul i47 %sext_ln1393_34, i47 %sext_ln1393_35"   --->   Operation 329 'mul' 'mul_ln1393_17' <Predicate = true> <Delay = 6.91> <CoreInst = "Multiplier">   --->   Core 3 'Multiplier' <Latency = 1> <II = 1> <Delay = 6.91> <FuncUnit> <Opcode : 'mul'> <InPorts = 2> <OutPorts = 1>
ST_11 : Operation 330 [1/1] (0.00ns)   --->   "%sext_ln1393_36 = sext i32 %r_V_19"   --->   Operation 330 'sext' 'sext_ln1393_36' <Predicate = true> <Delay = 0.00>
ST_11 : Operation 331 [1/1] (0.00ns)   --->   "%sext_ln1393_37 = sext i16 %tmp_50"   --->   Operation 331 'sext' 'sext_ln1393_37' <Predicate = true> <Delay = 0.00>
ST_11 : Operation 332 [2/2] (6.91ns)   --->   "%mul_ln1393_18 = mul i47 %sext_ln1393_36, i47 %sext_ln1393_37"   --->   Operation 332 'mul' 'mul_ln1393_18' <Predicate = true> <Delay = 6.91> <CoreInst = "Multiplier">   --->   Core 3 'Multiplier' <Latency = 1> <II = 1> <Delay = 6.91> <FuncUnit> <Opcode : 'mul'> <InPorts = 2> <OutPorts = 1>
ST_11 : Operation 333 [1/1] (0.00ns)   --->   "%sext_ln1393_38 = sext i32 %r_V_20"   --->   Operation 333 'sext' 'sext_ln1393_38' <Predicate = true> <Delay = 0.00>
ST_11 : Operation 334 [1/1] (0.00ns)   --->   "%sext_ln1393_39 = sext i16 %tmp_52"   --->   Operation 334 'sext' 'sext_ln1393_39' <Predicate = true> <Delay = 0.00>
ST_11 : Operation 335 [2/2] (6.91ns)   --->   "%mul_ln1393_19 = mul i47 %sext_ln1393_38, i47 %sext_ln1393_39"   --->   Operation 335 'mul' 'mul_ln1393_19' <Predicate = true> <Delay = 6.91> <CoreInst = "Multiplier">   --->   Core 3 'Multiplier' <Latency = 1> <II = 1> <Delay = 6.91> <FuncUnit> <Opcode : 'mul'> <InPorts = 2> <OutPorts = 1>
ST_11 : Operation 336 [1/1] (0.00ns)   --->   "%p_ZZ22low_pass_filter_secondRN3hls6streamINS_4axisI8ap_fixedILi32ELi10EL9ap_q_mod_86 = load i32 %p_ZZ22low_pass_filter_secondRN3hls6streamINS_4axisI8ap_fixedILi32ELi10EL9ap_q_mod_29"   --->   Operation 336 'load' 'p_ZZ22low_pass_filter_secondRN3hls6streamINS_4axisI8ap_fixedILi32ELi10EL9ap_q_mod_86' <Predicate = true> <Delay = 0.00>
ST_11 : Operation 337 [1/1] (0.00ns)   --->   "%p_ZZ22low_pass_filter_secondRN3hls6streamINS_4axisI8ap_fixedILi32ELi10EL9ap_q_mod_87 = load i32 %p_ZZ22low_pass_filter_secondRN3hls6streamINS_4axisI8ap_fixedILi32ELi10EL9ap_q_mod_7"   --->   Operation 337 'load' 'p_ZZ22low_pass_filter_secondRN3hls6streamINS_4axisI8ap_fixedILi32ELi10EL9ap_q_mod_87' <Predicate = true> <Delay = 0.00>
ST_11 : Operation 338 [1/1] (1.58ns)   --->   "%r_V_21 = mux i32 @_ssdm_op_Mux.ap_auto.2i32.i33, i32 %p_ZZ22low_pass_filter_secondRN3hls6streamINS_4axisI8ap_fixedILi32ELi10EL9ap_q_mod_86, i32 %p_ZZ22low_pass_filter_secondRN3hls6streamINS_4axisI8ap_fixedILi32ELi10EL9ap_q_mod_87, i33 %sext_ln39"   --->   Operation 338 'mux' 'r_V_21' <Predicate = true> <Delay = 1.58> <CoreInst = "Multiplexer">   --->   Core 76 'Multiplexer' <Latency = 0> <II = 1> <Delay = 1.58> <FuncUnit> <Opcode : 'mux'> <InPorts = 2> <OutPorts = 1>
ST_11 : Operation 339 [1/1] (1.58ns)   --->   "%tmp_54 = mux i16 @_ssdm_op_Mux.ap_auto.2i16.i33, i16 151, i16 1294, i33 %sext_ln39"   --->   Operation 339 'mux' 'tmp_54' <Predicate = true> <Delay = 1.58> <CoreInst = "Multiplexer">   --->   Core 76 'Multiplexer' <Latency = 0> <II = 1> <Delay = 1.58> <FuncUnit> <Opcode : 'mux'> <InPorts = 2> <OutPorts = 1>

State 12 <SV = 11> <Delay = 6.91>
ST_12 : Operation 340 [1/1] (0.00ns)   --->   "%lhs_V_16 = bitconcatenate i47 @_ssdm_op_BitConcatenate.i47.i32.i15, i32 %tmp_47, i15 0"   --->   Operation 340 'bitconcatenate' 'lhs_V_16' <Predicate = true> <Delay = 0.00>
ST_12 : Operation 341 [1/1] (3.07ns)   --->   "%ret_V_16 = add i47 %lhs_V_16, i47 %mul_ln1393_16"   --->   Operation 341 'add' 'ret_V_16' <Predicate = true> <Delay = 3.07> <CoreInst = "Adder">   --->   Core 1 'Adder' <Latency = 0> <II = 1> <Delay = 3.07> <FuncUnit> <Opcode : 'add' 'sub'> <InPorts = 2> <OutPorts = 1>
ST_12 : Operation 342 [1/1] (0.00ns)   --->   "%tmp_49 = partselect i32 @_ssdm_op_PartSelect.i32.i47.i32.i32, i47 %ret_V_16, i32 15, i32 46"   --->   Operation 342 'partselect' 'tmp_49' <Predicate = true> <Delay = 0.00>
ST_12 : Operation 343 [1/1] (0.00ns)   --->   "%lhs_V_17 = bitconcatenate i47 @_ssdm_op_BitConcatenate.i47.i32.i15, i32 %tmp_49, i15 0"   --->   Operation 343 'bitconcatenate' 'lhs_V_17' <Predicate = true> <Delay = 0.00>
ST_12 : Operation 344 [1/1] (3.07ns)   --->   "%ret_V_17 = add i47 %lhs_V_17, i47 %mul_ln1393_17"   --->   Operation 344 'add' 'ret_V_17' <Predicate = true> <Delay = 3.07> <CoreInst = "Adder">   --->   Core 1 'Adder' <Latency = 0> <II = 1> <Delay = 3.07> <FuncUnit> <Opcode : 'add' 'sub'> <InPorts = 2> <OutPorts = 1>
ST_12 : Operation 345 [1/2] (6.91ns)   --->   "%mul_ln1393_18 = mul i47 %sext_ln1393_36, i47 %sext_ln1393_37"   --->   Operation 345 'mul' 'mul_ln1393_18' <Predicate = true> <Delay = 6.91> <CoreInst = "Multiplier">   --->   Core 3 'Multiplier' <Latency = 1> <II = 1> <Delay = 6.91> <FuncUnit> <Opcode : 'mul'> <InPorts = 2> <OutPorts = 1>
ST_12 : Operation 346 [1/1] (0.00ns)   --->   "%tmp_51 = partselect i32 @_ssdm_op_PartSelect.i32.i47.i32.i32, i47 %ret_V_17, i32 15, i32 46"   --->   Operation 346 'partselect' 'tmp_51' <Predicate = true> <Delay = 0.00>
ST_12 : Operation 347 [1/2] (6.91ns)   --->   "%mul_ln1393_19 = mul i47 %sext_ln1393_38, i47 %sext_ln1393_39"   --->   Operation 347 'mul' 'mul_ln1393_19' <Predicate = true> <Delay = 6.91> <CoreInst = "Multiplier">   --->   Core 3 'Multiplier' <Latency = 1> <II = 1> <Delay = 6.91> <FuncUnit> <Opcode : 'mul'> <InPorts = 2> <OutPorts = 1>
ST_12 : Operation 348 [1/1] (0.00ns)   --->   "%sext_ln1393_40 = sext i32 %r_V_21"   --->   Operation 348 'sext' 'sext_ln1393_40' <Predicate = true> <Delay = 0.00>
ST_12 : Operation 349 [1/1] (0.00ns)   --->   "%sext_ln1393_41 = sext i16 %tmp_54"   --->   Operation 349 'sext' 'sext_ln1393_41' <Predicate = true> <Delay = 0.00>
ST_12 : Operation 350 [2/2] (6.91ns)   --->   "%mul_ln1393_20 = mul i47 %sext_ln1393_40, i47 %sext_ln1393_41"   --->   Operation 350 'mul' 'mul_ln1393_20' <Predicate = true> <Delay = 6.91> <CoreInst = "Multiplier">   --->   Core 3 'Multiplier' <Latency = 1> <II = 1> <Delay = 6.91> <FuncUnit> <Opcode : 'mul'> <InPorts = 2> <OutPorts = 1>

State 13 <SV = 12> <Delay = 6.91>
ST_13 : Operation 351 [1/1] (0.00ns)   --->   "%lhs_V_18 = bitconcatenate i47 @_ssdm_op_BitConcatenate.i47.i32.i15, i32 %tmp_51, i15 0"   --->   Operation 351 'bitconcatenate' 'lhs_V_18' <Predicate = true> <Delay = 0.00>
ST_13 : Operation 352 [1/1] (3.07ns)   --->   "%ret_V_18 = add i47 %lhs_V_18, i47 %mul_ln1393_18"   --->   Operation 352 'add' 'ret_V_18' <Predicate = true> <Delay = 3.07> <CoreInst = "Adder">   --->   Core 1 'Adder' <Latency = 0> <II = 1> <Delay = 3.07> <FuncUnit> <Opcode : 'add' 'sub'> <InPorts = 2> <OutPorts = 1>
ST_13 : Operation 353 [1/1] (0.00ns)   --->   "%tmp_53 = partselect i32 @_ssdm_op_PartSelect.i32.i47.i32.i32, i47 %ret_V_18, i32 15, i32 46"   --->   Operation 353 'partselect' 'tmp_53' <Predicate = true> <Delay = 0.00>
ST_13 : Operation 354 [1/1] (0.00ns)   --->   "%lhs_V_19 = bitconcatenate i47 @_ssdm_op_BitConcatenate.i47.i32.i15, i32 %tmp_53, i15 0"   --->   Operation 354 'bitconcatenate' 'lhs_V_19' <Predicate = true> <Delay = 0.00>
ST_13 : Operation 355 [1/1] (3.07ns)   --->   "%ret_V_19 = add i47 %lhs_V_19, i47 %mul_ln1393_19"   --->   Operation 355 'add' 'ret_V_19' <Predicate = true> <Delay = 3.07> <CoreInst = "Adder">   --->   Core 1 'Adder' <Latency = 0> <II = 1> <Delay = 3.07> <FuncUnit> <Opcode : 'add' 'sub'> <InPorts = 2> <OutPorts = 1>
ST_13 : Operation 356 [1/2] (6.91ns)   --->   "%mul_ln1393_20 = mul i47 %sext_ln1393_40, i47 %sext_ln1393_41"   --->   Operation 356 'mul' 'mul_ln1393_20' <Predicate = true> <Delay = 6.91> <CoreInst = "Multiplier">   --->   Core 3 'Multiplier' <Latency = 1> <II = 1> <Delay = 6.91> <FuncUnit> <Opcode : 'mul'> <InPorts = 2> <OutPorts = 1>
ST_13 : Operation 357 [1/1] (0.00ns)   --->   "%tmp_55 = partselect i32 @_ssdm_op_PartSelect.i32.i47.i32.i32, i47 %ret_V_19, i32 15, i32 46"   --->   Operation 357 'partselect' 'tmp_55' <Predicate = true> <Delay = 0.00>

State 14 <SV = 13> <Delay = 5.62>
ST_14 : Operation 358 [1/1] (0.00ns)   --->   "%lhs_V_20 = bitconcatenate i47 @_ssdm_op_BitConcatenate.i47.i32.i15, i32 %tmp_55, i15 0"   --->   Operation 358 'bitconcatenate' 'lhs_V_20' <Predicate = true> <Delay = 0.00>
ST_14 : Operation 359 [1/1] (3.07ns)   --->   "%ret_V_20 = add i47 %lhs_V_20, i47 %mul_ln1393_20"   --->   Operation 359 'add' 'ret_V_20' <Predicate = true> <Delay = 3.07> <CoreInst = "Adder">   --->   Core 1 'Adder' <Latency = 0> <II = 1> <Delay = 3.07> <FuncUnit> <Opcode : 'add' 'sub'> <InPorts = 2> <OutPorts = 1>
ST_14 : Operation 360 [1/1] (0.00ns)   --->   "%sum_each_V = partselect i32 @_ssdm_op_PartSelect.i32.i47.i32.i32, i47 %ret_V_20, i32 15, i32 46"   --->   Operation 360 'partselect' 'sum_each_V' <Predicate = true> <Delay = 0.00>
ST_14 : Operation 361 [1/1] (0.00ns)   --->   "%sum_V_load = load i32 %sum_V"   --->   Operation 361 'load' 'sum_V_load' <Predicate = true> <Delay = 0.00>
ST_14 : Operation 362 [1/1] (0.00ns)   --->   "%trunc_ln1 = partselect i23 @_ssdm_op_PartSelect.i23.i47.i32.i32, i47 %ret_V_20, i32 15, i32 37"   --->   Operation 362 'partselect' 'trunc_ln1' <Predicate = true> <Delay = 0.00>
ST_14 : Operation 363 [1/1] (0.00ns)   --->   "%trunc_ln859 = trunc i32 %sum_V_load"   --->   Operation 363 'trunc' 'trunc_ln859' <Predicate = true> <Delay = 0.00>
ST_14 : Operation 364 [1/1] (2.55ns)   --->   "%add_ln859 = add i32 %sum_V_load, i32 %sum_each_V"   --->   Operation 364 'add' 'add_ln859' <Predicate = true> <Delay = 2.55> <CoreInst = "Adder">   --->   Core 1 'Adder' <Latency = 0> <II = 1> <Delay = 2.55> <FuncUnit> <Opcode : 'add' 'sub'> <InPorts = 2> <OutPorts = 1>
ST_14 : Operation 365 [1/1] (2.28ns)   --->   "%add_ln1065 = add i23 %trunc_ln859, i23 %trunc_ln1"   --->   Operation 365 'add' 'add_ln1065' <Predicate = true> <Delay = 2.28> <CoreInst = "Adder">   --->   Core 1 'Adder' <Latency = 0> <II = 1> <Delay = 2.28> <FuncUnit> <Opcode : 'add' 'sub'> <InPorts = 2> <OutPorts = 1>
ST_14 : Operation 366 [1/1] (0.95ns)   --->   "%icmp_ln1065 = icmp_eq  i2 %count_V_load, i2 1"   --->   Operation 366 'icmp' 'icmp_ln1065' <Predicate = true> <Delay = 0.95> <CoreInst = "Cmp">   --->   Core 9 'Cmp' <Latency = 0> <II = 1> <Delay = 0.95> <FuncUnit> <Opcode : 'icmp'> <InPorts = 2> <OutPorts = 1>
ST_14 : Operation 367 [1/1] (0.00ns)   --->   "%br_ln49 = br i1 %icmp_ln1065, void %if.else, void %if.then" [low_pass_filter_second.cpp:49]   --->   Operation 367 'br' 'br_ln49' <Predicate = true> <Delay = 0.00>
ST_14 : Operation 368 [1/1] (1.56ns)   --->   "%add_ln886 = add i2 %count_V_load, i2 1"   --->   Operation 368 'add' 'add_ln886' <Predicate = (!icmp_ln1065)> <Delay = 1.56> <CoreInst = "Adder">   --->   Core 1 'Adder' <Latency = 0> <II = 1> <Delay = 1.56> <FuncUnit> <Opcode : 'add' 'sub'> <InPorts = 2> <OutPorts = 1>
ST_14 : Operation 369 [1/1] (1.58ns)   --->   "%store_ln886 = store i2 %add_ln886, i2 %count_V"   --->   Operation 369 'store' 'store_ln886' <Predicate = (!icmp_ln1065)> <Delay = 1.58>
ST_14 : Operation 370 [1/1] (1.58ns)   --->   "%br_ln0 = br void %mergeST"   --->   Operation 370 'br' 'br_ln0' <Predicate = (!icmp_ln1065)> <Delay = 1.58>
ST_14 : Operation 371 [1/1] (0.00ns)   --->   "%output_temp_data_V = partselect i16 @_ssdm_op_PartSelect.i16.i23.i32.i32, i23 %add_ln1065, i32 7, i32 22"   --->   Operation 371 'partselect' 'output_temp_data_V' <Predicate = (icmp_ln1065)> <Delay = 0.00>
ST_14 : Operation 372 [2/2] (0.00ns)   --->   "%write_ln304 = write void @_ssdm_op_Write.axis.volatile.i16P0A.i2P0A.i2P0A.i1P0A, i16 %output_r_V_data_V, i2 %output_r_V_keep_V, i2 %output_r_V_strb_V, i1 %output_r_V_last_V, i16 %output_temp_data_V, i2 3, i2 3, i1 %tmp_last_V"   --->   Operation 372 'write' 'write_ln304' <Predicate = (icmp_ln1065)> <Delay = 0.00> <CoreInst = "axis">   --->   Core 115 'axis' <Latency = 0> <II = 1> <Delay = 1.00> <Adapter> <Opcode : >

State 15 <SV = 14> <Delay = 1.58>
ST_15 : Operation 373 [1/1] (1.58ns)   --->   "%store_ln54 = store i2 0, i2 %count_V" [low_pass_filter_second.cpp:54]   --->   Operation 373 'store' 'store_ln54' <Predicate = (icmp_ln1065)> <Delay = 1.58>
ST_15 : Operation 374 [1/2] (0.00ns)   --->   "%write_ln304 = write void @_ssdm_op_Write.axis.volatile.i16P0A.i2P0A.i2P0A.i1P0A, i16 %output_r_V_data_V, i2 %output_r_V_keep_V, i2 %output_r_V_strb_V, i1 %output_r_V_last_V, i16 %output_temp_data_V, i2 3, i2 3, i1 %tmp_last_V"   --->   Operation 374 'write' 'write_ln304' <Predicate = (icmp_ln1065)> <Delay = 0.00> <CoreInst = "axis">   --->   Core 115 'axis' <Latency = 0> <II = 1> <Delay = 1.00> <Adapter> <Opcode : >
ST_15 : Operation 375 [1/1] (1.58ns)   --->   "%br_ln57 = br void %mergeST" [low_pass_filter_second.cpp:57]   --->   Operation 375 'br' 'br_ln57' <Predicate = (icmp_ln1065)> <Delay = 1.58>
ST_15 : Operation 376 [1/1] (0.00ns)   --->   "%sum_V_new_0 = phi i32 0, void %if.then, i32 %add_ln859, void %if.else"   --->   Operation 376 'phi' 'sum_V_new_0' <Predicate = true> <Delay = 0.00>
ST_15 : Operation 377 [1/1] (0.00ns)   --->   "%store_ln859 = store i32 %sum_V_new_0, i32 %sum_V"   --->   Operation 377 'store' 'store_ln859' <Predicate = true> <Delay = 0.00>
ST_15 : Operation 378 [1/1] (0.00ns)   --->   "%ret_ln61 = ret" [low_pass_filter_second.cpp:61]   --->   Operation 378 'ret' 'ret_ln61' <Predicate = true> <Delay = 0.00>


============================================================
+ Verbose Summary: Timing violations
============================================================
Target clock period: 10ns, clock uncertainty: 2.7ns.

 <State 1>: 3.15ns
The critical path consists of the following:
	'load' operation ('count_V_load') on static variable 'count_V' [70]  (0 ns)
	'sub' operation ('sub_i_i226') [71]  (1.56 ns)
	'mux' operation ('tmp', low_pass_filter_second.cpp:39) [75]  (1.59 ns)
	'store' operation ('store_ln39', low_pass_filter_second.cpp:39) of variable 'tmp', low_pass_filter_second.cpp:39 on static variable 'p_ZZ22low_pass_filter_secondRN3hls6streamINS_4axisI8ap_fixedILi32ELi10EL9ap_q_mod_29' [139]  (0 ns)

 <State 2>: 6.91ns
The critical path consists of the following:
	'mul' operation ('mul_ln1316') [216]  (6.91 ns)

 <State 3>: 6.91ns
The critical path consists of the following:
	'mul' operation ('mul_ln1316') [216]  (6.91 ns)

 <State 4>: 6.91ns
The critical path consists of the following:
	'mul' operation ('mul_ln1393_2') [234]  (6.91 ns)

 <State 5>: 6.91ns
The critical path consists of the following:
	'mul' operation ('mul_ln1393_4') [248]  (6.91 ns)

 <State 6>: 6.91ns
The critical path consists of the following:
	'mul' operation ('mul_ln1393_6') [262]  (6.91 ns)

 <State 7>: 6.91ns
The critical path consists of the following:
	'mul' operation ('mul_ln1393_8') [278]  (6.91 ns)

 <State 8>: 6.91ns
The critical path consists of the following:
	'mul' operation ('mul_ln1393_10') [294]  (6.91 ns)

 <State 9>: 6.91ns
The critical path consists of the following:
	'mul' operation ('mul_ln1393_12') [310]  (6.91 ns)

 <State 10>: 6.91ns
The critical path consists of the following:
	'mul' operation ('mul_ln1393_14') [326]  (6.91 ns)

 <State 11>: 6.91ns
The critical path consists of the following:
	'mul' operation ('mul_ln1393_16') [342]  (6.91 ns)

 <State 12>: 6.91ns
The critical path consists of the following:
	'mul' operation ('mul_ln1393_18') [358]  (6.91 ns)

 <State 13>: 6.91ns
The critical path consists of the following:
	'mul' operation ('mul_ln1393_20') [376]  (6.91 ns)

 <State 14>: 5.63ns
The critical path consists of the following:
	'add' operation ('ret.V') [379]  (3.07 ns)
	'add' operation ('add_ln859') [384]  (2.55 ns)

 <State 15>: 1.59ns
The critical path consists of the following:
	'store' operation ('store_ln54', low_pass_filter_second.cpp:54) of constant 0 on static variable 'count_V' [394]  (1.59 ns)


============================================================
+ Verbose Summary: Binding
============================================================
N/A
* FSMD analyzer results:
  - Output states:
 - Input state : 
  - Chain level:
	State 1
	State 2
	State 3
	State 4
	State 5
	State 6
	State 7
	State 8
	State 9
	State 10
	State 11
	State 12
	State 13
	State 14
	State 15


============================================================
+ Verbose Summary: Datapath Resource usage 
============================================================
N/A
